{"type":"FeatureCollection","features":[{"type":"Feature","properties":{"class":"minor","oneway":0},"geometry":{"type":"LineString","coordinates":[[37.59212494,55.77007372],[37.59161532,55.76978403]]}},{"type":"Feature","properties":{"class":"minor","oneway":0},"geometry":{"type":"LineString","coordinates":[[37.59161532,55.76978403],[37.58978605,55.76878218]]}},{"type":"Feature","properties":{"class":"minor","oneway":0},"geometry":{"type":"LineString","coordinates":[[37.58978605,55.76878218],[37.58898675,55.7683597]]}},{"type":"Feature","properties":{"class":"minor","oneway":0},"geometry":{"type":"LineString","coordinates":[[37.58842349,55.77460584],[37.58887947,55.77486532]]}},{"type":"Feature","properties":{"class":"minor","oneway":0},"geometry":{"type":"LineString","coordinates":[[37.58887947,55.77486532],[37.58907795,55.7750192]]}},{"type":"Feature","properties":{"class":"minor","oneway":0},"geometry":{"type":"LineString","coordinates":[[37.58907795,55.7750192],[37.59009182,55.77558039]]}},{"type":"Feature","properties":{"class":"minor","oneway":0},"geometry":{"type":"LineString","coordinates":[[37.58996308,55.77551401],[37.59010255,55.77544462]]}},{"type":"Feature","properties":{"class":"minor","oneway":0},"geometry":{"type":"LineString","coordinates":[[37.59010255,55.77544462],[37.59232879,55.77413515]]}},{"type":"Feature","properties":{"class":"minor","oneway":0},"geometry":{"type":"LineString","coordinates":[[37.59225368,55.77566487],[37.59245753,55.77578857]]}},{"type":"Feature","properties":{"class":"minor","oneway":0},"geometry":{"type":"LineString","coordinates":[[37.59334266,55.77469033],[37.59320855,55.77477481]]}},{"type":"Feature","properties":{"class":"minor","oneway":0},"geometry":{"type":"LineString","coordinates":[[37.59320855,55.77477481],[37.59225368,55.77566487]]}},{"type":"Feature","properties":{"class":"minor","oneway":0},"geometry":{"type":"LineString","coordinates":[[37.59225368,55.77566487],[37.59208739,55.77580668]]}},{"type":"Feature","properties":{"class":"minor","oneway":0},"geometry":{"type":"LineString","coordinates":[[37.59208739,55.77580668],[37.59194791,55.77590322]]}},{"type":"Feature","properties":{"class":"minor","oneway":0},"geometry":{"type":"LineString","coordinates":[[37.59194791,55.77590322],[37.59180844,55.77598167]]}},{"type":"Feature","properties":{"class":"minor","oneway":0},"geometry":{"type":"LineString","coordinates":[[37.59555817,55.77199586],[37.5947535,55.7715523]]}},{"type":"Feature","properties":{"class":"minor","oneway":0},"geometry":{"type":"LineString","coordinates":[[37.5947535,55.7715523],[37.59341776,55.77232778]]}},{"type":"Feature","properties":{"class":"minor","oneway":0},"geometry":{"type":"LineString","coordinates":[[37.59341776,55.77232778],[37.59269357,55.77276228]]}},{"type":"Feature","properties":{"class":"minor","oneway":0},"geometry":{"type":"LineString","coordinates":[[37.59269357,55.77276228],[37.59162605,55.77338083]]}},{"type":"Feature","properties":{"class":"minor","oneway":0},"geometry":{"type":"LineString","coordinates":[[37.59162605,55.77338083],[37.59088576,55.77381834]]}},{"type":"Feature","properties":{"class":"minor","oneway":0},"geometry":{"type":"LineString","coordinates":[[37.59088576,55.77381834],[37.59013474,55.77424981]]}},{"type":"Feature","properties":{"class":"minor","oneway":0},"geometry":{"type":"LineString","coordinates":[[37.59013474,55.77424981],[37.58898139,55.77494377]]}},{"type":"Feature","properties":{"class":"minor","oneway":1},"geometry":{"type":"LineString","coordinates":[[37.59555817,55.77221312],[37.59526849,55.77239416]]}},{"type":"Feature","properties":{"class":"minor","oneway":1},"geometry":{"type":"LineString","coordinates":[[37.59526849,55.77239416],[37.59263456,55.77395412]]}},{"type":"Feature","properties":{"class":"minor","oneway":1},"geometry":{"type":"LineString","coordinates":[[37.59269357,55.77276228],[37.59276867,55.77283771]]}},{"type":"Feature","properties":{"class":"minor","oneway":1},"geometry":{"type":"LineString","coordinates":[[37.59276867,55.77283771],[37.59369135,55.77332652]]}},{"type":"Feature","properties":{"class":"minor","oneway":1},"geometry":{"type":"LineString","coordinates":[[37.59174943,55.76517892],[37.59339094,55.76402001]]}},{"type":"Feature","properties":{"class":"minor","oneway":1},"geometry":{"type":"LineString","coordinates":[[37.58884192,55.77077379],[37.58980215,55.77127168]]}},{"type":"Feature","properties":{"class":"minor","oneway":1},"geometry":{"type":"LineString","coordinates":[[37.58980215,55.77127168],[37.58995771,55.7713441]]}},{"type":"Feature","properties":{"class":"minor","oneway":0},"geometry":{"type":"LineString","coordinates":[[37.59174943,55.76517892],[37.59170115,55.76513063]]}},{"type":"Feature","properties":{"class":"minor","oneway":0},"geometry":{"type":"LineString","coordinates":[[37.59170115,55.76513063],[37.59111106,55.76474735]]}},{"type":"Feature","properties":{"class":"minor","oneway":0},"geometry":{"type":"LineString","coordinates":[[37.59111106,55.76474735],[37.59105742,55.76470208]]}},{"type":"Feature","properties":{"class":"minor","oneway":0},"geometry":{"type":"LineString","coordinates":[[37.59105742,55.76470208],[37.59102523,55.76466285]]}},{"type":"Feature","properties":{"class":"minor","oneway":0},"geometry":{"type":"LineString","coordinates":[[37.59102523,55.76466285],[37.59061217,55.76402001]]}},{"type":"Feature","properties":{"class":"minor","oneway":1},"geometry":{"type":"LineString","coordinates":[[37.59073555,55.76578854],[37.59166896,55.76523626]]}},{"type":"Feature","properties":{"class":"minor","oneway":1},"geometry":{"type":"LineString","coordinates":[[37.59166896,55.76523626],[37.59174943,55.76517892]]}},{"type":"Feature","properties":{"class":"minor","oneway":1},"geometry":{"type":"LineString","coordinates":[[37.59555817,55.76641324],[37.59498417,55.76643738]]}},{"type":"Feature","properties":{"class":"minor","oneway":1},"geometry":{"type":"LineString","coordinates":[[37.59555817,55.76435501],[37.5953275,55.7643188]]}},{"type":"Feature","properties":{"class":"minor","oneway":1},"geometry":{"type":"LineString","coordinates":[[37.5953275,55.7643188],[37.59522021,55.76429465]]}},{"type":"Feature","properties":{"class":"minor","oneway":1},"geometry":{"type":"LineString","coordinates":[[37.59522021,55.76429465],[37.59434044,55.76402001]]}},{"type":"Feature","properties":{"class":"minor","oneway":1},"geometry":{"type":"LineString","coordinates":[[37.59405077,55.77116003],[37.59313881,55.77067421]]}},{"type":"Feature","properties":{"class":"minor","oneway":1},"geometry":{"type":"LineString","coordinates":[[37.59313881,55.77067421],[37.59301543,55.77060179]]}},{"type":"Feature","properties":{"class":"minor","oneway":1},"geometry":{"type":"LineString","coordinates":[[37.59369135,55.77332652],[37.59470522,55.77388472]]}},{"type":"Feature","properties":{"class":"minor","oneway":1},"geometry":{"type":"LineString","coordinates":[[37.59555817,55.76409848],[37.5953275,55.7643188]]}},{"type":"Feature","properties":{"class":"minor","oneway":1},"geometry":{"type":"LineString","coordinates":[[37.59347141,55.76602394],[37.59250581,55.76659129]]}},{"type":"Feature","properties":{"class":"minor","oneway":1},"geometry":{"type":"LineString","coordinates":[[37.59250581,55.76659129],[37.59241462,55.76666372]]}},{"type":"Feature","properties":{"class":"minor","oneway":1},"geometry":{"type":"LineString","coordinates":[[37.5953275,55.7643188],[37.59526312,55.76436708]]}},{"type":"Feature","properties":{"class":"minor","oneway":1},"geometry":{"type":"LineString","coordinates":[[37.59526312,55.76436708],[37.59427071,55.76531774]]}},{"type":"Feature","properties":{"class":"minor","oneway":1},"geometry":{"type":"LineString","coordinates":[[37.59427071,55.76531774],[37.59402394,55.7655622]]}},{"type":"Feature","properties":{"class":"minor","oneway":1},"geometry":{"type":"LineString","coordinates":[[37.59093404,55.77183896],[37.59106278,55.77189025]]}},{"type":"Feature","properties":{"class":"minor","oneway":1},"geometry":{"type":"LineString","coordinates":[[37.59106278,55.77189025],[37.5919801,55.77237304]]}},{"type":"Feature","properties":{"class":"minor","oneway":1},"geometry":{"type":"LineString","coordinates":[[37.5947535,55.7715523],[37.59415805,55.7712234]]}},{"type":"Feature","properties":{"class":"minor","oneway":1},"geometry":{"type":"LineString","coordinates":[[37.59498417,55.76643738],[37.59488761,55.76644342]]}},{"type":"Feature","properties":{"class":"minor","oneway":1},"geometry":{"type":"LineString","coordinates":[[37.59488761,55.76644342],[37.59461939,55.76635892]]}},{"type":"Feature","properties":{"class":"minor","oneway":1},"geometry":{"type":"LineString","coordinates":[[37.59461939,55.76635892],[37.5935787,55.76596358]]}},{"type":"Feature","properties":{"class":"minor","oneway":1},"geometry":{"type":"LineString","coordinates":[[37.5935787,55.76596358],[37.59213567,55.76537509]]}},{"type":"Feature","properties":{"class":"minor","oneway":1},"geometry":{"type":"LineString","coordinates":[[37.59213567,55.76537509],[37.59191036,55.76527851]]}},{"type":"Feature","properties":{"class":"minor","oneway":1},"geometry":{"type":"LineString","coordinates":[[37.59191036,55.76527851],[37.59178698,55.7652091]]}},{"type":"Feature","properties":{"class":"minor","oneway":1},"geometry":{"type":"LineString","coordinates":[[37.59178698,55.7652091],[37.59174943,55.76517892]]}},{"type":"Feature","properties":{"class":"minor","oneway":1},"geometry":{"type":"LineString","coordinates":[[37.59301543,55.77060179],[37.59224832,55.7701552]]}},{"type":"Feature","properties":{"class":"minor","oneway":1},"geometry":{"type":"LineString","coordinates":[[37.59224832,55.7701552],[37.59212494,55.77007372]]}},{"type":"Feature","properties":{"class":"minor","oneway":1},"geometry":{"type":"LineString","coordinates":[[37.58995771,55.7713441],[37.59015083,55.77141953]]}},{"type":"Feature","properties":{"class":"minor","oneway":1},"geometry":{"type":"LineString","coordinates":[[37.59015083,55.77141953],[37.59081602,55.77178464]]}},{"type":"Feature","properties":{"class":"minor","oneway":1},"geometry":{"type":"LineString","coordinates":[[37.59081602,55.77178464],[37.59093404,55.77183896]]}},{"type":"Feature","properties":{"class":"minor","oneway":1},"geometry":{"type":"LineString","coordinates":[[37.59211421,55.77242433],[37.59261847,55.77270193]]}},{"type":"Feature","properties":{"class":"minor","oneway":1},"geometry":{"type":"LineString","coordinates":[[37.59261847,55.77270193],[37.59269357,55.77276228]]}},{"type":"Feature","properties":{"class":"minor","oneway":1},"geometry":{"type":"LineString","coordinates":[[37.5938201,55.77440972],[37.59470522,55.77388472]]}},{"type":"Feature","properties":{"class":"minor","oneway":1},"geometry":{"type":"LineString","coordinates":[[37.59241462,55.76666372],[37.59215713,55.76680556]]}},{"type":"Feature","properties":{"class":"minor","oneway":1},"geometry":{"type":"LineString","coordinates":[[37.59365916,55.76591831],[37.59347141,55.76602394]]}},{"type":"Feature","properties":{"class":"minor","oneway":1},"geometry":{"type":"LineString","coordinates":[[37.59555817,55.7711027],[37.5947535,55.7715523]]}},{"type":"Feature","properties":{"class":"minor","oneway":1},"geometry":{"type":"LineString","coordinates":[[37.59470522,55.77388472],[37.59490907,55.77377007]]}},{"type":"Feature","properties":{"class":"minor","oneway":1},"geometry":{"type":"LineString","coordinates":[[37.59490907,55.77377007],[37.59555817,55.77338083]]}},{"type":"Feature","properties":{"class":"minor","oneway":1},"geometry":{"type":"LineString","coordinates":[[37.59334266,55.77469033],[37.5938201,55.77440972]]}},{"type":"Feature","properties":{"class":"minor","oneway":1},"geometry":{"type":"LineString","coordinates":[[37.59263456,55.77395412],[37.59232879,55.77413515]]}},{"type":"Feature","properties":{"class":"tertiary","oneway":0},"geometry":{"type":"LineString","coordinates":[[37.59457648,55.77545971],[37.59350359,55.77477179]]}},{"type":"Feature","properties":{"class":"tertiary","oneway":0},"geometry":{"type":"LineString","coordinates":[[37.59350359,55.77477179],[37.59313881,55.77458171]]}},{"type":"Feature","properties":{"class":"tertiary","oneway":0},"geometry":{"type":"LineString","coordinates":[[37.59313881,55.77458171],[37.59232879,55.77413515]]}},{"type":"Feature","properties":{"class":"tertiary","oneway":0},"geometry":{"type":"LineString","coordinates":[[37.59232879,55.77413515],[37.59073019,55.773236]]}},{"type":"Feature","properties":{"class":"tertiary","oneway":0},"geometry":{"type":"LineString","coordinates":[[37.59073019,55.773236],[37.59062827,55.77315755]]}},{"type":"Feature","properties":{"class":"tertiary","oneway":0},"geometry":{"type":"LineString","coordinates":[[37.59062827,55.77315755],[37.58975387,55.77267779]]}},{"type":"Feature","properties":{"class":"tertiary","oneway":0},"geometry":{"type":"LineString","coordinates":[[37.58975387,55.77267779],[37.58952856,55.77251787]]}},{"type":"Feature","properties":{"class":"tertiary","oneway":0},"geometry":{"type":"LineString","coordinates":[[37.58952856,55.77251787],[37.58871853,55.7720713]]}},{"type":"Feature","properties":{"class":"tertiary","oneway":1},"geometry":{"type":"LineString","coordinates":[[37.59537041,55.76921069],[37.59530604,55.76922276]]}},{"type":"Feature","properties":{"class":"tertiary","oneway":1},"geometry":{"type":"LineString","coordinates":[[37.59530604,55.76922276],[37.59524703,55.76922276]]}},{"type":"Feature","properties":{"class":"tertiary","oneway":1},"geometry":{"type":"LineString","coordinates":[[37.59524703,55.76922276],[37.59517193,55.76921069]]}},{"type":"Feature","properties":{"class":"tertiary","oneway":1},"geometry":{"type":"LineString","coordinates":[[37.59517193,55.76921069],[37.59511292,55.76919258]]}},{"type":"Feature","properties":{"class":"tertiary","oneway":1},"geometry":{"type":"LineString","coordinates":[[37.59511292,55.76919258],[37.59455502,55.76881236]]}},{"type":"Feature","properties":{"class":"tertiary","oneway":1},"geometry":{"type":"LineString","coordinates":[[37.59455502,55.76881236],[37.59436727,55.76867053]]}},{"type":"Feature","properties":{"class":"tertiary","oneway":1},"geometry":{"type":"LineString","coordinates":[[37.59075165,55.76602092],[37.59064972,55.76599677]]}},{"type":"Feature","properties":{"class":"tertiary","oneway":1},"geometry":{"type":"LineString","coordinates":[[37.59064972,55.76599677],[37.59057999,55.76599074]]}},{"type":"Feature","properties":{"class":"tertiary","oneway":1},"geometry":{"type":"LineString","coordinates":[[37.59057999,55.76599074],[37.59052634,55.76599376]]}},{"type":"Feature","properties":{"class":"tertiary","oneway":1},"geometry":{"type":"LineString","coordinates":[[37.59052634,55.76599376],[37.59047806,55.76600281]]}},{"type":"Feature","properties":{"class":"tertiary","oneway":1},"geometry":{"type":"LineString","coordinates":[[37.59047806,55.76600281],[37.58956075,55.7663227]]}},{"type":"Feature","properties":{"class":"tertiary","oneway":1},"geometry":{"type":"LineString","coordinates":[[37.58956075,55.7663227],[37.58945346,55.76636495]]}},{"type":"Feature","properties":{"class":"tertiary","oneway":1},"geometry":{"type":"LineString","coordinates":[[37.58945346,55.76636495],[37.58937836,55.76641022]]}},{"type":"Feature","properties":{"class":"tertiary","oneway":1},"geometry":{"type":"LineString","coordinates":[[37.58937836,55.76641022],[37.58830547,55.76725521]]}},{"type":"Feature","properties":{"class":"tertiary","oneway":1},"geometry":{"type":"LineString","coordinates":[[37.59385765,55.76833255],[37.59373426,55.76825409]]}},{"type":"Feature","properties":{"class":"tertiary","oneway":1},"geometry":{"type":"LineString","coordinates":[[37.59373426,55.76825409],[37.59349823,55.76806095]]}},{"type":"Feature","properties":{"class":"tertiary","oneway":1},"geometry":{"type":"LineString","coordinates":[[37.59349823,55.76806095],[37.59329438,55.76787687]]}},{"type":"Feature","properties":{"class":"tertiary","oneway":1},"geometry":{"type":"LineString","coordinates":[[37.59329438,55.76787687],[37.59304225,55.76763243]]}},{"type":"Feature","properties":{"class":"tertiary","oneway":1},"geometry":{"type":"LineString","coordinates":[[37.59427607,55.76881236],[37.59433508,55.76877615]]}},{"type":"Feature","properties":{"class":"tertiary","oneway":1},"geometry":{"type":"LineString","coordinates":[[37.59433508,55.76877615],[37.59436727,55.76872183]]}},{"type":"Feature","properties":{"class":"tertiary","oneway":1},"geometry":{"type":"LineString","coordinates":[[37.59436727,55.76872183],[37.59436727,55.76867053]]}},{"type":"Feature","properties":{"class":"tertiary","oneway":1},"geometry":{"type":"LineString","coordinates":[[37.59010792,55.77125961],[37.59110034,55.77069533]]}},{"type":"Feature","properties":{"class":"tertiary","oneway":1},"geometry":{"type":"LineString","coordinates":[[37.58820355,55.77237002],[37.58857369,55.77215579]]}},{"type":"Feature","properties":{"class":"tertiary","oneway":1},"geometry":{"type":"LineString","coordinates":[[37.59110034,55.77069533],[37.59199619,55.77014916]]}},{"type":"Feature","properties":{"class":"tertiary","oneway":1},"geometry":{"type":"LineString","coordinates":[[37.58884192,55.7720019],[37.58981824,55.77142858]]}},{"type":"Feature","properties":{"class":"tertiary","oneway":1},"geometry":{"type":"LineString","coordinates":[[37.59212494,55.77007372],[37.59221613,55.77001337]]}},{"type":"Feature","properties":{"class":"tertiary","oneway":1},"geometry":{"type":"LineString","coordinates":[[37.59436727,55.76867053],[37.59385765,55.76833255]]}},{"type":"Feature","properties":{"class":"tertiary","oneway":1},"geometry":{"type":"LineString","coordinates":[[37.59366453,55.7691443],[37.59419024,55.76885762]]}},{"type":"Feature","properties":{"class":"tertiary","oneway":1},"geometry":{"type":"LineString","coordinates":[[37.59328902,55.76936459],[37.59357333,55.76919862]]}},{"type":"Feature","properties":{"class":"tertiary","oneway":1},"geometry":{"type":"LineString","coordinates":[[37.59228587,55.76997112],[37.59245217,55.76986853]]}},{"type":"Feature","properties":{"class":"tertiary","oneway":1},"geometry":{"type":"LineString","coordinates":[[37.59357333,55.76919862],[37.59366453,55.7691443]]}},{"type":"Feature","properties":{"class":"tertiary","oneway":1},"geometry":{"type":"LineString","coordinates":[[37.59308517,55.76948529],[37.59328902,55.76936459]]}},{"type":"Feature","properties":{"class":"tertiary","oneway":1},"geometry":{"type":"LineString","coordinates":[[37.59245217,55.76986853],[37.59308517,55.76948529]]}},{"type":"Feature","properties":{"class":"tertiary","oneway":1},"geometry":{"type":"LineString","coordinates":[[37.59419024,55.76885762],[37.59427607,55.76881236]]}},{"type":"Feature","properties":{"class":"tertiary","oneway":1},"geometry":{"type":"LineString","coordinates":[[37.58857369,55.77215579],[37.58871853,55.7720713]]}},{"type":"Feature","properties":{"class":"tertiary","oneway":1},"geometry":{"type":"LineString","coordinates":[[37.58871853,55.7720713],[37.58884192,55.7720019]]}},{"type":"Feature","properties":{"class":"tertiary","oneway":1},"geometry":{"type":"LineString","coordinates":[[37.58981824,55.77142858],[37.58995771,55.7713441]]}},{"type":"Feature","properties":{"class":"tertiary","oneway":1},"geometry":{"type":"LineString","coordinates":[[37.58995771,55.7713441],[37.59010792,55.77125961]]}},{"type":"Feature","properties":{"class":"tertiary","oneway":1},"geometry":{"type":"LineString","coordinates":[[37.59199619,55.77014916],[37.59212494,55.77007372]]}},{"type":"Feature","properties":{"class":"tertiary","oneway":1},"geometry":{"type":"LineString","coordinates":[[37.59221613,55.77001337],[37.59228587,55.76997112]]}},{"type":"Feature","properties":{"class":"secondary","oneway":1},"geometry":{"type":"LineString","coordinates":[[37.58964658,55.77259934],[37.58803725,55.77351661]]}},{"type":"Feature","properties":{"class":"secondary","oneway":1},"geometry":{"type":"LineString","coordinates":[[37.5933373,55.76761734],[37.59388983,55.76789498]]}},{"type":"Feature","properties":{"class":"secondary","oneway":1},"geometry":{"type":"LineString","coordinates":[[37.59388983,55.76789498],[37.59416878,55.76804888]]}},{"type":"Feature","properties":{"class":"secondary","oneway":1},"geometry":{"type":"LineString","coordinates":[[37.59416878,55.76804888],[37.59459794,55.76833255]]}},{"type":"Feature","properties":{"class":"secondary","oneway":1},"geometry":{"type":"LineString","coordinates":[[37.59459794,55.76833255],[37.59496808,55.76856491]]}},{"type":"Feature","properties":{"class":"secondary","oneway":1},"geometry":{"type":"LineString","coordinates":[[37.59496808,55.76856491],[37.59555817,55.76890892]]}},{"type":"Feature","properties":{"class":"secondary","oneway":1},"geometry":{"type":"LineString","coordinates":[[37.59555817,55.76909903],[37.59537041,55.76921069]]}},{"type":"Feature","properties":{"class":"secondary","oneway":1},"geometry":{"type":"LineString","coordinates":[[37.59537041,55.76921069],[37.59468377,55.76959694]]}},{"type":"Feature","properties":{"class":"secondary","oneway":1},"geometry":{"type":"LineString","coordinates":[[37.59121835,55.77167602],[37.59093404,55.77183896]]}},{"type":"Feature","properties":{"class":"secondary","oneway":1},"geometry":{"type":"LineString","coordinates":[[37.59093404,55.77183896],[37.59077311,55.77192646]]}},{"type":"Feature","properties":{"class":"secondary","oneway":1},"geometry":{"type":"LineString","coordinates":[[37.59077311,55.77192646],[37.58964658,55.77259934]]}},{"type":"Feature","properties":{"class":"secondary","oneway":1},"geometry":{"type":"LineString","coordinates":[[37.59301543,55.77060179],[37.59121835,55.77167602]]}},{"type":"Feature","properties":{"class":"primary","oneway":1},"geometry":{"type":"LineString","coordinates":[[37.59073555,55.76578854],[37.59234488,55.76693834]]}},{"type":"Feature","properties":{"class":"primary","oneway":1},"geometry":{"type":"LineString","coordinates":[[37.59234488,55.76693834],[37.59299397,55.76738498]]}},{"type":"Feature","properties":{"class":"primary","oneway":1},"geometry":{"type":"LineString","coordinates":[[37.5919801,55.77237304],[37.59314418,55.77168809]]}},{"type":"Feature","properties":{"class":"primary","oneway":1},"geometry":{"type":"LineString","coordinates":[[37.5933373,55.76761734],[37.59376645,55.76794326]]}},{"type":"Feature","properties":{"class":"primary","oneway":1},"geometry":{"type":"LineString","coordinates":[[37.59376645,55.76794326],[37.59404004,55.76812432]]}},{"type":"Feature","properties":{"class":"primary","oneway":1},"geometry":{"type":"LineString","coordinates":[[37.59404004,55.76812432],[37.59483933,55.76863431]]}},{"type":"Feature","properties":{"class":"primary","oneway":1},"geometry":{"type":"LineString","coordinates":[[37.59483933,55.76863431],[37.5954777,55.76902058]]}},{"type":"Feature","properties":{"class":"primary","oneway":1},"geometry":{"type":"LineString","coordinates":[[37.59533823,55.76910205],[37.59502172,55.76891194]]}},{"type":"Feature","properties":{"class":"primary","oneway":1},"geometry":{"type":"LineString","coordinates":[[37.59502172,55.76891194],[37.5946945,55.76870372]]}},{"type":"Feature","properties":{"class":"primary","oneway":1},"geometry":{"type":"LineString","coordinates":[[37.5946945,55.76870372],[37.59304225,55.76763243]]}},{"type":"Feature","properties":{"class":"primary","oneway":1},"geometry":{"type":"LineString","coordinates":[[37.59314418,55.77168809],[37.59405077,55.77116003]]}},{"type":"Feature","properties":{"class":"primary","oneway":1},"geometry":{"type":"LineString","coordinates":[[37.58997917,55.77353773],[37.59062827,55.77315755]]}},{"type":"Feature","properties":{"class":"primary","oneway":1},"geometry":{"type":"LineString","coordinates":[[37.59405077,55.77116003],[37.59495735,55.77062291]]}},{"type":"Feature","properties":{"class":"primary","oneway":1},"geometry":{"type":"LineString","coordinates":[[37.59495735,55.77062291],[37.59555817,55.7702427]]}},{"type":"Feature","properties":{"class":"primary","oneway":1},"geometry":{"type":"LineString","coordinates":[[37.59062827,55.77315755],[37.5919801,55.77237304]]}},{"type":"Feature","properties":{"class":"primary","oneway":1},"geometry":{"type":"LineString","coordinates":[[37.5882411,55.77454852],[37.58997917,55.77353773]]}},{"type":"Feature","properties":{"class":"primary","oneway":1},"geometry":{"type":"LineString","coordinates":[[37.59145975,55.77280754],[37.59073019,55.773236]]}},{"type":"Feature","properties":{"class":"primary","oneway":1},"geometry":{"type":"LineString","coordinates":[[37.58927643,55.77411102],[37.58842349,55.77460584]]}},{"type":"Feature","properties":{"class":"primary","oneway":1},"geometry":{"type":"LineString","coordinates":[[37.59415805,55.7712234],[37.59301007,55.77189629]]}},{"type":"Feature","properties":{"class":"primary","oneway":1},"geometry":{"type":"LineString","coordinates":[[37.59301007,55.77189629],[37.59211421,55.77242433]]}},{"type":"Feature","properties":{"class":"primary","oneway":1},"geometry":{"type":"LineString","coordinates":[[37.59503245,55.7707074],[37.59415805,55.7712234]]}},{"type":"Feature","properties":{"class":"primary","oneway":1},"geometry":{"type":"LineString","coordinates":[[37.59073019,55.773236],[37.58927643,55.77411102]]}},{"type":"Feature","properties":{"class":"primary","oneway":1},"geometry":{"type":"LineString","coordinates":[[37.59555817,55.77039358],[37.59503245,55.7707074]]}},{"type":"Feature","properties":{"class":"primary","oneway":1},"geometry":{"type":"LineString","coordinates":[[37.59211421,55.77242433],[37.59145975,55.77280754]]}},{"type":"Feature","properties":{"class":"primary","oneway":1},"geometry":{"type":"LineString","coordinates":[[37.590065,55.76553805],[37.5898397,55.76538112]]}},{"type":"Feature","properties":{"class":"primary","oneway":1},"geometry":{"type":"LineString","coordinates":[[37.5898397,55.76538112],[37.58937299,55.76502802]]}},{"type":"Feature","properties":{"class":"primary","oneway":1},"geometry":{"type":"LineString","coordinates":[[37.58937299,55.76502802],[37.58877218,55.76450591]]}},{"type":"Feature","properties":{"class":"primary","oneway":1},"geometry":{"type":"LineString","coordinates":[[37.58877218,55.76450591],[37.58838058,55.76414677]]}},{"type":"Feature","properties":{"class":"primary","oneway":1},"geometry":{"type":"LineString","coordinates":[[37.58838058,55.76414677],[37.58825719,55.76402001]]}},{"type":"Feature","properties":{"class":"primary","oneway":1},"geometry":{"type":"LineString","coordinates":[[37.59075165,55.76602092],[37.59043515,55.76580967]]}},{"type":"Feature","properties":{"class":"primary","oneway":1},"geometry":{"type":"LineString","coordinates":[[37.59043515,55.76580967],[37.590065,55.76553805]]}},{"type":"Feature","properties":{"class":"primary","oneway":1},"geometry":{"type":"LineString","coordinates":[[37.59164751,55.76665165],[37.59075165,55.76602092]]}},{"type":"Feature","properties":{"class":"primary","oneway":1},"geometry":{"type":"LineString","coordinates":[[37.59304225,55.76763243],[37.59164751,55.76665165]]}},{"type":"Feature","properties":{"class":"primary","oneway":1},"geometry":{"type":"LineString","coordinates":[[37.59299397,55.76738498],[37.5933373,55.76761734]]}},{"type":"Feature","properties":{"class":"primary","oneway":1},"geometry":{"type":"LineString","coordinates":[[37.58853078,55.76402001],[37.58892775,55.76440632]]}},{"type":"Feature","properties":{"class":"primary","oneway":1},"geometry":{"type":"LineString","coordinates":[[37.58892775,55.76440632],[37.58927107,55.76471114]]}},{"type":"Feature","properties":{"class":"primary","oneway":1},"geometry":{"type":"LineString","coordinates":[[37.58927107,55.76471114],[37.58957684,55.76495257]]}},{"type":"Feature","properties":{"class":"primary","oneway":1},"geometry":{"type":"LineString","coordinates":[[37.58957684,55.76495257],[37.59002745,55.7652936]]}},{"type":"Feature","properties":{"class":"primary","oneway":1},"geometry":{"type":"LineString","coordinates":[[37.59002745,55.7652936],[37.59073555,55.76578854]]}},{"type":"Feature","properties":{"class":"minor","oneway":0},"geometry":{"type":"LineString","coordinates":[[37.58827865,55.75678511],[37.59140611,55.7554237]]}},{"type":"Feature","properties":{"class":"minor","oneway":0},"geometry":{"type":"LineString","coordinates":[[37.59140611,55.7554237],[37.59181917,55.75525767]]}},{"type":"Feature","properties":{"class":"minor","oneway":0},"geometry":{"type":"LineString","coordinates":[[37.59181917,55.75525767],[37.59208202,55.75515805]]}},{"type":"Feature","properties":{"class":"minor","oneway":0},"geometry":{"type":"LineString","coordinates":[[37.59208202,55.75515805],[37.59242535,55.75504334]]}},{"type":"Feature","properties":{"class":"minor","oneway":0},"geometry":{"type":"LineString","coordinates":[[37.59242535,55.75504334],[37.59512365,55.7542645]]}},{"type":"Feature","properties":{"class":"minor","oneway":0},"geometry":{"type":"LineString","coordinates":[[37.59512365,55.7542645],[37.59555817,55.75413469]]}},{"type":"Feature","properties":{"class":"minor","oneway":0},"geometry":{"type":"LineString","coordinates":[[37.59085894,55.76440632],[37.59056926,55.76395663]]}},{"type":"Feature","properties":{"class":"minor","oneway":0},"geometry":{"type":"LineString","coordinates":[[37.59056926,55.76395663],[37.59051561,55.76390533]]}},{"type":"Feature","properties":{"class":"minor","oneway":0},"geometry":{"type":"LineString","coordinates":[[37.59051561,55.76390533],[37.59017229,55.76369406]]}},{"type":"Feature","properties":{"class":"minor","oneway":0},"geometry":{"type":"LineString","coordinates":[[37.59392738,55.76364577],[37.59220541,55.76284296]]}},{"type":"Feature","properties":{"class":"minor","oneway":0},"geometry":{"type":"LineString","coordinates":[[37.59555817,55.75873507],[37.59491444,55.75898862]]}},{"type":"Feature","properties":{"class":"minor","oneway":0},"geometry":{"type":"LineString","coordinates":[[37.59491444,55.75898862],[37.59463549,55.75913954]]}},{"type":"Feature","properties":{"class":"minor","oneway":0},"geometry":{"type":"LineString","coordinates":[[37.59463549,55.75913954],[37.59440482,55.75930555]]}},{"type":"Feature","properties":{"class":"minor","oneway":0},"geometry":{"type":"LineString","coordinates":[[37.59440482,55.75930555],[37.59432971,55.75937498]]}},{"type":"Feature","properties":{"class":"minor","oneway":0},"geometry":{"type":"LineString","coordinates":[[37.59432971,55.75937498],[37.5939703,55.75982472]]}},{"type":"Feature","properties":{"class":"minor","oneway":0},"geometry":{"type":"LineString","coordinates":[[37.5939703,55.75982472],[37.59346068,55.76050988]]}},{"type":"Feature","properties":{"class":"minor","oneway":0},"geometry":{"type":"LineString","coordinates":[[37.59346068,55.76050988],[37.59339094,55.76059137]]}},{"type":"Feature","properties":{"class":"minor","oneway":0},"geometry":{"type":"LineString","coordinates":[[37.59339094,55.76059137],[37.59332657,55.76065476]]}},{"type":"Feature","properties":{"class":"minor","oneway":0},"geometry":{"type":"LineString","coordinates":[[37.59332657,55.76065476],[37.59299934,55.76089924]]}},{"type":"Feature","properties":{"class":"minor","oneway":0},"geometry":{"type":"LineString","coordinates":[[37.59299934,55.76089924],[37.59251654,55.76121012]]}},{"type":"Feature","properties":{"class":"minor","oneway":0},"geometry":{"type":"LineString","coordinates":[[37.59251654,55.76121012],[37.58895993,55.76293954]]}},{"type":"Feature","properties":{"class":"minor","oneway":0},"geometry":{"type":"LineString","coordinates":[[37.58895993,55.76293954],[37.58869708,55.76306026]]}},{"type":"Feature","properties":{"class":"minor","oneway":0},"geometry":{"type":"LineString","coordinates":[[37.5935787,55.75165618],[37.5935626,55.75168637]]}},{"type":"Feature","properties":{"class":"minor","oneway":0},"geometry":{"type":"LineString","coordinates":[[37.5935626,55.75168637],[37.5934875,55.75194298]]}},{"type":"Feature","properties":{"class":"minor","oneway":0},"geometry":{"type":"LineString","coordinates":[[37.59357333,55.75167429],[37.59496808,55.75180109]]}},{"type":"Feature","properties":{"class":"minor","oneway":0},"geometry":{"type":"LineString","coordinates":[[37.59298325,55.75166221],[37.59303153,55.75166523]]}},{"type":"Feature","properties":{"class":"minor","oneway":0},"geometry":{"type":"LineString","coordinates":[[37.59303153,55.75166523],[37.5935626,55.75168637]]}},{"type":"Feature","properties":{"class":"minor","oneway":0},"geometry":{"type":"LineString","coordinates":[[37.58989334,55.75165618],[37.58976996,55.75195807]]}},{"type":"Feature","properties":{"class":"minor","oneway":1},"geometry":{"type":"LineString","coordinates":[[37.59284377,55.76440632],[37.59368598,55.76381478]]}},{"type":"Feature","properties":{"class":"minor","oneway":1},"geometry":{"type":"LineString","coordinates":[[37.58895993,55.76293954],[37.58889556,55.76287314]]}},{"type":"Feature","properties":{"class":"minor","oneway":1},"geometry":{"type":"LineString","coordinates":[[37.58889556,55.76287314],[37.58855224,55.76247173]]}},{"type":"Feature","properties":{"class":"minor","oneway":1},"geometry":{"type":"LineString","coordinates":[[37.58855224,55.76247173],[37.58847713,55.76236307]]}},{"type":"Feature","properties":{"class":"minor","oneway":1},"geometry":{"type":"LineString","coordinates":[[37.59220541,55.76284296],[37.59056926,55.76395663]]}},{"type":"Feature","properties":{"class":"minor","oneway":1},"geometry":{"type":"LineString","coordinates":[[37.5898397,55.75425242],[37.58973777,55.75414375]]}},{"type":"Feature","properties":{"class":"minor","oneway":1},"geometry":{"type":"LineString","coordinates":[[37.58973777,55.75414375],[37.58965194,55.75402601]]}},{"type":"Feature","properties":{"class":"minor","oneway":1},"geometry":{"type":"LineString","coordinates":[[37.58965194,55.75402601],[37.58937299,55.75335583]]}},{"type":"Feature","properties":{"class":"minor","oneway":1},"geometry":{"type":"LineString","coordinates":[[37.58971632,55.7584121],[37.58953929,55.75786273]]}},{"type":"Feature","properties":{"class":"minor","oneway":1},"geometry":{"type":"LineString","coordinates":[[37.5935626,55.75624478],[37.59343386,55.75627194]]}},{"type":"Feature","properties":{"class":"minor","oneway":1},"geometry":{"type":"LineString","coordinates":[[37.59343386,55.75627194],[37.59241462,55.75652551]]}},{"type":"Feature","properties":{"class":"minor","oneway":1},"geometry":{"type":"LineString","coordinates":[[37.59241462,55.75652551],[37.59061217,55.75695415]]}},{"type":"Feature","properties":{"class":"minor","oneway":1},"geometry":{"type":"LineString","coordinates":[[37.59305835,55.75576481],[37.5935626,55.75624478]]}},{"type":"Feature","properties":{"class":"minor","oneway":1},"geometry":{"type":"LineString","coordinates":[[37.59056389,55.75322602],[37.59058535,55.75328036]]}},{"type":"Feature","properties":{"class":"minor","oneway":1},"geometry":{"type":"LineString","coordinates":[[37.59058535,55.75328036],[37.59113252,55.75360942]]}},{"type":"Feature","properties":{"class":"minor","oneway":1},"geometry":{"type":"LineString","coordinates":[[37.59113252,55.75360942],[37.59158313,55.75389319]]}},{"type":"Feature","properties":{"class":"minor","oneway":1},"geometry":{"type":"LineString","coordinates":[[37.59158313,55.75389319],[37.5917387,55.754023]]}},{"type":"Feature","properties":{"class":"minor","oneway":1},"geometry":{"type":"LineString","coordinates":[[37.58815527,55.7533981],[37.58937299,55.75335583]]}},{"type":"Feature","properties":{"class":"minor","oneway":1},"geometry":{"type":"LineString","coordinates":[[37.59386301,55.75352187],[37.59306371,55.75373017]]}},{"type":"Feature","properties":{"class":"minor","oneway":1},"geometry":{"type":"LineString","coordinates":[[37.59306371,55.75373017],[37.5917387,55.754023]]}},{"type":"Feature","properties":{"class":"minor","oneway":1},"geometry":{"type":"LineString","coordinates":[[37.59088576,55.76200391],[37.59200156,55.76272827]]}},{"type":"Feature","properties":{"class":"minor","oneway":1},"geometry":{"type":"LineString","coordinates":[[37.59200156,55.76272827],[37.59220541,55.76284296]]}},{"type":"Feature","properties":{"class":"minor","oneway":1},"geometry":{"type":"LineString","coordinates":[[37.59204447,55.76143951],[37.59216249,55.76149082]]}},{"type":"Feature","properties":{"class":"minor","oneway":1},"geometry":{"type":"LineString","coordinates":[[37.59216249,55.76149082],[37.59388983,55.76212766]]}},{"type":"Feature","properties":{"class":"minor","oneway":1},"geometry":{"type":"LineString","coordinates":[[37.59388983,55.76212766],[37.59474814,55.7624506]]}},{"type":"Feature","properties":{"class":"minor","oneway":1},"geometry":{"type":"LineString","coordinates":[[37.59474814,55.7624506],[37.59516656,55.76260151]]}},{"type":"Feature","properties":{"class":"minor","oneway":1},"geometry":{"type":"LineString","coordinates":[[37.59522021,55.76429465],[37.59368598,55.76381478]]}},{"type":"Feature","properties":{"class":"minor","oneway":1},"geometry":{"type":"LineString","coordinates":[[37.59160995,55.75671568],[37.59184599,55.75702358]]}},{"type":"Feature","properties":{"class":"minor","oneway":1},"geometry":{"type":"LineString","coordinates":[[37.59184599,55.75702358],[37.59187281,55.75703867]]}},{"type":"Feature","properties":{"class":"minor","oneway":1},"geometry":{"type":"LineString","coordinates":[[37.59187281,55.75703867],[37.59191036,55.75705074]]}},{"type":"Feature","properties":{"class":"minor","oneway":1},"geometry":{"type":"LineString","coordinates":[[37.59191036,55.75705074],[37.59195864,55.75705074]]}},{"type":"Feature","properties":{"class":"minor","oneway":1},"geometry":{"type":"LineString","coordinates":[[37.59195864,55.75705074],[37.59325683,55.75689076]]}},{"type":"Feature","properties":{"class":"minor","oneway":1},"geometry":{"type":"LineString","coordinates":[[37.59409368,55.75678209],[37.59415269,55.75685152]]}},{"type":"Feature","properties":{"class":"minor","oneway":1},"geometry":{"type":"LineString","coordinates":[[37.59415269,55.75685152],[37.59471059,55.75733449]]}},{"type":"Feature","properties":{"class":"minor","oneway":1},"geometry":{"type":"LineString","coordinates":[[37.59471059,55.75733449],[37.59478569,55.75740693]]}},{"type":"Feature","properties":{"class":"minor","oneway":1},"geometry":{"type":"LineString","coordinates":[[37.59497881,55.75325923],[37.59489834,55.75326225]]}},{"type":"Feature","properties":{"class":"minor","oneway":1},"geometry":{"type":"LineString","coordinates":[[37.59489834,55.75326225],[37.59386301,55.75352187]]}},{"type":"Feature","properties":{"class":"minor","oneway":1},"geometry":{"type":"LineString","coordinates":[[37.59516656,55.76260151],[37.59555817,55.76275242]]}},{"type":"Feature","properties":{"class":"minor","oneway":1},"geometry":{"type":"LineString","coordinates":[[37.59368598,55.76381478],[37.59392738,55.76364577]]}},{"type":"Feature","properties":{"class":"minor","oneway":1},"geometry":{"type":"LineString","coordinates":[[37.59392738,55.76364577],[37.59449065,55.76318702]]}},{"type":"Feature","properties":{"class":"minor","oneway":1},"geometry":{"type":"LineString","coordinates":[[37.59449065,55.76318702],[37.59516656,55.76260151]]}},{"type":"Feature","properties":{"class":"minor","oneway":1},"geometry":{"type":"LineString","coordinates":[[37.59516656,55.76260151],[37.59523094,55.76254416]]}},{"type":"Feature","properties":{"class":"minor","oneway":1},"geometry":{"type":"LineString","coordinates":[[37.59523094,55.76254416],[37.59555817,55.7620854]]}},{"type":"Feature","properties":{"class":"minor","oneway":1},"geometry":{"type":"LineString","coordinates":[[37.59526312,55.76436708],[37.59522557,55.76440632]]}},{"type":"Feature","properties":{"class":"minor","oneway":1},"geometry":{"type":"LineString","coordinates":[[37.59201765,55.75330451],[37.59199619,55.75332866]]}},{"type":"Feature","properties":{"class":"minor","oneway":1},"geometry":{"type":"LineString","coordinates":[[37.59199619,55.75332866],[37.59195328,55.7533347]]}},{"type":"Feature","properties":{"class":"minor","oneway":1},"geometry":{"type":"LineString","coordinates":[[37.59148657,55.75333168],[37.59146512,55.75332866]]}},{"type":"Feature","properties":{"class":"minor","oneway":1},"geometry":{"type":"LineString","coordinates":[[37.59146512,55.75332866],[37.59144366,55.75331357]]}},{"type":"Feature","properties":{"class":"minor","oneway":1},"geometry":{"type":"LineString","coordinates":[[37.58953929,55.75670361],[37.58920133,55.75638061]]}},{"type":"Feature","properties":{"class":"minor","oneway":1},"geometry":{"type":"LineString","coordinates":[[37.59145975,55.75948666],[37.5928545,55.75931763]]}},{"type":"Feature","properties":{"class":"minor","oneway":1},"geometry":{"type":"LineString","coordinates":[[37.5928545,55.75931763],[37.59451747,55.7590339]]}},{"type":"Feature","properties":{"class":"minor","oneway":1},"geometry":{"type":"LineString","coordinates":[[37.59451747,55.7590339],[37.59491444,55.75898862]]}},{"type":"Feature","properties":{"class":"minor","oneway":1},"geometry":{"type":"LineString","coordinates":[[37.58953929,55.75786273],[37.5895071,55.75780538]]}},{"type":"Feature","properties":{"class":"minor","oneway":1},"geometry":{"type":"LineString","coordinates":[[37.5895071,55.75780538],[37.58944273,55.7577269]]}},{"type":"Feature","properties":{"class":"minor","oneway":1},"geometry":{"type":"LineString","coordinates":[[37.58944273,55.7577269],[37.58893311,55.75727714]]}},{"type":"Feature","properties":{"class":"minor","oneway":1},"geometry":{"type":"LineString","coordinates":[[37.58893311,55.75727714],[37.58878291,55.75716243]]}},{"type":"Feature","properties":{"class":"minor","oneway":1},"geometry":{"type":"LineString","coordinates":[[37.59017229,55.76369406],[37.58895993,55.76293954]]}},{"type":"Feature","properties":{"class":"minor","oneway":1},"geometry":{"type":"LineString","coordinates":[[37.59409368,55.75678209],[37.59420633,55.75676096]]}},{"type":"Feature","properties":{"class":"minor","oneway":1},"geometry":{"type":"LineString","coordinates":[[37.59420633,55.75676096],[37.59444773,55.75670361]]}},{"type":"Feature","properties":{"class":"minor","oneway":1},"geometry":{"type":"LineString","coordinates":[[37.59444773,55.75670361],[37.59555817,55.75638665]]}},{"type":"Feature","properties":{"class":"minor","oneway":1},"geometry":{"type":"LineString","coordinates":[[37.58878291,55.75716243],[37.58827865,55.75678511]]}},{"type":"Feature","properties":{"class":"minor","oneway":1},"geometry":{"type":"LineString","coordinates":[[37.5898236,55.75873809],[37.58971632,55.7584121]]}},{"type":"Feature","properties":{"class":"minor","oneway":1},"geometry":{"type":"LineString","coordinates":[[37.5935626,55.75624478],[37.59401321,55.75669153]]}},{"type":"Feature","properties":{"class":"minor","oneway":1},"geometry":{"type":"LineString","coordinates":[[37.59401321,55.75669153],[37.59409368,55.75678209]]}},{"type":"Feature","properties":{"class":"minor","oneway":1},"geometry":{"type":"LineString","coordinates":[[37.59278476,55.75548407],[37.59305835,55.75576481]]}},{"type":"Feature","properties":{"class":"minor","oneway":1},"geometry":{"type":"LineString","coordinates":[[37.59242535,55.75504334],[37.59242535,55.75509164]]}},{"type":"Feature","properties":{"class":"minor","oneway":1},"geometry":{"type":"LineString","coordinates":[[37.59242535,55.75509164],[37.5924468,55.75513692]]}},{"type":"Feature","properties":{"class":"minor","oneway":1},"geometry":{"type":"LineString","coordinates":[[37.5924468,55.75513692],[37.59278476,55.75548407]]}},{"type":"Feature","properties":{"class":"minor","oneway":1},"geometry":{"type":"LineString","coordinates":[[37.5946784,55.75533314],[37.59555817,55.75509466]]}},{"type":"Feature","properties":{"class":"minor","oneway":1},"geometry":{"type":"LineString","coordinates":[[37.59385765,55.7555535],[37.5946784,55.75533314]]}},{"type":"Feature","properties":{"class":"minor","oneway":1},"geometry":{"type":"LineString","coordinates":[[37.59305835,55.75576481],[37.59385765,55.7555535]]}},{"type":"Feature","properties":{"class":"minor","oneway":1},"geometry":{"type":"LineString","coordinates":[[37.58953929,55.75670361],[37.59073555,55.75638665]]}},{"type":"Feature","properties":{"class":"minor","oneway":1},"geometry":{"type":"LineString","coordinates":[[37.59073555,55.75638665],[37.59305835,55.75576481]]}},{"type":"Feature","properties":{"class":"minor","oneway":1},"geometry":{"type":"LineString","coordinates":[[37.58988261,55.75704471],[37.58953929,55.75670361]]}},{"type":"Feature","properties":{"class":"minor","oneway":1},"geometry":{"type":"LineString","coordinates":[[37.59061217,55.75695415],[37.59010255,55.75707791]]}},{"type":"Feature","properties":{"class":"minor","oneway":1},"geometry":{"type":"LineString","coordinates":[[37.59010255,55.75707791],[37.58997917,55.75707791]]}},{"type":"Feature","properties":{"class":"minor","oneway":1},"geometry":{"type":"LineString","coordinates":[[37.58997917,55.75707791],[37.58988261,55.75704471]]}},{"type":"Feature","properties":{"class":"minor","oneway":1},"geometry":{"type":"LineString","coordinates":[[37.59402394,55.7561361],[37.5935626,55.75624478]]}},{"type":"Feature","properties":{"class":"minor","oneway":1},"geometry":{"type":"LineString","coordinates":[[37.59533823,55.75582216],[37.59402394,55.7561361]]}},{"type":"Feature","properties":{"class":"minor","oneway":1},"geometry":{"type":"LineString","coordinates":[[37.59555817,55.75577085],[37.59533823,55.75582216]]}},{"type":"Feature","properties":{"class":"minor","oneway":1},"geometry":{"type":"LineString","coordinates":[[37.59325683,55.75689076],[37.59398103,55.7568002]]}},{"type":"Feature","properties":{"class":"minor","oneway":1},"geometry":{"type":"LineString","coordinates":[[37.59398103,55.7568002],[37.59409368,55.75678209]]}},{"type":"Feature","properties":{"class":"minor","oneway":1},"geometry":{"type":"LineString","coordinates":[[37.59137392,55.75318074],[37.59133637,55.75316262]]}},{"type":"Feature","properties":{"class":"minor","oneway":1},"geometry":{"type":"LineString","coordinates":[[37.59133637,55.75316262],[37.59129345,55.75315055]]}},{"type":"Feature","properties":{"class":"minor","oneway":1},"geometry":{"type":"LineString","coordinates":[[37.59129345,55.75315055],[37.59121835,55.75314753]]}},{"type":"Feature","properties":{"class":"minor","oneway":1},"geometry":{"type":"LineString","coordinates":[[37.59121835,55.75314753],[37.59056389,55.75322602]]}},{"type":"Feature","properties":{"class":"minor","oneway":1},"geometry":{"type":"LineString","coordinates":[[37.59144366,55.75331357],[37.59137392,55.75318074]]}},{"type":"Feature","properties":{"class":"minor","oneway":1},"geometry":{"type":"LineString","coordinates":[[37.59207129,55.75314753],[37.59201765,55.75330451]]}},{"type":"Feature","properties":{"class":"minor","oneway":1},"geometry":{"type":"LineString","coordinates":[[37.59345531,55.75317168],[37.59207129,55.75314753]]}},{"type":"Feature","properties":{"class":"minor","oneway":1},"geometry":{"type":"LineString","coordinates":[[37.59386301,55.75352187],[37.59360552,55.75322602]]}},{"type":"Feature","properties":{"class":"minor","oneway":1},"geometry":{"type":"LineString","coordinates":[[37.59360552,55.75322602],[37.59355724,55.75319885]]}},{"type":"Feature","properties":{"class":"minor","oneway":1},"geometry":{"type":"LineString","coordinates":[[37.59355724,55.75319885],[37.59350896,55.75318074]]}},{"type":"Feature","properties":{"class":"minor","oneway":1},"geometry":{"type":"LineString","coordinates":[[37.59350896,55.75318074],[37.59345531,55.75317168]]}},{"type":"Feature","properties":{"class":"minor","oneway":1},"geometry":{"type":"LineString","coordinates":[[37.59549916,55.7532864],[37.59497881,55.75325923]]}},{"type":"Feature","properties":{"class":"minor","oneway":1},"geometry":{"type":"LineString","coordinates":[[37.59555817,55.75328942],[37.59549916,55.7532864]]}},{"type":"Feature","properties":{"class":"minor","oneway":1},"geometry":{"type":"LineString","coordinates":[[37.58937299,55.75335583],[37.5893569,55.75329847]]}},{"type":"Feature","properties":{"class":"minor","oneway":1},"geometry":{"type":"LineString","coordinates":[[37.5893569,55.75329847],[37.58933544,55.75299961]]}},{"type":"Feature","properties":{"class":"minor","oneway":1},"geometry":{"type":"LineString","coordinates":[[37.58933544,55.75299961],[37.58933008,55.75267356]]}},{"type":"Feature","properties":{"class":"minor","oneway":1},"geometry":{"type":"LineString","coordinates":[[37.59068191,55.75494976],[37.59041369,55.75477165]]}},{"type":"Feature","properties":{"class":"minor","oneway":1},"geometry":{"type":"LineString","coordinates":[[37.59041369,55.75477165],[37.59012401,55.75452713]]}},{"type":"Feature","properties":{"class":"minor","oneway":1},"geometry":{"type":"LineString","coordinates":[[37.59012401,55.75452713],[37.5898397,55.75425242]]}},{"type":"Feature","properties":{"class":"minor","oneway":1},"geometry":{"type":"LineString","coordinates":[[37.59140611,55.7554237],[37.59068191,55.75494976]]}},{"type":"Feature","properties":{"class":"minor","oneway":1},"geometry":{"type":"LineString","coordinates":[[37.5917387,55.754023],[37.59195328,55.75430072]]}},{"type":"Feature","properties":{"class":"minor","oneway":1},"geometry":{"type":"LineString","coordinates":[[37.59195328,55.75430072],[37.59243608,55.75493467]]}},{"type":"Feature","properties":{"class":"minor","oneway":1},"geometry":{"type":"LineString","coordinates":[[37.59243608,55.75493467],[37.59244144,55.754989]]}},{"type":"Feature","properties":{"class":"minor","oneway":1},"geometry":{"type":"LineString","coordinates":[[37.59244144,55.754989],[37.59242535,55.75504334]]}},{"type":"Feature","properties":{"class":"minor","oneway":1},"geometry":{"type":"LineString","coordinates":[[37.58937299,55.75335583],[37.5895071,55.75334678]]}},{"type":"Feature","properties":{"class":"minor","oneway":1},"geometry":{"type":"LineString","coordinates":[[37.5895071,55.75334678],[37.59056389,55.75322602]]}},{"type":"Feature","properties":{"class":"tertiary","oneway":0},"geometry":{"type":"LineString","coordinates":[[37.5898236,55.75873809],[37.5907892,55.7586083]]}},{"type":"Feature","properties":{"class":"tertiary","oneway":0},"geometry":{"type":"LineString","coordinates":[[37.5907892,55.7586083],[37.59409904,55.75822193]]}},{"type":"Feature","properties":{"class":"tertiary","oneway":0},"geometry":{"type":"LineString","coordinates":[[37.59409904,55.75822193],[37.59555817,55.75802875]]}},{"type":"Feature","properties":{"class":"tertiary","oneway":0},"geometry":{"type":"LineString","coordinates":[[37.59555817,55.75733449],[37.59478569,55.75740693]]}},{"type":"Feature","properties":{"class":"tertiary","oneway":0},"geometry":{"type":"LineString","coordinates":[[37.59478569,55.75740693],[37.58967876,55.75784462]]}},{"type":"Feature","properties":{"class":"tertiary","oneway":0},"geometry":{"type":"LineString","coordinates":[[37.58967876,55.75784462],[37.58953929,55.75786273]]}},{"type":"Feature","properties":{"class":"primary","oneway":1},"geometry":{"type":"LineString","coordinates":[[37.59555817,55.75283658],[37.59355724,55.75275206]]}},{"type":"Feature","properties":{"class":"primary","oneway":1},"geometry":{"type":"LineString","coordinates":[[37.59355724,55.75275206],[37.59248972,55.75271885]]}},{"type":"Feature","properties":{"class":"primary","oneway":1},"geometry":{"type":"LineString","coordinates":[[37.59248972,55.75271885],[37.59137392,55.7526947]]}},{"type":"Feature","properties":{"class":"primary","oneway":1},"geometry":{"type":"LineString","coordinates":[[37.59137392,55.7526947],[37.5895822,55.75267658]]}},{"type":"Feature","properties":{"class":"primary","oneway":1},"geometry":{"type":"LineString","coordinates":[[37.58958757,55.75254073],[37.59123445,55.75255281]]}},{"type":"Feature","properties":{"class":"primary","oneway":1},"geometry":{"type":"LineString","coordinates":[[37.59123445,55.75255281],[37.59250045,55.752583]]}},{"type":"Feature","properties":{"class":"primary","oneway":1},"geometry":{"type":"LineString","coordinates":[[37.59250045,55.752583],[37.59442627,55.75264941]]}},{"type":"Feature","properties":{"class":"primary","oneway":1},"geometry":{"type":"LineString","coordinates":[[37.59442627,55.75264941],[37.59555817,55.75270677]]}},{"type":"Feature","properties":{"class":"primary","oneway":1},"geometry":{"type":"LineString","coordinates":[[37.58866489,55.76440632],[37.58838058,55.76414677]]}},{"type":"Feature","properties":{"class":"primary","oneway":1},"geometry":{"type":"LineString","coordinates":[[37.58838058,55.76414677],[37.58802116,55.76377253]]}},{"type":"Feature","properties":{"class":"primary","oneway":1},"geometry":{"type":"LineString","coordinates":[[37.58856297,55.76405019],[37.58892775,55.76440632]]}},{"type":"Feature","properties":{"class":"minor","oneway":0},"geometry":{"type":"LineString","coordinates":[[37.58860052,55.75162297],[37.58871853,55.75161995]]}},{"type":"Feature","properties":{"class":"minor","oneway":0},"geometry":{"type":"LineString","coordinates":[[37.58871853,55.75161995],[37.58880973,55.75158674]]}},{"type":"Feature","properties":{"class":"minor","oneway":0},"geometry":{"type":"LineString","coordinates":[[37.58880973,55.75158674],[37.58902967,55.75142069]]}},{"type":"Feature","properties":{"class":"minor","oneway":0},"geometry":{"type":"LineString","coordinates":[[37.58902967,55.75142069],[37.58908868,55.7513905]]}},{"type":"Feature","properties":{"class":"minor","oneway":0},"geometry":{"type":"LineString","coordinates":[[37.58908868,55.7513905],[37.58914232,55.75137541]]}},{"type":"Feature","properties":{"class":"minor","oneway":0},"geometry":{"type":"LineString","coordinates":[[37.58914232,55.75137541],[37.58920133,55.75137239]]}},{"type":"Feature","properties":{"class":"minor","oneway":0},"geometry":{"type":"LineString","coordinates":[[37.58920133,55.75137239],[37.58927107,55.75137541]]}},{"type":"Feature","properties":{"class":"minor","oneway":0},"geometry":{"type":"LineString","coordinates":[[37.58927107,55.75137541],[37.58995235,55.75147504]]}},{"type":"Feature","properties":{"class":"minor","oneway":0},"geometry":{"type":"LineString","coordinates":[[37.5946784,55.74936771],[37.59464085,55.74948546]]}},{"type":"Feature","properties":{"class":"minor","oneway":0},"geometry":{"type":"LineString","coordinates":[[37.59464085,55.74948546],[37.59425998,55.75027345]]}},{"type":"Feature","properties":{"class":"minor","oneway":0},"geometry":{"type":"LineString","coordinates":[[37.59425998,55.75027345],[37.59410441,55.75056631]]}},{"type":"Feature","properties":{"class":"minor","oneway":0},"geometry":{"type":"LineString","coordinates":[[37.59410441,55.75056631],[37.5935626,55.75168637]]}},{"type":"Feature","properties":{"class":"minor","oneway":0},"geometry":{"type":"LineString","coordinates":[[37.59107351,55.74830193],[37.59114325,55.7483291]]}},{"type":"Feature","properties":{"class":"minor","oneway":0},"geometry":{"type":"LineString","coordinates":[[37.59114325,55.7483291],[37.59119689,55.74836534]]}},{"type":"Feature","properties":{"class":"minor","oneway":0},"geometry":{"type":"LineString","coordinates":[[37.59119689,55.74836534],[37.59122908,55.74840761]]}},{"type":"Feature","properties":{"class":"minor","oneway":0},"geometry":{"type":"LineString","coordinates":[[37.59122908,55.74840761],[37.59124517,55.74844987]]}},{"type":"Feature","properties":{"class":"minor","oneway":0},"geometry":{"type":"LineString","coordinates":[[37.59124517,55.74844987],[37.59124517,55.74849214]]}},{"type":"Feature","properties":{"class":"minor","oneway":0},"geometry":{"type":"LineString","coordinates":[[37.59124517,55.74849214],[37.59123445,55.74853441]]}},{"type":"Feature","properties":{"class":"minor","oneway":0},"geometry":{"type":"LineString","coordinates":[[37.59123445,55.74853441],[37.59097695,55.74915939]]}},{"type":"Feature","properties":{"class":"minor","oneway":0},"geometry":{"type":"LineString","coordinates":[[37.59109497,55.74957604],[37.59088576,55.74981455]]}},{"type":"Feature","properties":{"class":"minor","oneway":0},"geometry":{"type":"LineString","coordinates":[[37.59088576,55.74981455],[37.59071946,55.75003796]]}},{"type":"Feature","properties":{"class":"minor","oneway":0},"geometry":{"type":"LineString","coordinates":[[37.59071946,55.75003796],[37.59046733,55.75046969]]}},{"type":"Feature","properties":{"class":"minor","oneway":0},"geometry":{"type":"LineString","coordinates":[[37.59046733,55.75046969],[37.58995235,55.75147504]]}},{"type":"Feature","properties":{"class":"minor","oneway":0},"geometry":{"type":"LineString","coordinates":[[37.58995235,55.75147504],[37.58989334,55.75166523]]}},{"type":"Feature","properties":{"class":"minor","oneway":0},"geometry":{"type":"LineString","coordinates":[[37.58989334,55.75166523],[37.58976996,55.75195807]]}},{"type":"Feature","properties":{"class":"minor","oneway":0},"geometry":{"type":"LineString","coordinates":[[37.5927633,55.75013156],[37.59255946,55.75040629]]}},{"type":"Feature","properties":{"class":"minor","oneway":0},"geometry":{"type":"LineString","coordinates":[[37.59255946,55.75040629],[37.59237707,55.75069311]]}},{"type":"Feature","properties":{"class":"minor","oneway":0},"geometry":{"type":"LineString","coordinates":[[37.59237707,55.75069311],[37.59207129,55.75123653]]}},{"type":"Feature","properties":{"class":"minor","oneway":0},"geometry":{"type":"LineString","coordinates":[[37.59294033,55.75165014],[37.59290814,55.75162901]]}},{"type":"Feature","properties":{"class":"minor","oneway":0},"geometry":{"type":"LineString","coordinates":[[37.59290814,55.75162901],[37.59288669,55.75160485]]}},{"type":"Feature","properties":{"class":"minor","oneway":0},"geometry":{"type":"LineString","coordinates":[[37.59288669,55.75160485],[37.59288132,55.75158372]]}},{"type":"Feature","properties":{"class":"minor","oneway":0},"geometry":{"type":"LineString","coordinates":[[37.59288132,55.75158372],[37.59288669,55.75139352]]}},{"type":"Feature","properties":{"class":"minor","oneway":0},"geometry":{"type":"LineString","coordinates":[[37.59288669,55.75139352],[37.59287596,55.75136333]]}},{"type":"Feature","properties":{"class":"minor","oneway":0},"geometry":{"type":"LineString","coordinates":[[37.59287596,55.75136333],[37.59285986,55.75133918]]}},{"type":"Feature","properties":{"class":"minor","oneway":0},"geometry":{"type":"LineString","coordinates":[[37.59285986,55.75133918],[37.59283304,55.75131805]]}},{"type":"Feature","properties":{"class":"minor","oneway":0},"geometry":{"type":"LineString","coordinates":[[37.59283304,55.75131805],[37.59276867,55.75128786]]}},{"type":"Feature","properties":{"class":"minor","oneway":0},"geometry":{"type":"LineString","coordinates":[[37.59276867,55.75128786],[37.5924629,55.75128484]]}},{"type":"Feature","properties":{"class":"minor","oneway":0},"geometry":{"type":"LineString","coordinates":[[37.5924629,55.75128484],[37.59207129,55.75123653]]}},{"type":"Feature","properties":{"class":"minor","oneway":0},"geometry":{"type":"LineString","coordinates":[[37.59207129,55.75123653],[37.59018838,55.75101313]]}},{"type":"Feature","properties":{"class":"minor","oneway":0},"geometry":{"type":"LineString","coordinates":[[37.59859443,55.7747386],[37.5992167,55.77511877]]}},{"type":"Feature","properties":{"class":"minor","oneway":0},"geometry":{"type":"LineString","coordinates":[[37.5992167,55.77511877],[37.59954929,55.77530281]]}},{"type":"Feature","properties":{"class":"minor","oneway":0},"geometry":{"type":"LineString","coordinates":[[37.59954929,55.77530281],[37.59965658,55.77533299]]}},{"type":"Feature","properties":{"class":"minor","oneway":0},"geometry":{"type":"LineString","coordinates":[[37.5958854,55.76633779],[37.59673297,55.76576741]]}},{"type":"Feature","properties":{"class":"minor","oneway":0},"geometry":{"type":"LineString","coordinates":[[37.59673297,55.76576741],[37.59803653,55.76490429]]}},{"type":"Feature","properties":{"class":"minor","oneway":0},"geometry":{"type":"LineString","coordinates":[[37.59803653,55.76490429],[37.59890556,55.76428258]]}},{"type":"Feature","properties":{"class":"minor","oneway":0},"geometry":{"type":"LineString","coordinates":[[37.59803653,55.76490429],[37.59814918,55.76494955]]}},{"type":"Feature","properties":{"class":"minor","oneway":0},"geometry":{"type":"LineString","coordinates":[[37.59814918,55.76494955],[37.59900212,55.76534189]]}},{"type":"Feature","properties":{"class":"minor","oneway":0},"geometry":{"type":"LineString","coordinates":[[37.60131419,55.76453006],[37.60019302,55.76402001]]}},{"type":"Feature","properties":{"class":"minor","oneway":0},"geometry":{"type":"LineString","coordinates":[[37.60786951,55.76685686],[37.6084435,55.76634081]]}},{"type":"Feature","properties":{"class":"minor","oneway":0},"geometry":{"type":"LineString","coordinates":[[37.6084435,55.76634081],[37.60855079,55.76627744]]}},{"type":"Feature","properties":{"class":"minor","oneway":0},"geometry":{"type":"LineString","coordinates":[[37.60855079,55.76627744],[37.60872245,55.76614163]]}},{"type":"Feature","properties":{"class":"minor","oneway":0},"geometry":{"type":"LineString","coordinates":[[37.61268675,55.76912619],[37.61399567,55.76944003]]}},{"type":"Feature","properties":{"class":"minor","oneway":0},"geometry":{"type":"LineString","coordinates":[[37.61169434,55.77021856],[37.61188209,55.77026986]]}},{"type":"Feature","properties":{"class":"minor","oneway":0},"geometry":{"type":"LineString","coordinates":[[37.61188209,55.77026986],[37.61282086,55.77055049]]}},{"type":"Feature","properties":{"class":"minor","oneway":0},"geometry":{"type":"LineString","coordinates":[[37.61282086,55.77055049],[37.61295497,55.77058369]]}},{"type":"Feature","properties":{"class":"minor","oneway":0},"geometry":{"type":"LineString","coordinates":[[37.61295497,55.77058369],[37.61303544,55.77059576]]}},{"type":"Feature","properties":{"class":"minor","oneway":0},"geometry":{"type":"LineString","coordinates":[[37.61600196,55.76943399],[37.61624873,55.76943097]]}},{"type":"Feature","properties":{"class":"minor","oneway":0},"geometry":{"type":"LineString","coordinates":[[37.61624873,55.76943097],[37.61661351,55.76941589]]}},{"type":"Feature","properties":{"class":"minor","oneway":0},"geometry":{"type":"LineString","coordinates":[[37.61661351,55.76941589],[37.61753082,55.76936459]]}},{"type":"Feature","properties":{"class":"minor","oneway":0},"geometry":{"type":"LineString","coordinates":[[37.61139929,55.77053541],[37.61223078,55.77097898]]}},{"type":"Feature","properties":{"class":"minor","oneway":0},"geometry":{"type":"LineString","coordinates":[[37.61223078,55.77097898],[37.61232197,55.77103933]]}},{"type":"Feature","properties":{"class":"minor","oneway":0},"geometry":{"type":"LineString","coordinates":[[37.61232197,55.77103933],[37.61235416,55.77107856]]}},{"type":"Feature","properties":{"class":"minor","oneway":0},"geometry":{"type":"LineString","coordinates":[[37.61235416,55.77107856],[37.61237562,55.77112382]]}},{"type":"Feature","properties":{"class":"minor","oneway":0},"geometry":{"type":"LineString","coordinates":[[37.61237562,55.77112382],[37.61239707,55.77320885]]}},{"type":"Feature","properties":{"class":"minor","oneway":0},"geometry":{"type":"LineString","coordinates":[[37.61753082,55.76884857],[37.6170212,55.76798249]]}},{"type":"Feature","properties":{"class":"minor","oneway":0},"geometry":{"type":"LineString","coordinates":[[37.60628164,55.76402001],[37.60631382,55.76404114]]}},{"type":"Feature","properties":{"class":"minor","oneway":1},"geometry":{"type":"LineString","coordinates":[[37.61072874,55.7653268],[37.60909796,55.7647383]]}},{"type":"Feature","properties":{"class":"minor","oneway":1},"geometry":{"type":"LineString","coordinates":[[37.60909796,55.7647383],[37.60759056,55.76416488]]}},{"type":"Feature","properties":{"class":"minor","oneway":1},"geometry":{"type":"LineString","coordinates":[[37.59662032,55.77049316],[37.59644866,55.77060179]]}},{"type":"Feature","properties":{"class":"minor","oneway":1},"geometry":{"type":"LineString","coordinates":[[37.59768248,55.77093372],[37.59639502,55.77169412]]}},{"type":"Feature","properties":{"class":"minor","oneway":1},"geometry":{"type":"LineString","coordinates":[[37.59639502,55.77169412],[37.59590149,55.77199586]]}},{"type":"Feature","properties":{"class":"minor","oneway":1},"geometry":{"type":"LineString","coordinates":[[37.59590149,55.77199586],[37.59575129,55.77210147]]}},{"type":"Feature","properties":{"class":"minor","oneway":1},"geometry":{"type":"LineString","coordinates":[[37.59575129,55.77210147],[37.59487152,55.77262952]]}},{"type":"Feature","properties":{"class":"minor","oneway":1},"geometry":{"type":"LineString","coordinates":[[37.59591758,55.7731666],[37.59663641,55.77275021]]}},{"type":"Feature","properties":{"class":"minor","oneway":1},"geometry":{"type":"LineString","coordinates":[[37.59663641,55.77275021],[37.59677052,55.77266271]]}},{"type":"Feature","properties":{"class":"minor","oneway":1},"geometry":{"type":"LineString","coordinates":[[37.59677052,55.77266271],[37.5979507,55.77195664]]}},{"type":"Feature","properties":{"class":"minor","oneway":1},"geometry":{"type":"LineString","coordinates":[[37.5979507,55.77195664],[37.59846032,55.77164282]]}},{"type":"Feature","properties":{"class":"minor","oneway":1},"geometry":{"type":"LineString","coordinates":[[37.59846032,55.77164282],[37.59883046,55.77138936]]}},{"type":"Feature","properties":{"class":"minor","oneway":0},"geometry":{"type":"LineString","coordinates":[[37.59487152,55.77161567],[37.59677052,55.77266271]]}},{"type":"Feature","properties":{"class":"minor","oneway":0},"geometry":{"type":"LineString","coordinates":[[37.59677052,55.77266271],[37.59691536,55.77275323]]}},{"type":"Feature","properties":{"class":"minor","oneway":0},"geometry":{"type":"LineString","coordinates":[[37.59691536,55.77275323],[37.59755373,55.77311229]]}},{"type":"Feature","properties":{"class":"minor","oneway":0},"geometry":{"type":"LineString","coordinates":[[37.59755373,55.77311229],[37.59789169,55.77331445]]}},{"type":"Feature","properties":{"class":"minor","oneway":0},"geometry":{"type":"LineString","coordinates":[[37.59789169,55.77331445],[37.59955466,55.77424076]]}},{"type":"Feature","properties":{"class":"minor","oneway":1},"geometry":{"type":"LineString","coordinates":[[37.61392593,55.77530281],[37.61378646,55.77534807]]}},{"type":"Feature","properties":{"class":"minor","oneway":1},"geometry":{"type":"LineString","coordinates":[[37.61632383,55.7713441],[37.61535287,55.77124452]]}},{"type":"Feature","properties":{"class":"minor","oneway":1},"geometry":{"type":"LineString","coordinates":[[37.61535287,55.77124452],[37.61238098,55.77121736]]}},{"type":"Feature","properties":{"class":"minor","oneway":1},"geometry":{"type":"LineString","coordinates":[[37.61303544,55.77059576],[37.61471987,55.77074965]]}},{"type":"Feature","properties":{"class":"minor","oneway":1},"geometry":{"type":"LineString","coordinates":[[37.61471987,55.77074965],[37.61496127,55.7707587]]}},{"type":"Feature","properties":{"class":"minor","oneway":1},"geometry":{"type":"LineString","coordinates":[[37.61496127,55.7707587],[37.61527777,55.77076172]]}},{"type":"Feature","properties":{"class":"minor","oneway":1},"geometry":{"type":"LineString","coordinates":[[37.61527777,55.77076172],[37.616238,55.77075569]]}},{"type":"Feature","properties":{"class":"minor","oneway":1},"geometry":{"type":"LineString","coordinates":[[37.61252582,55.76541734],[37.61120081,55.76486203]]}},{"type":"Feature","properties":{"class":"minor","oneway":1},"geometry":{"type":"LineString","coordinates":[[37.60427535,55.76527248],[37.60409832,55.76513969]]}},{"type":"Feature","properties":{"class":"minor","oneway":1},"geometry":{"type":"LineString","coordinates":[[37.60409832,55.76513969],[37.60269284,55.76402001]]}},{"type":"Feature","properties":{"class":"minor","oneway":1},"geometry":{"type":"LineString","coordinates":[[37.59911478,55.7681032],[37.59806871,55.76752379]]}},{"type":"Feature","properties":{"class":"minor","oneway":1},"geometry":{"type":"LineString","coordinates":[[37.59806871,55.76752379],[37.59798288,55.76746646]]}},{"type":"Feature","properties":{"class":"minor","oneway":1},"geometry":{"type":"LineString","coordinates":[[37.59798288,55.76746646],[37.59792387,55.76739101]]}},{"type":"Feature","properties":{"class":"minor","oneway":1},"geometry":{"type":"LineString","coordinates":[[37.59792387,55.76739101],[37.59780049,55.7671013]]}},{"type":"Feature","properties":{"class":"minor","oneway":1},"geometry":{"type":"LineString","coordinates":[[37.59780049,55.7671013],[37.59776831,55.76705302]]}},{"type":"Feature","properties":{"class":"minor","oneway":1},"geometry":{"type":"LineString","coordinates":[[37.59776831,55.76705302],[37.59772539,55.76701982]]}},{"type":"Feature","properties":{"class":"minor","oneway":1},"geometry":{"type":"LineString","coordinates":[[37.59772539,55.76701982],[37.59764493,55.76698059]]}},{"type":"Feature","properties":{"class":"minor","oneway":1},"geometry":{"type":"LineString","coordinates":[[37.59764493,55.76698059],[37.59616435,55.7664072]]}},{"type":"Feature","properties":{"class":"minor","oneway":1},"geometry":{"type":"LineString","coordinates":[[37.59616435,55.7664072],[37.59599805,55.76636194]]}},{"type":"Feature","properties":{"class":"minor","oneway":1},"geometry":{"type":"LineString","coordinates":[[37.59599805,55.76636194],[37.5958854,55.76633779]]}},{"type":"Feature","properties":{"class":"minor","oneway":1},"geometry":{"type":"LineString","coordinates":[[37.5958854,55.76633779],[37.59583175,55.76637099]]}},{"type":"Feature","properties":{"class":"minor","oneway":1},"geometry":{"type":"LineString","coordinates":[[37.59583175,55.76637099],[37.59574592,55.76639815]]}},{"type":"Feature","properties":{"class":"minor","oneway":1},"geometry":{"type":"LineString","coordinates":[[37.59574592,55.76639815],[37.59568691,55.7664072]]}},{"type":"Feature","properties":{"class":"minor","oneway":1},"geometry":{"type":"LineString","coordinates":[[37.59568691,55.7664072],[37.59498417,55.76643738]]}},{"type":"Feature","properties":{"class":"minor","oneway":1},"geometry":{"type":"LineString","coordinates":[[37.59820819,55.76402001],[37.59890556,55.76428258]]}},{"type":"Feature","properties":{"class":"minor","oneway":1},"geometry":{"type":"LineString","coordinates":[[37.60065973,55.764856],[37.60108888,55.7646387]]}},{"type":"Feature","properties":{"class":"minor","oneway":1},"geometry":{"type":"LineString","coordinates":[[37.60108888,55.7646387],[37.60235488,55.76402001]]}},{"type":"Feature","properties":{"class":"minor","oneway":1},"geometry":{"type":"LineString","coordinates":[[37.59702265,55.76557427],[37.60086894,55.76714054]]}},{"type":"Feature","properties":{"class":"minor","oneway":1},"geometry":{"type":"LineString","coordinates":[[37.59803653,55.76490429],[37.59660959,55.76452704]]}},{"type":"Feature","properties":{"class":"minor","oneway":1},"geometry":{"type":"LineString","coordinates":[[37.59660959,55.76452704],[37.59648621,55.76449988]]}},{"type":"Feature","properties":{"class":"minor","oneway":1},"geometry":{"type":"LineString","coordinates":[[37.59648621,55.76449988],[37.5953275,55.7643188]]}},{"type":"Feature","properties":{"class":"minor","oneway":1},"geometry":{"type":"LineString","coordinates":[[37.59522021,55.76429465],[37.59487152,55.764186]]}},{"type":"Feature","properties":{"class":"minor","oneway":1},"geometry":{"type":"LineString","coordinates":[[37.60621727,55.76776521],[37.60585785,55.76771693]]}},{"type":"Feature","properties":{"class":"minor","oneway":1},"geometry":{"type":"LineString","coordinates":[[37.60585785,55.76771693],[37.60566473,55.76766261]]}},{"type":"Feature","properties":{"class":"minor","oneway":1},"geometry":{"type":"LineString","coordinates":[[37.60566473,55.76766261],[37.60433972,55.76719486]]}},{"type":"Feature","properties":{"class":"minor","oneway":1},"geometry":{"type":"LineString","coordinates":[[37.60433972,55.76719486],[37.60364234,55.76692929]]}},{"type":"Feature","properties":{"class":"minor","oneway":1},"geometry":{"type":"LineString","coordinates":[[37.60364234,55.76692929],[37.60350823,55.76685686]]}},{"type":"Feature","properties":{"class":"minor","oneway":1},"geometry":{"type":"LineString","coordinates":[[37.60350823,55.76685686],[37.60261238,55.76633478]]}},{"type":"Feature","properties":{"class":"minor","oneway":1},"geometry":{"type":"LineString","coordinates":[[37.6058042,55.76903265],[37.60591686,55.76901152]]}},{"type":"Feature","properties":{"class":"minor","oneway":1},"geometry":{"type":"LineString","coordinates":[[37.60591686,55.76901152],[37.60598123,55.76901152]]}},{"type":"Feature","properties":{"class":"minor","oneway":1},"geometry":{"type":"LineString","coordinates":[[37.60598123,55.76901152],[37.6070863,55.76912619]]}},{"type":"Feature","properties":{"class":"minor","oneway":1},"geometry":{"type":"LineString","coordinates":[[37.6070863,55.76912619],[37.60861516,55.76930122]]}},{"type":"Feature","properties":{"class":"minor","oneway":1},"geometry":{"type":"LineString","coordinates":[[37.60861516,55.76930122],[37.60977387,55.76944908]]}},{"type":"Feature","properties":{"class":"minor","oneway":1},"geometry":{"type":"LineString","coordinates":[[37.60977387,55.76944908],[37.61020839,55.76951245]]}},{"type":"Feature","properties":{"class":"minor","oneway":1},"geometry":{"type":"LineString","coordinates":[[37.61020839,55.76951245],[37.61028349,55.76953659]]}},{"type":"Feature","properties":{"class":"minor","oneway":1},"geometry":{"type":"LineString","coordinates":[[37.61028349,55.76953659],[37.61044979,55.769606]]}},{"type":"Feature","properties":{"class":"minor","oneway":1},"geometry":{"type":"LineString","coordinates":[[37.61044979,55.769606],[37.61061072,55.76968144]]}},{"type":"Feature","properties":{"class":"minor","oneway":1},"geometry":{"type":"LineString","coordinates":[[37.61061072,55.76968144],[37.6113832,55.77009786]]}},{"type":"Feature","properties":{"class":"minor","oneway":1},"geometry":{"type":"LineString","coordinates":[[37.6113832,55.77009786],[37.6115334,55.77016425]]}},{"type":"Feature","properties":{"class":"minor","oneway":1},"geometry":{"type":"LineString","coordinates":[[37.6115334,55.77016425],[37.61169434,55.77021856]]}},{"type":"Feature","properties":{"class":"minor","oneway":1},"geometry":{"type":"LineString","coordinates":[[37.603122,55.76857698],[37.60285378,55.76897833]]}},{"type":"Feature","properties":{"class":"minor","oneway":1},"geometry":{"type":"LineString","coordinates":[[37.60285378,55.76897833],[37.60282159,55.76904773]]}},{"type":"Feature","properties":{"class":"minor","oneway":1},"geometry":{"type":"LineString","coordinates":[[37.60282159,55.76904773],[37.60276794,55.76920465]]}},{"type":"Feature","properties":{"class":"minor","oneway":1},"geometry":{"type":"LineString","coordinates":[[37.60276794,55.76920465],[37.60255337,55.76958789]]}},{"type":"Feature","properties":{"class":"minor","oneway":1},"geometry":{"type":"LineString","coordinates":[[37.60255337,55.76958789],[37.60244071,55.76973273]]}},{"type":"Feature","properties":{"class":"minor","oneway":1},"geometry":{"type":"LineString","coordinates":[[37.60244071,55.76973273],[37.60189891,55.7701733]]}},{"type":"Feature","properties":{"class":"minor","oneway":1},"geometry":{"type":"LineString","coordinates":[[37.60189891,55.7701733],[37.60125518,55.77071344]]}},{"type":"Feature","properties":{"class":"minor","oneway":1},"geometry":{"type":"LineString","coordinates":[[37.60125518,55.77071344],[37.60074556,55.77126866]]}},{"type":"Feature","properties":{"class":"minor","oneway":1},"geometry":{"type":"LineString","coordinates":[[37.61624873,55.76943097],[37.616238,55.77075569]]}},{"type":"Feature","properties":{"class":"minor","oneway":1},"geometry":{"type":"LineString","coordinates":[[37.61373818,55.76937967],[37.61388838,55.76912016]]}},{"type":"Feature","properties":{"class":"minor","oneway":1},"geometry":{"type":"LineString","coordinates":[[37.61388838,55.76912016],[37.6139313,55.76907489]]}},{"type":"Feature","properties":{"class":"minor","oneway":1},"geometry":{"type":"LineString","coordinates":[[37.6139313,55.76907489],[37.61397958,55.76905377]]}},{"type":"Feature","properties":{"class":"minor","oneway":1},"geometry":{"type":"LineString","coordinates":[[37.61397958,55.76905377],[37.61404395,55.76903566]]}},{"type":"Feature","properties":{"class":"minor","oneway":1},"geometry":{"type":"LineString","coordinates":[[37.61404395,55.76903566],[37.6141727,55.76902058]]}},{"type":"Feature","properties":{"class":"minor","oneway":1},"geometry":{"type":"LineString","coordinates":[[37.6141727,55.76902058],[37.6144892,55.76901454]]}},{"type":"Feature","properties":{"class":"minor","oneway":1},"geometry":{"type":"LineString","coordinates":[[37.6144892,55.76901454],[37.61598051,55.76900851]]}},{"type":"Feature","properties":{"class":"minor","oneway":1},"geometry":{"type":"LineString","coordinates":[[37.61598051,55.76900851],[37.6161468,55.76900247]]}},{"type":"Feature","properties":{"class":"minor","oneway":1},"geometry":{"type":"LineString","coordinates":[[37.6161468,55.76900247],[37.61725187,55.76892703]]}},{"type":"Feature","properties":{"class":"minor","oneway":1},"geometry":{"type":"LineString","coordinates":[[37.61725187,55.76892703],[37.61745572,55.7689059]]}},{"type":"Feature","properties":{"class":"minor","oneway":1},"geometry":{"type":"LineString","coordinates":[[37.61745572,55.7689059],[37.61753082,55.76888478]]}},{"type":"Feature","properties":{"class":"minor","oneway":1},"geometry":{"type":"LineString","coordinates":[[37.60108888,55.7646387],[37.60240853,55.76526342]]}},{"type":"Feature","properties":{"class":"minor","oneway":1},"geometry":{"type":"LineString","coordinates":[[37.60240853,55.76526342],[37.60250509,55.76532076]]}},{"type":"Feature","properties":{"class":"minor","oneway":1},"geometry":{"type":"LineString","coordinates":[[37.60250509,55.76532076],[37.60267138,55.7654445]]}},{"type":"Feature","properties":{"class":"minor","oneway":1},"geometry":{"type":"LineString","coordinates":[[37.595644,55.76402001],[37.5953275,55.7643188]]}},{"type":"Feature","properties":{"class":"minor","oneway":1},"geometry":{"type":"LineString","coordinates":[[37.60952175,55.76637401],[37.60934472,55.76637401]]}},{"type":"Feature","properties":{"class":"minor","oneway":1},"geometry":{"type":"LineString","coordinates":[[37.60934472,55.76637401],[37.60925889,55.76636495]]}},{"type":"Feature","properties":{"class":"minor","oneway":1},"geometry":{"type":"LineString","coordinates":[[37.60925889,55.76636495],[37.60915697,55.76633478]]}},{"type":"Feature","properties":{"class":"minor","oneway":1},"geometry":{"type":"LineString","coordinates":[[37.59526312,55.76436708],[37.59487152,55.76474131]]}},{"type":"Feature","properties":{"class":"secondary","oneway":1},"geometry":{"type":"LineString","coordinates":[[37.61308908,55.76862224],[37.61306763,55.76858]]}},{"type":"Feature","properties":{"class":"secondary","oneway":1},"geometry":{"type":"LineString","coordinates":[[37.61306763,55.76858],[37.61303008,55.76855284]]}},{"type":"Feature","properties":{"class":"secondary","oneway":1},"geometry":{"type":"LineString","coordinates":[[37.61303008,55.76855284],[37.61297643,55.76852568]]}},{"type":"Feature","properties":{"class":"secondary","oneway":1},"geometry":{"type":"LineString","coordinates":[[37.61297643,55.76852568],[37.61253655,55.76838083]]}},{"type":"Feature","properties":{"class":"secondary","oneway":1},"geometry":{"type":"LineString","coordinates":[[37.61253655,55.76838083],[37.61234879,55.7683084]]}},{"type":"Feature","properties":{"class":"minor","oneway":1},"geometry":{"type":"LineString","coordinates":[[37.61204839,55.76402001],[37.61072874,55.7653268]]}},{"type":"Feature","properties":{"class":"minor","oneway":1},"geometry":{"type":"LineString","coordinates":[[37.59890556,55.76428258],[37.60045588,55.76485902]]}},{"type":"Feature","properties":{"class":"minor","oneway":1},"geometry":{"type":"LineString","coordinates":[[37.60045588,55.76485902],[37.60049343,55.76486807]]}},{"type":"Feature","properties":{"class":"minor","oneway":1},"geometry":{"type":"LineString","coordinates":[[37.60049343,55.76486807],[37.60057926,55.76487411]]}},{"type":"Feature","properties":{"class":"minor","oneway":1},"geometry":{"type":"LineString","coordinates":[[37.60057926,55.76487411],[37.60065973,55.764856]]}},{"type":"Feature","properties":{"class":"minor","oneway":1},"geometry":{"type":"LineString","coordinates":[[37.60198474,55.76805793],[37.603122,55.76857698]]}},{"type":"Feature","properties":{"class":"minor","oneway":1},"geometry":{"type":"LineString","coordinates":[[37.603122,55.76857698],[37.60404468,55.76882443]]}},{"type":"Feature","properties":{"class":"minor","oneway":1},"geometry":{"type":"LineString","coordinates":[[37.60404468,55.76882443],[37.60415196,55.76884555]]}},{"type":"Feature","properties":{"class":"minor","oneway":1},"geometry":{"type":"LineString","coordinates":[[37.60415196,55.76884555],[37.60453284,55.76889685]]}},{"type":"Feature","properties":{"class":"minor","oneway":1},"geometry":{"type":"LineString","coordinates":[[37.60453284,55.76889685],[37.60563791,55.76903265]]}},{"type":"Feature","properties":{"class":"minor","oneway":1},"geometry":{"type":"LineString","coordinates":[[37.60563791,55.76903265],[37.6058042,55.76903265]]}},{"type":"Feature","properties":{"class":"minor","oneway":1},"geometry":{"type":"LineString","coordinates":[[37.60530531,55.77039056],[37.60307372,55.76986853]]}},{"type":"Feature","properties":{"class":"minor","oneway":1},"geometry":{"type":"LineString","coordinates":[[37.60307372,55.76986853],[37.60264456,55.76976291]]}},{"type":"Feature","properties":{"class":"minor","oneway":1},"geometry":{"type":"LineString","coordinates":[[37.60264456,55.76976291],[37.60255337,55.76972066]]}},{"type":"Feature","properties":{"class":"minor","oneway":1},"geometry":{"type":"LineString","coordinates":[[37.60255337,55.76972066],[37.60249436,55.76966333]]}},{"type":"Feature","properties":{"class":"primary","oneway":1},"geometry":{"type":"LineString","coordinates":[[37.59774685,55.77014011],[37.59781122,55.77011295]]}},{"type":"Feature","properties":{"class":"primary","oneway":1},"geometry":{"type":"LineString","coordinates":[[37.59781122,55.77011295],[37.5978595,55.77010691]]}},{"type":"Feature","properties":{"class":"primary","oneway":1},"geometry":{"type":"LineString","coordinates":[[37.5978595,55.77010691],[37.59790778,55.77010993]]}},{"type":"Feature","properties":{"class":"primary","oneway":1},"geometry":{"type":"LineString","coordinates":[[37.59790778,55.77010993],[37.59800434,55.77013407]]}},{"type":"Feature","properties":{"class":"primary","oneway":1},"geometry":{"type":"LineString","coordinates":[[37.59733379,55.77078586],[37.59724796,55.77073154]]}},{"type":"Feature","properties":{"class":"primary","oneway":1},"geometry":{"type":"LineString","coordinates":[[37.59724796,55.77073154],[37.59719431,55.77067723]]}},{"type":"Feature","properties":{"class":"primary","oneway":1},"geometry":{"type":"LineString","coordinates":[[37.59719431,55.77067723],[37.59716749,55.770638]]}},{"type":"Feature","properties":{"class":"primary","oneway":1},"geometry":{"type":"LineString","coordinates":[[37.59716749,55.770638],[37.59716213,55.77054748]]}},{"type":"Feature","properties":{"class":"primary","oneway":1},"geometry":{"type":"LineString","coordinates":[[37.59716213,55.77054748],[37.59721041,55.77048411]]}},{"type":"Feature","properties":{"class":"primary","oneway":1},"geometry":{"type":"LineString","coordinates":[[37.59721041,55.77048411],[37.59742498,55.77034832]]}},{"type":"Feature","properties":{"class":"minor","oneway":1},"geometry":{"type":"LineString","coordinates":[[37.61072874,55.7653268],[37.61044979,55.76560143]]}},{"type":"Feature","properties":{"class":"minor","oneway":1},"geometry":{"type":"LineString","coordinates":[[37.61044979,55.76560143],[37.60971487,55.76628951]]}},{"type":"Feature","properties":{"class":"minor","oneway":1},"geometry":{"type":"LineString","coordinates":[[37.60971487,55.76628951],[37.60964513,55.76633176]]}},{"type":"Feature","properties":{"class":"minor","oneway":1},"geometry":{"type":"LineString","coordinates":[[37.60964513,55.76633176],[37.60957003,55.76636194]]}},{"type":"Feature","properties":{"class":"minor","oneway":1},"geometry":{"type":"LineString","coordinates":[[37.60957003,55.76636194],[37.60952175,55.76637401]]}},{"type":"Feature","properties":{"class":"minor","oneway":1},"geometry":{"type":"LineString","coordinates":[[37.59488761,55.76644342],[37.59487152,55.76643738]]}},{"type":"Feature","properties":{"class":"minor","oneway":1},"geometry":{"type":"LineString","coordinates":[[37.616238,55.77075569],[37.61632919,55.7707587]]}},{"type":"Feature","properties":{"class":"minor","oneway":1},"geometry":{"type":"LineString","coordinates":[[37.61632919,55.7707587],[37.61637747,55.77077379]]}},{"type":"Feature","properties":{"class":"minor","oneway":1},"geometry":{"type":"LineString","coordinates":[[37.61637747,55.77077379],[37.61640966,55.7707919]]}},{"type":"Feature","properties":{"class":"minor","oneway":1},"geometry":{"type":"LineString","coordinates":[[37.61640966,55.7707919],[37.61642575,55.77081604]]}},{"type":"Feature","properties":{"class":"minor","oneway":1},"geometry":{"type":"LineString","coordinates":[[37.61642575,55.77081604],[37.61642575,55.77083716]]}},{"type":"Feature","properties":{"class":"minor","oneway":1},"geometry":{"type":"LineString","coordinates":[[37.61642575,55.77083716],[37.61603951,55.7728528]]}},{"type":"Feature","properties":{"class":"minor","oneway":1},"geometry":{"type":"LineString","coordinates":[[37.61603951,55.7728528],[37.61595368,55.7733748]]}},{"type":"Feature","properties":{"class":"minor","oneway":1},"geometry":{"type":"LineString","coordinates":[[37.60925353,55.76669088],[37.60940909,55.76658526]]}},{"type":"Feature","properties":{"class":"minor","oneway":1},"geometry":{"type":"LineString","coordinates":[[37.60940909,55.76658526],[37.60952711,55.76648869]]}},{"type":"Feature","properties":{"class":"minor","oneway":1},"geometry":{"type":"LineString","coordinates":[[37.60952711,55.76648869],[37.60957003,55.76647058]]}},{"type":"Feature","properties":{"class":"minor","oneway":1},"geometry":{"type":"LineString","coordinates":[[37.60957003,55.76647058],[37.60968268,55.76645549]]}},{"type":"Feature","properties":{"class":"minor","oneway":1},"geometry":{"type":"LineString","coordinates":[[37.60968268,55.76645549],[37.60974705,55.76645549]]}},{"type":"Feature","properties":{"class":"minor","oneway":1},"geometry":{"type":"LineString","coordinates":[[37.60974705,55.76645549],[37.60990262,55.76648567]]}},{"type":"Feature","properties":{"class":"primary","oneway":1},"geometry":{"type":"LineString","coordinates":[[37.59774685,55.77014011],[37.59776294,55.77011597]]}},{"type":"Feature","properties":{"class":"primary","oneway":1},"geometry":{"type":"LineString","coordinates":[[37.59776294,55.77011597],[37.59776294,55.77009484]]}},{"type":"Feature","properties":{"class":"primary","oneway":1},"geometry":{"type":"LineString","coordinates":[[37.59776294,55.77009484],[37.59774685,55.77007372]]}},{"type":"Feature","properties":{"class":"primary","oneway":1},"geometry":{"type":"LineString","coordinates":[[37.59774685,55.77007372],[37.59757519,55.76995905]]}},{"type":"Feature","properties":{"class":"minor","oneway":1},"geometry":{"type":"LineString","coordinates":[[37.61045516,55.7731998],[37.61079311,55.77317566]]}},{"type":"Feature","properties":{"class":"minor","oneway":1},"geometry":{"type":"LineString","coordinates":[[37.61079311,55.77317566],[37.61108816,55.7731304]]}},{"type":"Feature","properties":{"class":"minor","oneway":1},"geometry":{"type":"LineString","coordinates":[[37.61108816,55.7731304],[37.61114717,55.7731304]]}},{"type":"Feature","properties":{"class":"minor","oneway":1},"geometry":{"type":"LineString","coordinates":[[37.61114717,55.7731304],[37.61150122,55.77315755]]}},{"type":"Feature","properties":{"class":"minor","oneway":1},"geometry":{"type":"LineString","coordinates":[[37.61150122,55.77315755],[37.6121664,55.7731998]]}},{"type":"Feature","properties":{"class":"minor","oneway":1},"geometry":{"type":"LineString","coordinates":[[37.6121664,55.7731998],[37.61261165,55.7732179]]}},{"type":"Feature","properties":{"class":"minor","oneway":1},"geometry":{"type":"LineString","coordinates":[[37.61261165,55.7732179],[37.61293888,55.7731998]]}},{"type":"Feature","properties":{"class":"minor","oneway":1},"geometry":{"type":"LineString","coordinates":[[37.61293888,55.7731998],[37.61360407,55.77322997]]}},{"type":"Feature","properties":{"class":"minor","oneway":1},"geometry":{"type":"LineString","coordinates":[[37.61360407,55.77322997],[37.61373281,55.77323902]]}},{"type":"Feature","properties":{"class":"minor","oneway":1},"geometry":{"type":"LineString","coordinates":[[37.61373281,55.77323902],[37.6139313,55.77326618]]}},{"type":"Feature","properties":{"class":"minor","oneway":1},"geometry":{"type":"LineString","coordinates":[[37.6139313,55.77326618],[37.61418343,55.77330842]]}},{"type":"Feature","properties":{"class":"minor","oneway":1},"geometry":{"type":"LineString","coordinates":[[37.61418343,55.77330842],[37.61446774,55.77333859]]}},{"type":"Feature","properties":{"class":"minor","oneway":1},"geometry":{"type":"LineString","coordinates":[[37.60249436,55.76966333],[37.60243535,55.76959694]]}},{"type":"Feature","properties":{"class":"minor","oneway":1},"geometry":{"type":"LineString","coordinates":[[37.60243535,55.76959694],[37.60236025,55.76955168]]}},{"type":"Feature","properties":{"class":"minor","oneway":1},"geometry":{"type":"LineString","coordinates":[[37.60236025,55.76955168],[37.59934008,55.76811829]]}},{"type":"Feature","properties":{"class":"minor","oneway":1},"geometry":{"type":"LineString","coordinates":[[37.60397494,55.7737942],[37.60399103,55.77377308]]}},{"type":"Feature","properties":{"class":"minor","oneway":1},"geometry":{"type":"LineString","coordinates":[[37.60399103,55.77377308],[37.60401785,55.773758]]}},{"type":"Feature","properties":{"class":"minor","oneway":1},"geometry":{"type":"LineString","coordinates":[[37.60401785,55.773758],[37.6040554,55.77374894]]}},{"type":"Feature","properties":{"class":"minor","oneway":1},"geometry":{"type":"LineString","coordinates":[[37.6040554,55.77374894],[37.60409832,55.77374894]]}},{"type":"Feature","properties":{"class":"minor","oneway":1},"geometry":{"type":"LineString","coordinates":[[37.60409832,55.77374894],[37.60416269,55.77377308]]}},{"type":"Feature","properties":{"class":"minor","oneway":1},"geometry":{"type":"LineString","coordinates":[[37.60416269,55.77377308],[37.60417879,55.77381834]]}},{"type":"Feature","properties":{"class":"minor","oneway":1},"geometry":{"type":"LineString","coordinates":[[37.60377645,55.77494679],[37.60372818,55.77498299]]}},{"type":"Feature","properties":{"class":"minor","oneway":1},"geometry":{"type":"LineString","coordinates":[[37.60372818,55.77498299],[37.60369599,55.77499205]]}},{"type":"Feature","properties":{"class":"minor","oneway":1},"geometry":{"type":"LineString","coordinates":[[37.60369599,55.77499205],[37.6036638,55.77499205]]}},{"type":"Feature","properties":{"class":"minor","oneway":1},"geometry":{"type":"LineString","coordinates":[[37.6036638,55.77499205],[37.60360479,55.77497092]]}},{"type":"Feature","properties":{"class":"minor","oneway":1},"geometry":{"type":"LineString","coordinates":[[37.60360479,55.77497092],[37.6035887,55.77492567]]}},{"type":"Feature","properties":{"class":"minor","oneway":1},"geometry":{"type":"LineString","coordinates":[[37.61510074,55.76651283],[37.61495054,55.76644945]]}},{"type":"Feature","properties":{"class":"minor","oneway":1},"geometry":{"type":"LineString","coordinates":[[37.61495054,55.76644945],[37.61354506,55.76585192]]}},{"type":"Feature","properties":{"class":"minor","oneway":1},"geometry":{"type":"LineString","coordinates":[[37.59965658,55.77533299],[37.59991944,55.77540238]]}},{"type":"Feature","properties":{"class":"minor","oneway":1},"geometry":{"type":"LineString","coordinates":[[37.59991944,55.77540238],[37.60092258,55.77564073]]}},{"type":"Feature","properties":{"class":"minor","oneway":1},"geometry":{"type":"LineString","coordinates":[[37.60092258,55.77564073],[37.60140002,55.7757403]]}},{"type":"Feature","properties":{"class":"minor","oneway":1},"geometry":{"type":"LineString","coordinates":[[37.60140002,55.7757403],[37.60313272,55.77599977]]}},{"type":"Feature","properties":{"class":"minor","oneway":1},"geometry":{"type":"LineString","coordinates":[[37.61563182,55.76601488],[37.61587858,55.76614465]]}},{"type":"Feature","properties":{"class":"minor","oneway":1},"geometry":{"type":"LineString","coordinates":[[37.61587858,55.76614465],[37.61621654,55.76634383]]}},{"type":"Feature","properties":{"class":"minor","oneway":1},"geometry":{"type":"LineString","coordinates":[[37.60152876,55.7678316],[37.60198474,55.76805793]]}},{"type":"Feature","properties":{"class":"minor","oneway":1},"geometry":{"type":"LineString","coordinates":[[37.59618044,55.77074965],[37.59487152,55.77148893]]}},{"type":"Feature","properties":{"class":"secondary","oneway":1},"geometry":{"type":"LineString","coordinates":[[37.60498345,55.77264762],[37.6049459,55.77263555]]}},{"type":"Feature","properties":{"class":"secondary","oneway":1},"geometry":{"type":"LineString","coordinates":[[37.6049459,55.77263555],[37.60491371,55.77261745]]}},{"type":"Feature","properties":{"class":"secondary","oneway":1},"geometry":{"type":"LineString","coordinates":[[37.60491371,55.77261745],[37.60489762,55.77259331]]}},{"type":"Feature","properties":{"class":"secondary","oneway":1},"geometry":{"type":"LineString","coordinates":[[37.60489762,55.77259331],[37.60489762,55.77256917]]}},{"type":"Feature","properties":{"class":"secondary","oneway":1},"geometry":{"type":"LineString","coordinates":[[37.60489762,55.77256917],[37.60491371,55.77254503]]}},{"type":"Feature","properties":{"class":"secondary","oneway":1},"geometry":{"type":"LineString","coordinates":[[37.60491371,55.77254503],[37.60494053,55.77252693]]}},{"type":"Feature","properties":{"class":"secondary","oneway":1},"geometry":{"type":"LineString","coordinates":[[37.60494053,55.77252693],[37.60497808,55.77251486]]}},{"type":"Feature","properties":{"class":"secondary","oneway":1},"geometry":{"type":"LineString","coordinates":[[37.60497808,55.77251486],[37.605021,55.77250882]]}},{"type":"Feature","properties":{"class":"secondary","oneway":1},"geometry":{"type":"LineString","coordinates":[[37.605021,55.77250882],[37.60506392,55.77251184]]}},{"type":"Feature","properties":{"class":"primary","oneway":1},"geometry":{"type":"LineString","coordinates":[[37.59742498,55.77034832],[37.59774685,55.77014011]]}},{"type":"Feature","properties":{"class":"secondary","oneway":1},"geometry":{"type":"LineString","coordinates":[[37.60380864,55.77218596],[37.60386765,55.77222217]]}},{"type":"Feature","properties":{"class":"secondary","oneway":1},"geometry":{"type":"LineString","coordinates":[[37.60386765,55.77222217],[37.60387838,55.77227347]]}},{"type":"Feature","properties":{"class":"secondary","oneway":1},"geometry":{"type":"LineString","coordinates":[[37.60387838,55.77227347],[37.60385692,55.7722976]]}},{"type":"Feature","properties":{"class":"secondary","oneway":1},"geometry":{"type":"LineString","coordinates":[[37.60385692,55.7722976],[37.60382473,55.77231571]]}},{"type":"Feature","properties":{"class":"secondary","oneway":1},"geometry":{"type":"LineString","coordinates":[[37.60382473,55.77231571],[37.6037389,55.77232778]]}},{"type":"Feature","properties":{"class":"secondary","oneway":1},"geometry":{"type":"LineString","coordinates":[[37.6037389,55.77232778],[37.60369062,55.77232174]]}},{"type":"Feature","properties":{"class":"minor","oneway":1},"geometry":{"type":"LineString","coordinates":[[37.59487152,55.77378817],[37.59591758,55.7731666]]}},{"type":"Feature","properties":{"class":"minor","oneway":1},"geometry":{"type":"LineString","coordinates":[[37.60759056,55.76416488],[37.60731697,55.76406226]]}},{"type":"Feature","properties":{"class":"minor","oneway":1},"geometry":{"type":"LineString","coordinates":[[37.60731697,55.76406226],[37.60720968,55.76402001]]}},{"type":"Feature","properties":{"class":"minor","oneway":1},"geometry":{"type":"LineString","coordinates":[[37.61283159,55.76554711],[37.61252582,55.76541734]]}},{"type":"Feature","properties":{"class":"minor","oneway":1},"geometry":{"type":"LineString","coordinates":[[37.61312127,55.76567084],[37.61283159,55.76554711]]}},{"type":"Feature","properties":{"class":"minor","oneway":1},"geometry":{"type":"LineString","coordinates":[[37.61343777,55.76580363],[37.61312127,55.76567084]]}},{"type":"Feature","properties":{"class":"minor","oneway":1},"geometry":{"type":"LineString","coordinates":[[37.61354506,55.76585192],[37.61343777,55.76580363]]}},{"type":"Feature","properties":{"class":"minor","oneway":1},"geometry":{"type":"LineString","coordinates":[[37.61739135,55.76402907],[37.61753082,55.7640351]]}},{"type":"Feature","properties":{"class":"minor","oneway":1},"geometry":{"type":"LineString","coordinates":[[37.61713386,55.76402001],[37.61739135,55.76402907]]}},{"type":"Feature","properties":{"class":"minor","oneway":1},"geometry":{"type":"LineString","coordinates":[[37.61747718,55.76713148],[37.61753082,55.76716166]]}},{"type":"Feature","properties":{"class":"minor","oneway":1},"geometry":{"type":"LineString","coordinates":[[37.61725187,55.76699266],[37.61747718,55.76713148]]}},{"type":"Feature","properties":{"class":"minor","oneway":1},"geometry":{"type":"LineString","coordinates":[[37.61716604,55.76693834],[37.61725187,55.76699266]]}},{"type":"Feature","properties":{"class":"minor","oneway":1},"geometry":{"type":"LineString","coordinates":[[37.61704266,55.76685988],[37.61716604,55.76693834]]}},{"type":"Feature","properties":{"class":"minor","oneway":1},"geometry":{"type":"LineString","coordinates":[[37.61654377,55.76655206],[37.61704266,55.76685988]]}},{"type":"Feature","properties":{"class":"minor","oneway":1},"geometry":{"type":"LineString","coordinates":[[37.61621654,55.76634383],[37.61654377,55.76655206]]}},{"type":"Feature","properties":{"class":"minor","oneway":1},"geometry":{"type":"LineString","coordinates":[[37.61743426,55.77553212],[37.61753082,55.77553212]]}},{"type":"Feature","properties":{"class":"minor","oneway":1},"geometry":{"type":"LineString","coordinates":[[37.61728942,55.77553212],[37.61743426,55.77553212]]}},{"type":"Feature","properties":{"class":"minor","oneway":1},"geometry":{"type":"LineString","coordinates":[[37.61721969,55.77553212],[37.61728942,55.77553212]]}},{"type":"Feature","properties":{"class":"minor","oneway":1},"geometry":{"type":"LineString","coordinates":[[37.61704803,55.77553212],[37.61721969,55.77553212]]}},{"type":"Feature","properties":{"class":"minor","oneway":1},"geometry":{"type":"LineString","coordinates":[[37.61693537,55.77553212],[37.61704803,55.77553212]]}},{"type":"Feature","properties":{"class":"minor","oneway":1},"geometry":{"type":"LineString","coordinates":[[37.61655986,55.77553815],[37.61693537,55.77553212]]}},{"type":"Feature","properties":{"class":"minor","oneway":1},"geometry":{"type":"LineString","coordinates":[[37.61642039,55.77553815],[37.61655986,55.77553815]]}},{"type":"Feature","properties":{"class":"minor","oneway":1},"geometry":{"type":"LineString","coordinates":[[37.61581957,55.77564677],[37.61593223,55.77561961]]}},{"type":"Feature","properties":{"class":"minor","oneway":1},"geometry":{"type":"LineString","coordinates":[[37.61527777,55.77577952],[37.61581957,55.77564677]]}},{"type":"Feature","properties":{"class":"minor","oneway":1},"geometry":{"type":"LineString","coordinates":[[37.61593223,55.77561961],[37.61624873,55.77555625]]}},{"type":"Feature","properties":{"class":"minor","oneway":1},"geometry":{"type":"LineString","coordinates":[[37.61624873,55.77555625],[37.61632919,55.77554419]]}},{"type":"Feature","properties":{"class":"minor","oneway":1},"geometry":{"type":"LineString","coordinates":[[37.61632919,55.77554419],[37.61642039,55.77553815]]}},{"type":"Feature","properties":{"class":"minor","oneway":1},"geometry":{"type":"LineString","coordinates":[[37.61497736,55.77587909],[37.61527777,55.77577952]]}},{"type":"Feature","properties":{"class":"minor","oneway":1},"geometry":{"type":"LineString","coordinates":[[37.61486471,55.77591831],[37.61497736,55.77587909]]}},{"type":"Feature","properties":{"class":"minor","oneway":1},"geometry":{"type":"LineString","coordinates":[[37.61434972,55.77514894],[37.61392593,55.77530281]]}},{"type":"Feature","properties":{"class":"minor","oneway":1},"geometry":{"type":"LineString","coordinates":[[37.61449993,55.77510066],[37.61434972,55.77514894]]}},{"type":"Feature","properties":{"class":"minor","oneway":1},"geometry":{"type":"LineString","coordinates":[[37.61522412,55.77487136],[37.61449993,55.77510066]]}},{"type":"Feature","properties":{"class":"minor","oneway":1},"geometry":{"type":"LineString","coordinates":[[37.61538506,55.7748261],[37.61522412,55.77487136]]}},{"type":"Feature","properties":{"class":"minor","oneway":1},"geometry":{"type":"LineString","coordinates":[[37.61622727,55.77463903],[37.61583567,55.7747205]]}},{"type":"Feature","properties":{"class":"minor","oneway":1},"geometry":{"type":"LineString","coordinates":[[37.61583567,55.7747205],[37.61538506,55.7748261]]}},{"type":"Feature","properties":{"class":"minor","oneway":1},"geometry":{"type":"LineString","coordinates":[[37.61639893,55.77460886],[37.61622727,55.77463903]]}},{"type":"Feature","properties":{"class":"minor","oneway":1},"geometry":{"type":"LineString","coordinates":[[37.61681199,55.77457567],[37.61656523,55.77458774]]}},{"type":"Feature","properties":{"class":"minor","oneway":1},"geometry":{"type":"LineString","coordinates":[[37.61656523,55.77458774],[37.61639893,55.77460886]]}},{"type":"Feature","properties":{"class":"minor","oneway":1},"geometry":{"type":"LineString","coordinates":[[37.61701047,55.77456662],[37.61681199,55.77457567]]}},{"type":"Feature","properties":{"class":"minor","oneway":1},"geometry":{"type":"LineString","coordinates":[[37.61720359,55.7745636],[37.61701047,55.77456662]]}},{"type":"Feature","properties":{"class":"minor","oneway":1},"geometry":{"type":"LineString","coordinates":[[37.61753082,55.7745636],[37.61720359,55.7745636]]}},{"type":"Feature","properties":{"class":"minor","oneway":1},"geometry":{"type":"LineString","coordinates":[[37.59644866,55.77060179],[37.59618044,55.77074965]]}},{"type":"Feature","properties":{"class":"tertiary","oneway":1},"geometry":{"type":"LineString","coordinates":[[37.61563182,55.76601488],[37.61590004,55.76571913]]}},{"type":"Feature","properties":{"class":"tertiary","oneway":1},"geometry":{"type":"LineString","coordinates":[[37.61590004,55.76571913],[37.61610925,55.76547166]]}},{"type":"Feature","properties":{"class":"tertiary","oneway":1},"geometry":{"type":"LineString","coordinates":[[37.61610925,55.76547166],[37.61669934,55.76469906]]}},{"type":"Feature","properties":{"class":"tertiary","oneway":0},"geometry":{"type":"LineString","coordinates":[[37.60274112,55.77258124],[37.60180771,55.77309721]]}},{"type":"Feature","properties":{"class":"tertiary","oneway":0},"geometry":{"type":"LineString","coordinates":[[37.60180771,55.77309721],[37.59990335,55.77406878]]}},{"type":"Feature","properties":{"class":"tertiary","oneway":0},"geometry":{"type":"LineString","coordinates":[[37.59990335,55.77406878],[37.59955466,55.77424076]]}},{"type":"Feature","properties":{"class":"tertiary","oneway":0},"geometry":{"type":"LineString","coordinates":[[37.60448456,55.77238209],[37.60454893,55.772192]]}},{"type":"Feature","properties":{"class":"tertiary","oneway":0},"geometry":{"type":"LineString","coordinates":[[37.60454893,55.772192],[37.60475278,55.77173033]]}},{"type":"Feature","properties":{"class":"tertiary","oneway":0},"geometry":{"type":"LineString","coordinates":[[37.60475278,55.77173033],[37.60523558,55.77056558]]}},{"type":"Feature","properties":{"class":"tertiary","oneway":0},"geometry":{"type":"LineString","coordinates":[[37.60523558,55.77056558],[37.60553062,55.76979912]]}},{"type":"Feature","properties":{"class":"tertiary","oneway":0},"geometry":{"type":"LineString","coordinates":[[37.60553062,55.76979912],[37.6058042,55.76903265]]}},{"type":"Feature","properties":{"class":"tertiary","oneway":0},"geometry":{"type":"LineString","coordinates":[[37.6058042,55.76903265],[37.60666251,55.76638306]]}},{"type":"Feature","properties":{"class":"tertiary","oneway":0},"geometry":{"type":"LineString","coordinates":[[37.60666251,55.76638306],[37.60674834,55.7662714]]}},{"type":"Feature","properties":{"class":"tertiary","oneway":0},"geometry":{"type":"LineString","coordinates":[[37.61084676,55.77346532],[37.61076629,55.77385455]]}},{"type":"Feature","properties":{"class":"tertiary","oneway":0},"geometry":{"type":"LineString","coordinates":[[37.61076629,55.77385455],[37.61079311,55.77392093]]}},{"type":"Feature","properties":{"class":"tertiary","oneway":0},"geometry":{"type":"LineString","coordinates":[[37.61079311,55.77392093],[37.6108253,55.7739511]]}},{"type":"Feature","properties":{"class":"tertiary","oneway":0},"geometry":{"type":"LineString","coordinates":[[37.6108253,55.7739511],[37.61149585,55.77429205]]}},{"type":"Feature","properties":{"class":"tertiary","oneway":0},"geometry":{"type":"LineString","coordinates":[[37.61149585,55.77429205],[37.61167824,55.77439162]]}},{"type":"Feature","properties":{"class":"tertiary","oneway":0},"geometry":{"type":"LineString","coordinates":[[37.61167824,55.77439162],[37.61267602,55.7750011]]}},{"type":"Feature","properties":{"class":"tertiary","oneway":0},"geometry":{"type":"LineString","coordinates":[[37.61267602,55.7750011],[37.61276722,55.77504937]]}},{"type":"Feature","properties":{"class":"tertiary","oneway":1},"geometry":{"type":"LineString","coordinates":[[37.59511292,55.76919258],[37.59487152,55.76902963]]}},{"type":"Feature","properties":{"class":"tertiary","oneway":1},"geometry":{"type":"LineString","coordinates":[[37.61753082,55.764856],[37.616871,55.76478658]]}},{"type":"Feature","properties":{"class":"tertiary","oneway":1},"geometry":{"type":"LineString","coordinates":[[37.616871,55.76478658],[37.6167959,55.76477149]]}},{"type":"Feature","properties":{"class":"tertiary","oneway":1},"geometry":{"type":"LineString","coordinates":[[37.6167959,55.76477149],[37.61672616,55.76474433]]}},{"type":"Feature","properties":{"class":"tertiary","oneway":1},"geometry":{"type":"LineString","coordinates":[[37.61672616,55.76474433],[37.6167047,55.76472321]]}},{"type":"Feature","properties":{"class":"tertiary","oneway":1},"geometry":{"type":"LineString","coordinates":[[37.6167047,55.76472321],[37.61669934,55.76469906]]}},{"type":"Feature","properties":{"class":"tertiary","oneway":1},"geometry":{"type":"LineString","coordinates":[[37.61669934,55.76469906],[37.61712313,55.76402001]]}},{"type":"Feature","properties":{"class":"tertiary","oneway":1},"geometry":{"type":"LineString","coordinates":[[37.61398494,55.76756906],[37.61444092,55.76712243]]}},{"type":"Feature","properties":{"class":"tertiary","oneway":1},"geometry":{"type":"LineString","coordinates":[[37.61371672,55.77532997],[37.61390984,55.77538729]]}},{"type":"Feature","properties":{"class":"tertiary","oneway":1},"geometry":{"type":"LineString","coordinates":[[37.61390984,55.77538729],[37.61398494,55.77541445]]}},{"type":"Feature","properties":{"class":"tertiary","oneway":1},"geometry":{"type":"LineString","coordinates":[[37.61284232,55.77509463],[37.61290669,55.77512178]]}},{"type":"Feature","properties":{"class":"tertiary","oneway":1},"geometry":{"type":"LineString","coordinates":[[37.61290669,55.77512178],[37.61318564,55.77520023]]}},{"type":"Feature","properties":{"class":"tertiary","oneway":1},"geometry":{"type":"LineString","coordinates":[[37.61510074,55.76651283],[37.61554062,55.76610844]]}},{"type":"Feature","properties":{"class":"tertiary","oneway":1},"geometry":{"type":"LineString","coordinates":[[37.61554062,55.76610844],[37.61563182,55.76601488]]}},{"type":"Feature","properties":{"class":"tertiary","oneway":1},"geometry":{"type":"LineString","coordinates":[[37.61444092,55.76712243],[37.61510074,55.76651283]]}},{"type":"Feature","properties":{"class":"tertiary","oneway":1},"geometry":{"type":"LineString","coordinates":[[37.61387765,55.76768675],[37.61398494,55.76756906]]}},{"type":"Feature","properties":{"class":"tertiary","oneway":1},"geometry":{"type":"LineString","coordinates":[[37.61360407,55.76800361],[37.61366844,55.76791912]]}},{"type":"Feature","properties":{"class":"tertiary","oneway":1},"geometry":{"type":"LineString","coordinates":[[37.61366844,55.76791912],[37.61387765,55.76768675]]}},{"type":"Feature","properties":{"class":"tertiary","oneway":1},"geometry":{"type":"LineString","coordinates":[[37.61486471,55.77591831],[37.61496127,55.77598167]]}},{"type":"Feature","properties":{"class":"tertiary","oneway":1},"geometry":{"type":"LineString","coordinates":[[37.61398494,55.77541445],[37.61426389,55.77556531]]}},{"type":"Feature","properties":{"class":"tertiary","oneway":1},"geometry":{"type":"LineString","coordinates":[[37.61426389,55.77556531],[37.61486471,55.77591831]]}},{"type":"Feature","properties":{"class":"tertiary","oneway":1},"geometry":{"type":"LineString","coordinates":[[37.61338949,55.77525152],[37.61371672,55.77532997]]}},{"type":"Feature","properties":{"class":"tertiary","oneway":1},"geometry":{"type":"LineString","coordinates":[[37.61318564,55.77520023],[37.61338949,55.77525152]]}},{"type":"Feature","properties":{"class":"tertiary","oneway":1},"geometry":{"type":"LineString","coordinates":[[37.61276722,55.77504937],[37.61284232,55.77509463]]}},{"type":"Feature","properties":{"class":"secondary","oneway":0},"geometry":{"type":"LineString","coordinates":[[37.61308908,55.76862224],[37.6124239,55.76944606]]}},{"type":"Feature","properties":{"class":"secondary","oneway":0},"geometry":{"type":"LineString","coordinates":[[37.6124239,55.76944606],[37.61221468,55.76968445]]}},{"type":"Feature","properties":{"class":"secondary","oneway":0},"geometry":{"type":"LineString","coordinates":[[37.61221468,55.76968445],[37.61169434,55.77021856]]}},{"type":"Feature","properties":{"class":"secondary","oneway":0},"geometry":{"type":"LineString","coordinates":[[37.61169434,55.77021856],[37.6099509,55.77205319]]}},{"type":"Feature","properties":{"class":"secondary","oneway":0},"geometry":{"type":"LineString","coordinates":[[37.6099509,55.77205319],[37.60914624,55.7729403]]}},{"type":"Feature","properties":{"class":"secondary","oneway":0},"geometry":{"type":"LineString","coordinates":[[37.60914624,55.7729403],[37.60904968,55.773061]]}},{"type":"Feature","properties":{"class":"secondary","oneway":0},"geometry":{"type":"LineString","coordinates":[[37.60904968,55.773061],[37.60895312,55.77321488]]}},{"type":"Feature","properties":{"class":"secondary","oneway":0},"geometry":{"type":"LineString","coordinates":[[37.60895312,55.77321488],[37.60845423,55.77409895]]}},{"type":"Feature","properties":{"class":"secondary","oneway":0},"geometry":{"type":"LineString","coordinates":[[37.60845423,55.77409895],[37.60820746,55.77466317]]}},{"type":"Feature","properties":{"class":"secondary","oneway":0},"geometry":{"type":"LineString","coordinates":[[37.60820746,55.77466317],[37.60796607,55.77513385]]}},{"type":"Feature","properties":{"class":"secondary","oneway":1},"geometry":{"type":"LineString","coordinates":[[37.61343241,55.77337782],[37.61389375,55.77334463]]}},{"type":"Feature","properties":{"class":"secondary","oneway":1},"geometry":{"type":"LineString","coordinates":[[37.61389375,55.77334463],[37.61491299,55.77333859]]}},{"type":"Feature","properties":{"class":"secondary","oneway":1},"geometry":{"type":"LineString","coordinates":[[37.61491299,55.77333859],[37.61753082,55.77343515]]}},{"type":"Feature","properties":{"class":"secondary","oneway":1},"geometry":{"type":"LineString","coordinates":[[37.61753082,55.76790705],[37.61601806,55.76813036]]}},{"type":"Feature","properties":{"class":"secondary","oneway":1},"geometry":{"type":"LineString","coordinates":[[37.61601806,55.76813036],[37.61529386,55.76821184]]}},{"type":"Feature","properties":{"class":"secondary","oneway":1},"geometry":{"type":"LineString","coordinates":[[37.61529386,55.76821184],[37.61475205,55.76825107]]}},{"type":"Feature","properties":{"class":"secondary","oneway":1},"geometry":{"type":"LineString","coordinates":[[37.61360407,55.76800361],[37.61371136,55.76801569]]}},{"type":"Feature","properties":{"class":"secondary","oneway":1},"geometry":{"type":"LineString","coordinates":[[37.61371136,55.76801569],[37.61389911,55.76802474]]}},{"type":"Feature","properties":{"class":"secondary","oneway":1},"geometry":{"type":"LineString","coordinates":[[37.61389911,55.76802474],[37.61475205,55.76796137]]}},{"type":"Feature","properties":{"class":"secondary","oneway":1},"geometry":{"type":"LineString","coordinates":[[37.61475205,55.76796137],[37.61551917,55.76789196]]}},{"type":"Feature","properties":{"class":"secondary","oneway":1},"geometry":{"type":"LineString","coordinates":[[37.61551917,55.76789196],[37.61573374,55.76786782]]}},{"type":"Feature","properties":{"class":"secondary","oneway":1},"geometry":{"type":"LineString","coordinates":[[37.61573374,55.76786782],[37.61595905,55.76784066]]}},{"type":"Feature","properties":{"class":"secondary","oneway":1},"geometry":{"type":"LineString","coordinates":[[37.61595905,55.76784066],[37.61659205,55.76774711]]}},{"type":"Feature","properties":{"class":"secondary","oneway":0},"geometry":{"type":"LineString","coordinates":[[37.61360407,55.76800361],[37.61353433,55.76810622]]}},{"type":"Feature","properties":{"class":"secondary","oneway":0},"geometry":{"type":"LineString","coordinates":[[37.61353433,55.76810622],[37.61332512,55.7683597]]}},{"type":"Feature","properties":{"class":"secondary","oneway":0},"geometry":{"type":"LineString","coordinates":[[37.61332512,55.7683597],[37.61308908,55.76862224]]}},{"type":"Feature","properties":{"class":"secondary","oneway":1},"geometry":{"type":"LineString","coordinates":[[37.59562254,55.76894815],[37.59564936,55.76897531]]}},{"type":"Feature","properties":{"class":"secondary","oneway":1},"geometry":{"type":"LineString","coordinates":[[37.59564936,55.76897531],[37.59566009,55.76900549]]}},{"type":"Feature","properties":{"class":"secondary","oneway":1},"geometry":{"type":"LineString","coordinates":[[37.59566009,55.76900549],[37.59564936,55.76903566]]}},{"type":"Feature","properties":{"class":"secondary","oneway":1},"geometry":{"type":"LineString","coordinates":[[37.59564936,55.76903566],[37.59561718,55.76906584]]}},{"type":"Feature","properties":{"class":"secondary","oneway":1},"geometry":{"type":"LineString","coordinates":[[37.60540187,55.76483487],[37.60520339,55.76477451]]}},{"type":"Feature","properties":{"class":"secondary","oneway":1},"geometry":{"type":"LineString","coordinates":[[37.61335194,55.76832349],[37.61315346,55.76833556]]}},{"type":"Feature","properties":{"class":"secondary","oneway":1},"geometry":{"type":"LineString","coordinates":[[37.61315346,55.76833556],[37.61254728,55.76833858]]}},{"type":"Feature","properties":{"class":"secondary","oneway":1},"geometry":{"type":"LineString","coordinates":[[37.61254728,55.76833858],[37.61246681,55.76833255]]}},{"type":"Feature","properties":{"class":"secondary","oneway":1},"geometry":{"type":"LineString","coordinates":[[37.61246681,55.76833255],[37.61234879,55.7683084]]}},{"type":"Feature","properties":{"class":"secondary","oneway":1},"geometry":{"type":"LineString","coordinates":[[37.60925353,55.76669088],[37.60930181,55.76660638]]}},{"type":"Feature","properties":{"class":"secondary","oneway":1},"geometry":{"type":"LineString","coordinates":[[37.60930181,55.76660638],[37.60931253,55.7665581]]}},{"type":"Feature","properties":{"class":"secondary","oneway":1},"geometry":{"type":"LineString","coordinates":[[37.60931253,55.7665581],[37.60931253,55.76650378]]}},{"type":"Feature","properties":{"class":"secondary","oneway":1},"geometry":{"type":"LineString","coordinates":[[37.60931253,55.76650378],[37.60928035,55.76643738]]}},{"type":"Feature","properties":{"class":"secondary","oneway":1},"geometry":{"type":"LineString","coordinates":[[37.60928035,55.76643738],[37.60923743,55.76639513]]}},{"type":"Feature","properties":{"class":"secondary","oneway":1},"geometry":{"type":"LineString","coordinates":[[37.60923743,55.76639513],[37.60915697,55.76633478]]}},{"type":"Feature","properties":{"class":"secondary","oneway":1},"geometry":{"type":"LineString","coordinates":[[37.60952175,55.76637401],[37.60976315,55.7664404]]}},{"type":"Feature","properties":{"class":"secondary","oneway":1},"geometry":{"type":"LineString","coordinates":[[37.60976315,55.7664404],[37.60996699,55.76650981]]}},{"type":"Feature","properties":{"class":"secondary","oneway":1},"geometry":{"type":"LineString","coordinates":[[37.60996699,55.76650981],[37.61102915,55.76695645]]}},{"type":"Feature","properties":{"class":"secondary","oneway":1},"geometry":{"type":"LineString","coordinates":[[37.60666251,55.76638306],[37.60616362,55.76617181]]}},{"type":"Feature","properties":{"class":"secondary","oneway":1},"geometry":{"type":"LineString","coordinates":[[37.60616362,55.76617181],[37.60468304,55.76550787]]}},{"type":"Feature","properties":{"class":"secondary","oneway":1},"geometry":{"type":"LineString","coordinates":[[37.60468304,55.76550787],[37.60441482,55.76536]]}},{"type":"Feature","properties":{"class":"secondary","oneway":1},"geometry":{"type":"LineString","coordinates":[[37.60861516,55.76601186],[37.60924816,55.76627744]]}},{"type":"Feature","properties":{"class":"secondary","oneway":1},"geometry":{"type":"LineString","coordinates":[[37.60924816,55.76627744],[37.60938764,55.76633176]]}},{"type":"Feature","properties":{"class":"secondary","oneway":1},"geometry":{"type":"LineString","coordinates":[[37.60938764,55.76633176],[37.60952175,55.76637401]]}},{"type":"Feature","properties":{"class":"secondary","oneway":1},"geometry":{"type":"LineString","coordinates":[[37.60556817,55.76457231],[37.60568619,55.76468397]]}},{"type":"Feature","properties":{"class":"secondary","oneway":1},"geometry":{"type":"LineString","coordinates":[[37.60872245,55.76614163],[37.60790169,55.76579156]]}},{"type":"Feature","properties":{"class":"secondary","oneway":1},"geometry":{"type":"LineString","coordinates":[[37.60790169,55.76579156],[37.60773003,55.7657312]]}},{"type":"Feature","properties":{"class":"secondary","oneway":1},"geometry":{"type":"LineString","coordinates":[[37.60773003,55.7657312],[37.60753691,55.76567386]]}},{"type":"Feature","properties":{"class":"secondary","oneway":1},"geometry":{"type":"LineString","coordinates":[[37.60753691,55.76567386],[37.60731697,55.76560747]]}},{"type":"Feature","properties":{"class":"secondary","oneway":1},"geometry":{"type":"LineString","coordinates":[[37.60731697,55.76560747],[37.60595441,55.76502199]]}},{"type":"Feature","properties":{"class":"secondary","oneway":1},"geometry":{"type":"LineString","coordinates":[[37.60595441,55.76502199],[37.60568082,55.76492239]]}},{"type":"Feature","properties":{"class":"secondary","oneway":1},"geometry":{"type":"LineString","coordinates":[[37.60568082,55.76492239],[37.60540187,55.76483487]]}},{"type":"Feature","properties":{"class":"secondary","oneway":1},"geometry":{"type":"LineString","coordinates":[[37.60520339,55.76477451],[37.60503709,55.76471717]]}},{"type":"Feature","properties":{"class":"secondary","oneway":1},"geometry":{"type":"LineString","coordinates":[[37.60503709,55.76471717],[37.60488153,55.76464172]]}},{"type":"Feature","properties":{"class":"secondary","oneway":1},"geometry":{"type":"LineString","coordinates":[[37.60488153,55.76464172],[37.60478497,55.76457231]]}},{"type":"Feature","properties":{"class":"secondary","oneway":1},"geometry":{"type":"LineString","coordinates":[[37.60478497,55.76457231],[37.60409832,55.76402001]]}},{"type":"Feature","properties":{"class":"secondary","oneway":1},"geometry":{"type":"LineString","coordinates":[[37.60568619,55.76468397],[37.60582566,55.76479262]]}},{"type":"Feature","properties":{"class":"secondary","oneway":1},"geometry":{"type":"LineString","coordinates":[[37.60582566,55.76479262],[37.60600269,55.76488618]]}},{"type":"Feature","properties":{"class":"secondary","oneway":1},"geometry":{"type":"LineString","coordinates":[[37.60600269,55.76488618],[37.60663569,55.76516383]]}},{"type":"Feature","properties":{"class":"secondary","oneway":1},"geometry":{"type":"LineString","coordinates":[[37.60441482,55.76536],[37.60427535,55.76527248]]}},{"type":"Feature","properties":{"class":"secondary","oneway":1},"geometry":{"type":"LineString","coordinates":[[37.60758519,55.76675426],[37.60698974,55.76652188]]}},{"type":"Feature","properties":{"class":"secondary","oneway":1},"geometry":{"type":"LineString","coordinates":[[37.60698974,55.76652188],[37.60666251,55.76638306]]}},{"type":"Feature","properties":{"class":"secondary","oneway":1},"geometry":{"type":"LineString","coordinates":[[37.60503709,55.76402001],[37.60556817,55.76457231]]}},{"type":"Feature","properties":{"class":"secondary","oneway":1},"geometry":{"type":"LineString","coordinates":[[37.61054635,55.76771693],[37.60916233,55.7672703]]}},{"type":"Feature","properties":{"class":"secondary","oneway":1},"geometry":{"type":"LineString","coordinates":[[37.60916233,55.7672703],[37.60895848,55.76720693]]}},{"type":"Feature","properties":{"class":"secondary","oneway":1},"geometry":{"type":"LineString","coordinates":[[37.60895848,55.76720693],[37.60873854,55.76714657]]}},{"type":"Feature","properties":{"class":"secondary","oneway":1},"geometry":{"type":"LineString","coordinates":[[37.61753082,55.77376403],[37.61561036,55.77369765]]}},{"type":"Feature","properties":{"class":"secondary","oneway":1},"geometry":{"type":"LineString","coordinates":[[37.61561036,55.77369765],[37.61492908,55.77366748]]}},{"type":"Feature","properties":{"class":"secondary","oneway":1},"geometry":{"type":"LineString","coordinates":[[37.61492908,55.77366748],[37.61443019,55.7736373]]}},{"type":"Feature","properties":{"class":"secondary","oneway":1},"geometry":{"type":"LineString","coordinates":[[37.61443019,55.7736373],[37.61371136,55.77357998]]}},{"type":"Feature","properties":{"class":"secondary","oneway":1},"geometry":{"type":"LineString","coordinates":[[37.61371136,55.77357998],[37.61341095,55.77352868]]}},{"type":"Feature","properties":{"class":"secondary","oneway":1},"geometry":{"type":"LineString","coordinates":[[37.59487152,55.76850455],[37.59496808,55.76856491]]}},{"type":"Feature","properties":{"class":"secondary","oneway":1},"geometry":{"type":"LineString","coordinates":[[37.59496808,55.76856491],[37.59562254,55.76894815]]}},{"type":"Feature","properties":{"class":"secondary","oneway":1},"geometry":{"type":"LineString","coordinates":[[37.59561718,55.76906584],[37.59537041,55.76921069]]}},{"type":"Feature","properties":{"class":"secondary","oneway":1},"geometry":{"type":"LineString","coordinates":[[37.59537041,55.76921069],[37.59487152,55.76949434]]}},{"type":"Feature","properties":{"class":"secondary","oneway":1},"geometry":{"type":"LineString","coordinates":[[37.60663569,55.76516383],[37.6076442,55.76559539]]}},{"type":"Feature","properties":{"class":"secondary","oneway":1},"geometry":{"type":"LineString","coordinates":[[37.6124078,55.76753586],[37.61343777,55.76797344]]}},{"type":"Feature","properties":{"class":"secondary","oneway":1},"geometry":{"type":"LineString","coordinates":[[37.61343777,55.76797344],[37.61360407,55.76800361]]}},{"type":"Feature","properties":{"class":"secondary","oneway":1},"geometry":{"type":"LineString","coordinates":[[37.60873854,55.76714657],[37.60925353,55.76669088]]}},{"type":"Feature","properties":{"class":"secondary","oneway":1},"geometry":{"type":"LineString","coordinates":[[37.60915697,55.76633478],[37.60872245,55.76614163]]}},{"type":"Feature","properties":{"class":"secondary","oneway":1},"geometry":{"type":"LineString","coordinates":[[37.60827184,55.76586399],[37.60861516,55.76601186]]}},{"type":"Feature","properties":{"class":"secondary","oneway":1},"geometry":{"type":"LineString","coordinates":[[37.6076442,55.76559539],[37.60827184,55.76586399]]}},{"type":"Feature","properties":{"class":"secondary","oneway":1},"geometry":{"type":"LineString","coordinates":[[37.60786951,55.76685686],[37.60758519,55.76675426]]}},{"type":"Feature","properties":{"class":"secondary","oneway":1},"geometry":{"type":"LineString","coordinates":[[37.60873854,55.76714657],[37.60786951,55.76685686]]}},{"type":"Feature","properties":{"class":"secondary","oneway":1},"geometry":{"type":"LineString","coordinates":[[37.61087358,55.76782557],[37.61054635,55.76771693]]}},{"type":"Feature","properties":{"class":"secondary","oneway":1},"geometry":{"type":"LineString","coordinates":[[37.61234879,55.7683084],[37.61087358,55.76782557]]}},{"type":"Feature","properties":{"class":"secondary","oneway":1},"geometry":{"type":"LineString","coordinates":[[37.61197865,55.76735782],[37.6124078,55.76753586]]}},{"type":"Feature","properties":{"class":"secondary","oneway":1},"geometry":{"type":"LineString","coordinates":[[37.61102915,55.76695645],[37.61197865,55.76735782]]}},{"type":"Feature","properties":{"class":"secondary","oneway":1},"geometry":{"type":"LineString","coordinates":[[37.61475205,55.76825107],[37.61421025,55.76828728]]}},{"type":"Feature","properties":{"class":"secondary","oneway":1},"geometry":{"type":"LineString","coordinates":[[37.61421025,55.76828728],[37.61370599,55.76830237]]}},{"type":"Feature","properties":{"class":"secondary","oneway":1},"geometry":{"type":"LineString","coordinates":[[37.61370599,55.76830237],[37.61335194,55.76832349]]}},{"type":"Feature","properties":{"class":"secondary","oneway":1},"geometry":{"type":"LineString","coordinates":[[37.61659205,55.76774711],[37.61753082,55.76760829]]}},{"type":"Feature","properties":{"class":"primary","oneway":1},"geometry":{"type":"LineString","coordinates":[[37.60392666,55.77284073],[37.60357261,55.77277435]]}},{"type":"Feature","properties":{"class":"primary","oneway":1},"geometry":{"type":"LineString","coordinates":[[37.60357261,55.77277435],[37.60292351,55.77262952]]}},{"type":"Feature","properties":{"class":"primary","oneway":1},"geometry":{"type":"LineString","coordinates":[[37.60292351,55.77262952],[37.60274112,55.77258124]]}},{"type":"Feature","properties":{"class":"primary","oneway":1},"geometry":{"type":"LineString","coordinates":[[37.60444701,55.77252994],[37.60418415,55.77246658]]}},{"type":"Feature","properties":{"class":"primary","oneway":1},"geometry":{"type":"LineString","coordinates":[[37.60418415,55.77246658],[37.6033473,55.77221613]]}},{"type":"Feature","properties":{"class":"primary","oneway":1},"geometry":{"type":"LineString","coordinates":[[37.59920597,55.77066214],[37.60012329,55.77102726]]}},{"type":"Feature","properties":{"class":"primary","oneway":1},"geometry":{"type":"LineString","coordinates":[[37.60012329,55.77102726],[37.60041296,55.77112986]]}},{"type":"Feature","properties":{"class":"primary","oneway":1},"geometry":{"type":"LineString","coordinates":[[37.60041296,55.77112986],[37.60074556,55.77126866]]}},{"type":"Feature","properties":{"class":"primary","oneway":1},"geometry":{"type":"LineString","coordinates":[[37.60074556,55.77126866],[37.60106742,55.77139238]]}},{"type":"Feature","properties":{"class":"primary","oneway":1},"geometry":{"type":"LineString","coordinates":[[37.61341095,55.77352868],[37.61252046,55.77350153]]}},{"type":"Feature","properties":{"class":"primary","oneway":1},"geometry":{"type":"LineString","coordinates":[[37.61252046,55.77350153],[37.61176407,55.77345928]]}},{"type":"Feature","properties":{"class":"primary","oneway":1},"geometry":{"type":"LineString","coordinates":[[37.59677052,55.7695728],[37.59590149,55.77017934]]}},{"type":"Feature","properties":{"class":"primary","oneway":1},"geometry":{"type":"LineString","coordinates":[[37.60448456,55.77238209],[37.60506392,55.77251184]]}},{"type":"Feature","properties":{"class":"primary","oneway":1},"geometry":{"type":"LineString","coordinates":[[37.60506392,55.77251184],[37.60553062,55.77259633]]}},{"type":"Feature","properties":{"class":"primary","oneway":1},"geometry":{"type":"LineString","coordinates":[[37.60553062,55.77259633],[37.60700047,55.77281358]]}},{"type":"Feature","properties":{"class":"primary","oneway":1},"geometry":{"type":"LineString","coordinates":[[37.60700047,55.77281358],[37.60782123,55.77292522]]}},{"type":"Feature","properties":{"class":"primary","oneway":1},"geometry":{"type":"LineString","coordinates":[[37.60568619,55.76468397],[37.60540187,55.76483487]]}},{"type":"Feature","properties":{"class":"primary","oneway":1},"geometry":{"type":"LineString","coordinates":[[37.60086894,55.76714054],[37.60272503,55.76612353]]}},{"type":"Feature","properties":{"class":"primary","oneway":1},"geometry":{"type":"LineString","coordinates":[[37.60427535,55.76527248],[37.60520339,55.76477451]]}},{"type":"Feature","properties":{"class":"primary","oneway":1},"geometry":{"type":"LineString","coordinates":[[37.60556817,55.76457231],[37.60575056,55.7644697]]}},{"type":"Feature","properties":{"class":"primary","oneway":1},"geometry":{"type":"LineString","coordinates":[[37.60575056,55.7644697],[37.60586858,55.76439123]]}},{"type":"Feature","properties":{"class":"primary","oneway":1},"geometry":{"type":"LineString","coordinates":[[37.60586858,55.76439123],[37.60612607,55.76418902]]}},{"type":"Feature","properties":{"class":"primary","oneway":1},"geometry":{"type":"LineString","coordinates":[[37.59571373,55.77014312],[37.59592295,55.76999828]]}},{"type":"Feature","properties":{"class":"primary","oneway":1},"geometry":{"type":"LineString","coordinates":[[37.59733379,55.77078586],[37.59717286,55.77072853]]}},{"type":"Feature","properties":{"class":"primary","oneway":1},"geometry":{"type":"LineString","coordinates":[[37.59717286,55.77072853],[37.59662032,55.77049316]]}},{"type":"Feature","properties":{"class":"primary","oneway":1},"geometry":{"type":"LineString","coordinates":[[37.59757519,55.76995905],[37.59782732,55.77004355]]}},{"type":"Feature","properties":{"class":"primary","oneway":1},"geometry":{"type":"LineString","coordinates":[[37.59782732,55.77004355],[37.59800434,55.77013407]]}},{"type":"Feature","properties":{"class":"primary","oneway":1},"geometry":{"type":"LineString","coordinates":[[37.60895312,55.77321488],[37.60858297,55.77318169]]}},{"type":"Feature","properties":{"class":"primary","oneway":1},"geometry":{"type":"LineString","coordinates":[[37.60520339,55.76477451],[37.60556817,55.76457231]]}},{"type":"Feature","properties":{"class":"primary","oneway":1},"geometry":{"type":"LineString","coordinates":[[37.60540187,55.76483487],[37.60441482,55.76536]]}},{"type":"Feature","properties":{"class":"primary","oneway":1},"geometry":{"type":"LineString","coordinates":[[37.60487616,55.77298556],[37.60477424,55.77298858]]}},{"type":"Feature","properties":{"class":"primary","oneway":1},"geometry":{"type":"LineString","coordinates":[[37.60477424,55.77298858],[37.60464549,55.77300065]]}},{"type":"Feature","properties":{"class":"primary","oneway":1},"geometry":{"type":"LineString","coordinates":[[37.60464549,55.77300065],[37.60455966,55.77301876]]}},{"type":"Feature","properties":{"class":"primary","oneway":1},"geometry":{"type":"LineString","coordinates":[[37.60455966,55.77301876],[37.60447383,55.773061]]}},{"type":"Feature","properties":{"class":"primary","oneway":1},"geometry":{"type":"LineString","coordinates":[[37.60447383,55.773061],[37.60440946,55.7731304]]}},{"type":"Feature","properties":{"class":"primary","oneway":1},"geometry":{"type":"LineString","coordinates":[[37.61343241,55.77337782],[37.6140815,55.77341402]]}},{"type":"Feature","properties":{"class":"primary","oneway":1},"geometry":{"type":"LineString","coordinates":[[37.6140815,55.77341402],[37.61515975,55.77345928]]}},{"type":"Feature","properties":{"class":"primary","oneway":1},"geometry":{"type":"LineString","coordinates":[[37.61514902,55.77356791],[37.6139313,55.77353472]]}},{"type":"Feature","properties":{"class":"primary","oneway":1},"geometry":{"type":"LineString","coordinates":[[37.6139313,55.77353472],[37.61341095,55.77352868]]}},{"type":"Feature","properties":{"class":"primary","oneway":1},"geometry":{"type":"LineString","coordinates":[[37.59487152,55.76865544],[37.5954777,55.76902058]]}},{"type":"Feature","properties":{"class":"primary","oneway":1},"geometry":{"type":"LineString","coordinates":[[37.60274112,55.77258124],[37.60113716,55.77210751]]}},{"type":"Feature","properties":{"class":"primary","oneway":1},"geometry":{"type":"LineString","coordinates":[[37.60113716,55.77210751],[37.59883046,55.77138936]]}},{"type":"Feature","properties":{"class":"primary","oneway":1},"geometry":{"type":"LineString","coordinates":[[37.59883046,55.77138936],[37.59824574,55.7711721]]}},{"type":"Feature","properties":{"class":"primary","oneway":1},"geometry":{"type":"LineString","coordinates":[[37.61176407,55.77345928],[37.61106133,55.77341101]]}},{"type":"Feature","properties":{"class":"primary","oneway":1},"geometry":{"type":"LineString","coordinates":[[37.61106133,55.77341101],[37.60895312,55.77321488]]}},{"type":"Feature","properties":{"class":"primary","oneway":1},"geometry":{"type":"LineString","coordinates":[[37.61045516,55.7731998],[37.61108816,55.77325712]]}},{"type":"Feature","properties":{"class":"primary","oneway":1},"geometry":{"type":"LineString","coordinates":[[37.61108816,55.77325712],[37.61174798,55.7733054]]}},{"type":"Feature","properties":{"class":"primary","oneway":1},"geometry":{"type":"LineString","coordinates":[[37.61174798,55.7733054],[37.61235952,55.77333859]]}},{"type":"Feature","properties":{"class":"primary","oneway":1},"geometry":{"type":"LineString","coordinates":[[37.61235952,55.77333859],[37.61343241,55.77337782]]}},{"type":"Feature","properties":{"class":"primary","oneway":1},"geometry":{"type":"LineString","coordinates":[[37.60696292,55.77297048],[37.60586858,55.77280452]]}},{"type":"Feature","properties":{"class":"primary","oneway":1},"geometry":{"type":"LineString","coordinates":[[37.60586858,55.77280452],[37.60534286,55.77271702]]}},{"type":"Feature","properties":{"class":"primary","oneway":1},"geometry":{"type":"LineString","coordinates":[[37.59949028,55.77101821],[37.59890556,55.77080095]]}},{"type":"Feature","properties":{"class":"primary","oneway":1},"geometry":{"type":"LineString","coordinates":[[37.59890556,55.77080095],[37.59856761,55.77066818]]}},{"type":"Feature","properties":{"class":"primary","oneway":1},"geometry":{"type":"LineString","coordinates":[[37.59856761,55.77066818],[37.59793997,55.77040565]]}},{"type":"Feature","properties":{"class":"primary","oneway":1},"geometry":{"type":"LineString","coordinates":[[37.59793997,55.77040565],[37.59766102,55.7702759]]}},{"type":"Feature","properties":{"class":"primary","oneway":1},"geometry":{"type":"LineString","coordinates":[[37.60380864,55.77218596],[37.60448456,55.77238209]]}},{"type":"Feature","properties":{"class":"primary","oneway":1},"geometry":{"type":"LineString","coordinates":[[37.59533823,55.76910205],[37.59487152,55.76881537]]}},{"type":"Feature","properties":{"class":"primary","oneway":1},"geometry":{"type":"LineString","coordinates":[[37.60858297,55.77318169],[37.60822356,55.77314247]]}},{"type":"Feature","properties":{"class":"primary","oneway":1},"geometry":{"type":"LineString","coordinates":[[37.60822356,55.77314247],[37.60735452,55.77303082]]}},{"type":"Feature","properties":{"class":"primary","oneway":1},"geometry":{"type":"LineString","coordinates":[[37.60735452,55.77303082],[37.60696292,55.77297048]]}},{"type":"Feature","properties":{"class":"primary","oneway":1},"geometry":{"type":"LineString","coordinates":[[37.59780049,55.77018235],[37.59807408,55.77031814]]}},{"type":"Feature","properties":{"class":"primary","oneway":1},"geometry":{"type":"LineString","coordinates":[[37.59807408,55.77031814],[37.59868026,55.77058369]]}},{"type":"Feature","properties":{"class":"primary","oneway":1},"geometry":{"type":"LineString","coordinates":[[37.59868026,55.77058369],[37.59900749,55.77071344]]}},{"type":"Feature","properties":{"class":"primary","oneway":1},"geometry":{"type":"LineString","coordinates":[[37.59900749,55.77071344],[37.5996083,55.77093674]]}},{"type":"Feature","properties":{"class":"primary","oneway":1},"geometry":{"type":"LineString","coordinates":[[37.5996083,55.77093674],[37.60010719,55.77110873]]}},{"type":"Feature","properties":{"class":"primary","oneway":1},"geometry":{"type":"LineString","coordinates":[[37.60010719,55.77110873],[37.60053635,55.77124452]]}},{"type":"Feature","properties":{"class":"primary","oneway":1},"geometry":{"type":"LineString","coordinates":[[37.60053635,55.77124452],[37.60106742,55.77139238]]}},{"type":"Feature","properties":{"class":"primary","oneway":1},"geometry":{"type":"LineString","coordinates":[[37.60640502,55.76415884],[37.60597587,55.76449384]]}},{"type":"Feature","properties":{"class":"primary","oneway":1},"geometry":{"type":"LineString","coordinates":[[37.60597587,55.76449384],[37.60584176,55.7645874]]}},{"type":"Feature","properties":{"class":"primary","oneway":1},"geometry":{"type":"LineString","coordinates":[[37.60584176,55.7645874],[37.60568619,55.76468397]]}},{"type":"Feature","properties":{"class":"primary","oneway":1},"geometry":{"type":"LineString","coordinates":[[37.6033473,55.77221613],[37.60291278,55.77208337]]}},{"type":"Feature","properties":{"class":"primary","oneway":1},"geometry":{"type":"LineString","coordinates":[[37.60291278,55.77208337],[37.60092795,55.77150402]]}},{"type":"Feature","properties":{"class":"primary","oneway":1},"geometry":{"type":"LineString","coordinates":[[37.60377645,55.77494679],[37.60368526,55.77515196]]}},{"type":"Feature","properties":{"class":"primary","oneway":1},"geometry":{"type":"LineString","coordinates":[[37.60368526,55.77515196],[37.60344923,55.77563168]]}},{"type":"Feature","properties":{"class":"primary","oneway":1},"geometry":{"type":"LineString","coordinates":[[37.60344923,55.77563168],[37.60325611,55.77599072]]}},{"type":"Feature","properties":{"class":"primary","oneway":1},"geometry":{"type":"LineString","coordinates":[[37.60313272,55.77599977],[37.60321319,55.77585797]]}},{"type":"Feature","properties":{"class":"primary","oneway":1},"geometry":{"type":"LineString","coordinates":[[37.60321319,55.77585797],[37.6034224,55.77538126]]}},{"type":"Feature","properties":{"class":"primary","oneway":1},"geometry":{"type":"LineString","coordinates":[[37.6036638,55.77471748],[37.60377645,55.77440369]]}},{"type":"Feature","properties":{"class":"primary","oneway":1},"geometry":{"type":"LineString","coordinates":[[37.60389447,55.77461489],[37.60377645,55.77494679]]}},{"type":"Feature","properties":{"class":"primary","oneway":1},"geometry":{"type":"LineString","coordinates":[[37.60422707,55.77312436],[37.60422707,55.77305195]]}},{"type":"Feature","properties":{"class":"primary","oneway":1},"geometry":{"type":"LineString","coordinates":[[37.60422707,55.77305195],[37.60417879,55.77295841]]}},{"type":"Feature","properties":{"class":"primary","oneway":1},"geometry":{"type":"LineString","coordinates":[[37.60417879,55.77295841],[37.60410368,55.77290711]]}},{"type":"Feature","properties":{"class":"primary","oneway":1},"geometry":{"type":"LineString","coordinates":[[37.60410368,55.77290711],[37.60398567,55.7728528]]}},{"type":"Feature","properties":{"class":"primary","oneway":1},"geometry":{"type":"LineString","coordinates":[[37.60487616,55.77298556],[37.60436654,55.77291617]]}},{"type":"Feature","properties":{"class":"primary","oneway":1},"geometry":{"type":"LineString","coordinates":[[37.60991871,55.77345928],[37.60956466,55.77345325]]}},{"type":"Feature","properties":{"class":"primary","oneway":1},"geometry":{"type":"LineString","coordinates":[[37.60956466,55.77345325],[37.60885656,55.77338385]]}},{"type":"Feature","properties":{"class":"primary","oneway":1},"geometry":{"type":"LineString","coordinates":[[37.59487152,55.77067421],[37.59495735,55.77062291]]}},{"type":"Feature","properties":{"class":"primary","oneway":1},"geometry":{"type":"LineString","coordinates":[[37.59495735,55.77062291],[37.59571373,55.77014312]]}},{"type":"Feature","properties":{"class":"primary","oneway":1},"geometry":{"type":"LineString","coordinates":[[37.59503245,55.7707074],[37.59487152,55.77080397]]}},{"type":"Feature","properties":{"class":"primary","oneway":1},"geometry":{"type":"LineString","coordinates":[[37.59590149,55.77017934],[37.59531677,55.77054144]]}},{"type":"Feature","properties":{"class":"primary","oneway":1},"geometry":{"type":"LineString","coordinates":[[37.59531677,55.77054144],[37.59503245,55.7707074]]}},{"type":"Feature","properties":{"class":"primary","oneway":1},"geometry":{"type":"LineString","coordinates":[[37.59592295,55.76999828],[37.59661496,55.76950641]]}},{"type":"Feature","properties":{"class":"primary","oneway":1},"geometry":{"type":"LineString","coordinates":[[37.60003209,55.76774409],[37.59934008,55.76811829]]}},{"type":"Feature","properties":{"class":"primary","oneway":1},"geometry":{"type":"LineString","coordinates":[[37.60261238,55.76633478],[37.60170043,55.76683875]]}},{"type":"Feature","properties":{"class":"primary","oneway":1},"geometry":{"type":"LineString","coordinates":[[37.60441482,55.76536],[37.60261238,55.76633478]]}},{"type":"Feature","properties":{"class":"primary","oneway":1},"geometry":{"type":"LineString","coordinates":[[37.60021985,55.76749663],[37.60086894,55.76714054]]}},{"type":"Feature","properties":{"class":"primary","oneway":1},"geometry":{"type":"LineString","coordinates":[[37.60170043,55.76683875],[37.6007241,55.76737592]]}},{"type":"Feature","properties":{"class":"primary","oneway":1},"geometry":{"type":"LineString","coordinates":[[37.60378182,55.76555616],[37.60427535,55.76527248]]}},{"type":"Feature","properties":{"class":"primary","oneway":1},"geometry":{"type":"LineString","coordinates":[[37.60272503,55.76612353],[37.60329366,55.76581872]]}},{"type":"Feature","properties":{"class":"primary","oneway":1},"geometry":{"type":"LineString","coordinates":[[37.6007241,55.76737592],[37.60003209,55.76774409]]}},{"type":"Feature","properties":{"class":"primary","oneway":1},"geometry":{"type":"LineString","coordinates":[[37.60329366,55.76581872],[37.60378182,55.76555616]]}},{"type":"Feature","properties":{"class":"primary","oneway":1},"geometry":{"type":"LineString","coordinates":[[37.60657668,55.76402001],[37.60640502,55.76415884]]}},{"type":"Feature","properties":{"class":"primary","oneway":1},"geometry":{"type":"LineString","coordinates":[[37.59934008,55.76811829],[37.59821892,55.7687339]]}},{"type":"Feature","properties":{"class":"primary","oneway":1},"geometry":{"type":"LineString","coordinates":[[37.59821892,55.7687339],[37.59677052,55.7695728]]}},{"type":"Feature","properties":{"class":"primary","oneway":1},"geometry":{"type":"LineString","coordinates":[[37.60612607,55.76418902],[37.60634601,55.76402001]]}},{"type":"Feature","properties":{"class":"primary","oneway":1},"geometry":{"type":"LineString","coordinates":[[37.59911478,55.7681032],[37.60021985,55.76749663]]}},{"type":"Feature","properties":{"class":"primary","oneway":1},"geometry":{"type":"LineString","coordinates":[[37.59661496,55.76950641],[37.59672761,55.76942796]]}},{"type":"Feature","properties":{"class":"primary","oneway":1},"geometry":{"type":"LineString","coordinates":[[37.59672761,55.76942796],[37.59728014,55.7691111]]}},{"type":"Feature","properties":{"class":"primary","oneway":1},"geometry":{"type":"LineString","coordinates":[[37.59728014,55.7691111],[37.59911478,55.7681032]]}},{"type":"Feature","properties":{"class":"primary","oneway":1},"geometry":{"type":"LineString","coordinates":[[37.60426998,55.77357394],[37.60408759,55.77404765]]}},{"type":"Feature","properties":{"class":"primary","oneway":1},"geometry":{"type":"LineString","coordinates":[[37.60403395,55.77363127],[37.60408223,55.77351963]]}},{"type":"Feature","properties":{"class":"primary","oneway":1},"geometry":{"type":"LineString","coordinates":[[37.60422707,55.77312436],[37.60426462,55.77305798]]}},{"type":"Feature","properties":{"class":"primary","oneway":1},"geometry":{"type":"LineString","coordinates":[[37.60426462,55.77305798],[37.60436654,55.77291617]]}},{"type":"Feature","properties":{"class":"primary","oneway":1},"geometry":{"type":"LineString","coordinates":[[37.59824574,55.7711721],[37.59768248,55.77093372]]}},{"type":"Feature","properties":{"class":"primary","oneway":0},"geometry":{"type":"LineString","coordinates":[[37.59677052,55.7695728],[37.59757519,55.76995905]]}},{"type":"Feature","properties":{"class":"primary","oneway":1},"geometry":{"type":"LineString","coordinates":[[37.60885656,55.77338385],[37.60815382,55.77331445]]}},{"type":"Feature","properties":{"class":"primary","oneway":1},"geometry":{"type":"LineString","coordinates":[[37.60815382,55.77331445],[37.60729551,55.77320885]]}},{"type":"Feature","properties":{"class":"primary","oneway":1},"geometry":{"type":"LineString","coordinates":[[37.60729551,55.77320885],[37.60702193,55.77319678]]}},{"type":"Feature","properties":{"class":"primary","oneway":1},"geometry":{"type":"LineString","coordinates":[[37.60702193,55.77319678],[37.60663569,55.77319678]]}},{"type":"Feature","properties":{"class":"primary","oneway":1},"geometry":{"type":"LineString","coordinates":[[37.60663569,55.77319678],[37.6058042,55.77310022]]}},{"type":"Feature","properties":{"class":"primary","oneway":1},"geometry":{"type":"LineString","coordinates":[[37.60534286,55.77271702],[37.60498345,55.77264762]]}},{"type":"Feature","properties":{"class":"primary","oneway":1},"geometry":{"type":"LineString","coordinates":[[37.60498345,55.77264762],[37.60444701,55.77252994]]}},{"type":"Feature","properties":{"class":"primary","oneway":1},"geometry":{"type":"LineString","coordinates":[[37.61176407,55.77345928],[37.61084676,55.77346532]]}},{"type":"Feature","properties":{"class":"primary","oneway":1},"geometry":{"type":"LineString","coordinates":[[37.60436654,55.77291617],[37.60398567,55.7728528]]}},{"type":"Feature","properties":{"class":"primary","oneway":1},"geometry":{"type":"LineString","coordinates":[[37.61084676,55.77346532],[37.60991871,55.77345928]]}},{"type":"Feature","properties":{"class":"primary","oneway":1},"geometry":{"type":"LineString","coordinates":[[37.60408759,55.77404765],[37.60393739,55.77448214]]}},{"type":"Feature","properties":{"class":"primary","oneway":1},"geometry":{"type":"LineString","coordinates":[[37.60440946,55.7731304],[37.60426998,55.77357394]]}},{"type":"Feature","properties":{"class":"primary","oneway":1},"geometry":{"type":"LineString","coordinates":[[37.60397494,55.7737942],[37.6039964,55.77373084]]}},{"type":"Feature","properties":{"class":"primary","oneway":1},"geometry":{"type":"LineString","coordinates":[[37.60386229,55.77414119],[37.60389984,55.77402352]]}},{"type":"Feature","properties":{"class":"primary","oneway":0},"geometry":{"type":"LineString","coordinates":[[37.60442019,55.77265667],[37.60436654,55.77291617]]}},{"type":"Feature","properties":{"class":"primary","oneway":1},"geometry":{"type":"LineString","coordinates":[[37.60442019,55.77265667],[37.60440946,55.77259331]]}},{"type":"Feature","properties":{"class":"primary","oneway":1},"geometry":{"type":"LineString","coordinates":[[37.60440946,55.77259331],[37.60437727,55.77254201]]}},{"type":"Feature","properties":{"class":"primary","oneway":1},"geometry":{"type":"LineString","coordinates":[[37.60437727,55.77254201],[37.60426998,55.77248468]]}},{"type":"Feature","properties":{"class":"primary","oneway":1},"geometry":{"type":"LineString","coordinates":[[37.59800434,55.77013407],[37.59869099,55.77045997]]}},{"type":"Feature","properties":{"class":"primary","oneway":1},"geometry":{"type":"LineString","coordinates":[[37.59869099,55.77045997],[37.59920597,55.77066214]]}},{"type":"Feature","properties":{"class":"primary","oneway":1},"geometry":{"type":"LineString","coordinates":[[37.59768248,55.77093372],[37.59733379,55.77078586]]}},{"type":"Feature","properties":{"class":"primary","oneway":1},"geometry":{"type":"LineString","coordinates":[[37.60398567,55.7728528],[37.60392666,55.77284073]]}},{"type":"Feature","properties":{"class":"primary","oneway":1},"geometry":{"type":"LineString","coordinates":[[37.6039964,55.77373084],[37.60403395,55.77363127]]}},{"type":"Feature","properties":{"class":"primary","oneway":1},"geometry":{"type":"LineString","coordinates":[[37.60394812,55.77386964],[37.60397494,55.7737942]]}},{"type":"Feature","properties":{"class":"primary","oneway":1},"geometry":{"type":"LineString","coordinates":[[37.60389984,55.77402352],[37.60394812,55.77386964]]}},{"type":"Feature","properties":{"class":"primary","oneway":1},"geometry":{"type":"LineString","coordinates":[[37.60377645,55.77440369],[37.60386229,55.77414119]]}},{"type":"Feature","properties":{"class":"primary","oneway":1},"geometry":{"type":"LineString","coordinates":[[37.60363698,55.77479593],[37.6036638,55.77471748]]}},{"type":"Feature","properties":{"class":"primary","oneway":1},"geometry":{"type":"LineString","coordinates":[[37.60351896,55.77512178],[37.60363698,55.77479593]]}},{"type":"Feature","properties":{"class":"primary","oneway":1},"geometry":{"type":"LineString","coordinates":[[37.6034224,55.77538126],[37.60351896,55.77512178]]}},{"type":"Feature","properties":{"class":"primary","oneway":1},"geometry":{"type":"LineString","coordinates":[[37.60393739,55.77448214],[37.60389447,55.77461489]]}},{"type":"Feature","properties":{"class":"primary","oneway":1},"geometry":{"type":"LineString","coordinates":[[37.60408223,55.77351963],[37.60422707,55.77312436]]}},{"type":"Feature","properties":{"class":"primary","oneway":1},"geometry":{"type":"LineString","coordinates":[[37.59662032,55.77049316],[37.59590149,55.77017934]]}},{"type":"Feature","properties":{"class":"primary","oneway":1},"geometry":{"type":"LineString","coordinates":[[37.6058042,55.77310022],[37.60487616,55.77298556]]}},{"type":"Feature","properties":{"class":"primary","oneway":1},"geometry":{"type":"LineString","coordinates":[[37.60092795,55.77150402],[37.60054171,55.77138936]]}},{"type":"Feature","properties":{"class":"primary","oneway":1},"geometry":{"type":"LineString","coordinates":[[37.60054171,55.77138936],[37.59949028,55.77101821]]}},{"type":"Feature","properties":{"class":"primary","oneway":1},"geometry":{"type":"LineString","coordinates":[[37.60904968,55.773061],[37.61045516,55.7731998]]}},{"type":"Feature","properties":{"class":"primary","oneway":1},"geometry":{"type":"LineString","coordinates":[[37.60782123,55.77292522],[37.60829329,55.77298255]]}},{"type":"Feature","properties":{"class":"primary","oneway":1},"geometry":{"type":"LineString","coordinates":[[37.60829329,55.77298255],[37.60904968,55.773061]]}},{"type":"Feature","properties":{"class":"primary","oneway":1},"geometry":{"type":"LineString","coordinates":[[37.60239244,55.77177257],[37.60304153,55.77196267]]}},{"type":"Feature","properties":{"class":"primary","oneway":1},"geometry":{"type":"LineString","coordinates":[[37.60106742,55.77139238],[37.60239244,55.77177257]]}},{"type":"Feature","properties":{"class":"primary","oneway":1},"geometry":{"type":"LineString","coordinates":[[37.60304153,55.77196267],[37.60380864,55.77218596]]}},{"type":"Feature","properties":{"class":"minor","oneway":1},"geometry":{"type":"LineString","coordinates":[[37.60822356,55.76440632],[37.60759056,55.76416488]]}},{"type":"Feature","properties":{"class":"minor","oneway":1},"geometry":{"type":"LineString","coordinates":[[37.61111498,55.76359447],[37.61159778,55.7637665]]}},{"type":"Feature","properties":{"class":"minor","oneway":1},"geometry":{"type":"LineString","coordinates":[[37.59714067,55.75165618],[37.59692073,55.75258903]]}},{"type":"Feature","properties":{"class":"minor","oneway":1},"geometry":{"type":"LineString","coordinates":[[37.59692073,55.75258903],[37.59686708,55.75278828]]}},{"type":"Feature","properties":{"class":"minor","oneway":1},"geometry":{"type":"LineString","coordinates":[[37.61738062,55.75818269],[37.61743426,55.75828532]]}},{"type":"Feature","properties":{"class":"minor","oneway":1},"geometry":{"type":"LineString","coordinates":[[37.61743426,55.75828532],[37.61745036,55.75835173]]}},{"type":"Feature","properties":{"class":"minor","oneway":1},"geometry":{"type":"LineString","coordinates":[[37.61745036,55.75835173],[37.61744499,55.75845134]]}},{"type":"Feature","properties":{"class":"minor","oneway":1},"geometry":{"type":"LineString","coordinates":[[37.61744499,55.75845134],[37.61741281,55.75853284]]}},{"type":"Feature","properties":{"class":"minor","oneway":1},"geometry":{"type":"LineString","coordinates":[[37.61741281,55.75853284],[37.61736453,55.75858415]]}},{"type":"Feature","properties":{"class":"minor","oneway":1},"geometry":{"type":"LineString","coordinates":[[37.61736453,55.75858415],[37.61724651,55.75868074]]}},{"type":"Feature","properties":{"class":"minor","oneway":1},"geometry":{"type":"LineString","coordinates":[[37.61724651,55.75868074],[37.61622727,55.75948364]]}},{"type":"Feature","properties":{"class":"minor","oneway":1},"geometry":{"type":"LineString","coordinates":[[37.61622727,55.75948364],[37.61617362,55.75960136]]}},{"type":"Feature","properties":{"class":"minor","oneway":1},"geometry":{"type":"LineString","coordinates":[[37.61617362,55.75960136],[37.6159215,55.75986697]]}},{"type":"Feature","properties":{"class":"minor","oneway":1},"geometry":{"type":"LineString","coordinates":[[37.6159215,55.75986697],[37.61406004,55.76191035]]}},{"type":"Feature","properties":{"class":"minor","oneway":1},"geometry":{"type":"LineString","coordinates":[[37.61406004,55.76191035],[37.61300325,55.7630331]]}},{"type":"Feature","properties":{"class":"minor","oneway":1},"geometry":{"type":"LineString","coordinates":[[37.60874927,55.75469015],[37.6085937,55.75455128]]}},{"type":"Feature","properties":{"class":"minor","oneway":1},"geometry":{"type":"LineString","coordinates":[[37.6085937,55.75455128],[37.60850251,55.75444563]]}},{"type":"Feature","properties":{"class":"minor","oneway":1},"geometry":{"type":"LineString","coordinates":[[37.60850251,55.75444563],[37.60804653,55.75369394]]}},{"type":"Feature","properties":{"class":"minor","oneway":0},"geometry":{"type":"LineString","coordinates":[[37.60642111,55.75562897],[37.60688245,55.75557765]]}},{"type":"Feature","properties":{"class":"minor","oneway":0},"geometry":{"type":"LineString","coordinates":[[37.60479033,55.75165618],[37.60506928,55.7521211]]}},{"type":"Feature","properties":{"class":"minor","oneway":0},"geometry":{"type":"LineString","coordinates":[[37.60506928,55.7521211],[37.60545015,55.75278828]]}},{"type":"Feature","properties":{"class":"minor","oneway":1},"geometry":{"type":"LineString","coordinates":[[37.60576129,55.75344036],[37.60600805,55.75400186]]}},{"type":"Feature","properties":{"class":"minor","oneway":1},"geometry":{"type":"LineString","coordinates":[[37.61712849,55.76258038],[37.61539042,55.76166889]]}},{"type":"Feature","properties":{"class":"minor","oneway":1},"geometry":{"type":"LineString","coordinates":[[37.60106742,55.7582491],[37.60234952,55.75888901]]}},{"type":"Feature","properties":{"class":"minor","oneway":1},"geometry":{"type":"LineString","coordinates":[[37.60234952,55.75888901],[37.60312736,55.75933272]]}},{"type":"Feature","properties":{"class":"minor","oneway":1},"geometry":{"type":"LineString","coordinates":[[37.60312736,55.75933272],[37.60434508,55.76007826]]}},{"type":"Feature","properties":{"class":"minor","oneway":1},"geometry":{"type":"LineString","coordinates":[[37.60434508,55.76007826],[37.60444164,55.76012957]]}},{"type":"Feature","properties":{"class":"minor","oneway":1},"geometry":{"type":"LineString","coordinates":[[37.60543942,55.75947157],[37.60546088,55.75933272]]}},{"type":"Feature","properties":{"class":"minor","oneway":1},"geometry":{"type":"LineString","coordinates":[[37.60546088,55.75933272],[37.60544479,55.75925726]]}},{"type":"Feature","properties":{"class":"minor","oneway":1},"geometry":{"type":"LineString","coordinates":[[37.60544479,55.75925726],[37.60538578,55.75914256]]}},{"type":"Feature","properties":{"class":"minor","oneway":1},"geometry":{"type":"LineString","coordinates":[[37.60538578,55.75914256],[37.60505319,55.75888298]]}},{"type":"Feature","properties":{"class":"minor","oneway":1},"geometry":{"type":"LineString","coordinates":[[37.60505319,55.75888298],[37.60498345,55.75880751]]}},{"type":"Feature","properties":{"class":"minor","oneway":1},"geometry":{"type":"LineString","coordinates":[[37.60498345,55.75880751],[37.60457575,55.75820986]]}},{"type":"Feature","properties":{"class":"minor","oneway":1},"geometry":{"type":"LineString","coordinates":[[37.60457575,55.75820986],[37.60435045,55.75792008]]}},{"type":"Feature","properties":{"class":"minor","oneway":1},"geometry":{"type":"LineString","coordinates":[[37.60435045,55.75792008],[37.60353506,55.75696019]]}},{"type":"Feature","properties":{"class":"minor","oneway":1},"geometry":{"type":"LineString","coordinates":[[37.60353506,55.75696019],[37.60345995,55.75686359]]}},{"type":"Feature","properties":{"class":"minor","oneway":1},"geometry":{"type":"LineString","coordinates":[[37.60466158,55.75669455],[37.60497808,55.7571413]]}},{"type":"Feature","properties":{"class":"minor","oneway":1},"geometry":{"type":"LineString","coordinates":[[37.60497808,55.7571413],[37.60514975,55.75733147]]}},{"type":"Feature","properties":{"class":"minor","oneway":1},"geometry":{"type":"LineString","coordinates":[[37.60514975,55.75733147],[37.6055789,55.75771784]]}},{"type":"Feature","properties":{"class":"minor","oneway":1},"geometry":{"type":"LineString","coordinates":[[37.6055789,55.75771784],[37.60654449,55.75853887]]}},{"type":"Feature","properties":{"class":"minor","oneway":1},"geometry":{"type":"LineString","coordinates":[[37.60654449,55.75853887],[37.60696828,55.75883166]]}},{"type":"Feature","properties":{"class":"minor","oneway":1},"geometry":{"type":"LineString","coordinates":[[37.60696828,55.75883166],[37.60723114,55.75905804]]}},{"type":"Feature","properties":{"class":"minor","oneway":1},"geometry":{"type":"LineString","coordinates":[[37.60723114,55.75905804],[37.6076442,55.75944138]]}},{"type":"Feature","properties":{"class":"minor","oneway":1},"geometry":{"type":"LineString","coordinates":[[37.6076442,55.75944138],[37.6078105,55.75954401]]}},{"type":"Feature","properties":{"class":"minor","oneway":1},"geometry":{"type":"LineString","coordinates":[[37.6078105,55.75954401],[37.60799825,55.75964361]]}},{"type":"Feature","properties":{"class":"minor","oneway":1},"geometry":{"type":"LineString","coordinates":[[37.60799825,55.75964361],[37.60814309,55.75971304]]}},{"type":"Feature","properties":{"class":"minor","oneway":1},"geometry":{"type":"LineString","coordinates":[[37.60783732,55.75689981],[37.60841131,55.75737071]]}},{"type":"Feature","properties":{"class":"minor","oneway":1},"geometry":{"type":"LineString","coordinates":[[37.60841131,55.75737071],[37.60881364,55.75768464]]}},{"type":"Feature","properties":{"class":"minor","oneway":1},"geometry":{"type":"LineString","coordinates":[[37.60881364,55.75768464],[37.60938764,55.75809214]]}},{"type":"Feature","properties":{"class":"minor","oneway":1},"geometry":{"type":"LineString","coordinates":[[37.60938764,55.75809214],[37.60975778,55.75832456]]}},{"type":"Feature","properties":{"class":"minor","oneway":1},"geometry":{"type":"LineString","coordinates":[[37.60965049,55.75653758],[37.60882437,55.75588857]]}},{"type":"Feature","properties":{"class":"minor","oneway":1},"geometry":{"type":"LineString","coordinates":[[37.59964585,55.7574009],[37.5996995,55.75732845]]}},{"type":"Feature","properties":{"class":"minor","oneway":1},"geometry":{"type":"LineString","coordinates":[[37.5996995,55.75732845],[37.59977996,55.75715639]]}},{"type":"Feature","properties":{"class":"minor","oneway":1},"geometry":{"type":"LineString","coordinates":[[37.59977996,55.75715639],[37.59989262,55.7570115]]}},{"type":"Feature","properties":{"class":"minor","oneway":1},"geometry":{"type":"LineString","coordinates":[[37.59989262,55.7570115],[37.60067582,55.75620855]]}},{"type":"Feature","properties":{"class":"minor","oneway":1},"geometry":{"type":"LineString","coordinates":[[37.60067582,55.75620855],[37.60150731,55.75524861]]}},{"type":"Feature","properties":{"class":"minor","oneway":1},"geometry":{"type":"LineString","coordinates":[[37.60150731,55.75524861],[37.60159314,55.75512485]]}},{"type":"Feature","properties":{"class":"minor","oneway":1},"geometry":{"type":"LineString","coordinates":[[37.60159314,55.75512485],[37.6016736,55.75497693]]}},{"type":"Feature","properties":{"class":"minor","oneway":1},"geometry":{"type":"LineString","coordinates":[[37.60284841,55.75452713],[37.60313272,55.75394149]]}},{"type":"Feature","properties":{"class":"minor","oneway":1},"geometry":{"type":"LineString","coordinates":[[37.60270357,55.75598819],[37.60436118,55.75584329]]}},{"type":"Feature","properties":{"class":"minor","oneway":1},"geometry":{"type":"LineString","coordinates":[[37.60436118,55.75584329],[37.60554135,55.7557316]]}},{"type":"Feature","properties":{"class":"minor","oneway":1},"geometry":{"type":"LineString","coordinates":[[37.60554135,55.7557316],[37.60584712,55.75569538]]}},{"type":"Feature","properties":{"class":"minor","oneway":0},"geometry":{"type":"LineString","coordinates":[[37.5987339,55.76440632],[37.59890556,55.76428258]]}},{"type":"Feature","properties":{"class":"minor","oneway":0},"geometry":{"type":"LineString","coordinates":[[37.6010406,55.76440632],[37.60042906,55.76412564]]}},{"type":"Feature","properties":{"class":"minor","oneway":0},"geometry":{"type":"LineString","coordinates":[[37.60042906,55.76412564],[37.59966195,55.7637846]]}},{"type":"Feature","properties":{"class":"minor","oneway":0},"geometry":{"type":"LineString","coordinates":[[37.6025641,55.7639174],[37.60336339,55.76354919]]}},{"type":"Feature","properties":{"class":"minor","oneway":0},"geometry":{"type":"LineString","coordinates":[[37.60336339,55.76354919],[37.60349214,55.76349487]]}},{"type":"Feature","properties":{"class":"minor","oneway":0},"geometry":{"type":"LineString","coordinates":[[37.60252118,55.76146365],[37.60347068,55.7611407]]}},{"type":"Feature","properties":{"class":"minor","oneway":0},"geometry":{"type":"LineString","coordinates":[[37.60347068,55.7611407],[37.60398567,55.76095357]]}},{"type":"Feature","properties":{"class":"minor","oneway":0},"geometry":{"type":"LineString","coordinates":[[37.60398567,55.76095357],[37.60499954,55.76044649]]}},{"type":"Feature","properties":{"class":"minor","oneway":0},"geometry":{"type":"LineString","coordinates":[[37.60499954,55.76044649],[37.60452747,55.76016881]]}},{"type":"Feature","properties":{"class":"minor","oneway":0},"geometry":{"type":"LineString","coordinates":[[37.60452747,55.76016881],[37.60444164,55.76012957]]}},{"type":"Feature","properties":{"class":"minor","oneway":0},"geometry":{"type":"LineString","coordinates":[[37.60444164,55.76012957],[37.60529459,55.75955306]]}},{"type":"Feature","properties":{"class":"minor","oneway":0},"geometry":{"type":"LineString","coordinates":[[37.60529459,55.75955306],[37.60543942,55.75947157]]}},{"type":"Feature","properties":{"class":"minor","oneway":0},"geometry":{"type":"LineString","coordinates":[[37.60543942,55.75947157],[37.60612071,55.75908823]]}},{"type":"Feature","properties":{"class":"minor","oneway":0},"geometry":{"type":"LineString","coordinates":[[37.60612071,55.75908823],[37.60614753,55.75908219]]}},{"type":"Feature","properties":{"class":"minor","oneway":0},"geometry":{"type":"LineString","coordinates":[[37.60614753,55.75908219],[37.60619581,55.75907616]]}},{"type":"Feature","properties":{"class":"minor","oneway":0},"geometry":{"type":"LineString","coordinates":[[37.60619581,55.75907616],[37.60626554,55.75909125]]}},{"type":"Feature","properties":{"class":"minor","oneway":0},"geometry":{"type":"LineString","coordinates":[[37.60626554,55.75909125],[37.60683954,55.75929046]]}},{"type":"Feature","properties":{"class":"minor","oneway":0},"geometry":{"type":"LineString","coordinates":[[37.60683954,55.75929046],[37.60693073,55.75930254]]}},{"type":"Feature","properties":{"class":"minor","oneway":0},"geometry":{"type":"LineString","coordinates":[[37.60693073,55.75930254],[37.60702193,55.75928443]]}},{"type":"Feature","properties":{"class":"minor","oneway":0},"geometry":{"type":"LineString","coordinates":[[37.60702193,55.75928443],[37.6073277,55.7591486]]}},{"type":"Feature","properties":{"class":"minor","oneway":0},"geometry":{"type":"LineString","coordinates":[[37.6017487,55.76181075],[37.60131419,55.76194657]]}},{"type":"Feature","properties":{"class":"minor","oneway":0},"geometry":{"type":"LineString","coordinates":[[37.60131419,55.76194657],[37.60116935,55.76196769]]}},{"type":"Feature","properties":{"class":"minor","oneway":0},"geometry":{"type":"LineString","coordinates":[[37.60116935,55.76196769],[37.60099232,55.76196769]]}},{"type":"Feature","properties":{"class":"minor","oneway":0},"geometry":{"type":"LineString","coordinates":[[37.60099232,55.76196769],[37.60094404,55.76197373]]}},{"type":"Feature","properties":{"class":"minor","oneway":0},"geometry":{"type":"LineString","coordinates":[[37.60094404,55.76197373],[37.60082603,55.76200995]]}},{"type":"Feature","properties":{"class":"minor","oneway":0},"geometry":{"type":"LineString","coordinates":[[37.60082603,55.76200995],[37.60047734,55.76213671]]}},{"type":"Feature","properties":{"class":"minor","oneway":0},"geometry":{"type":"LineString","coordinates":[[37.60047734,55.76213671],[37.60042369,55.76214878]]}},{"type":"Feature","properties":{"class":"minor","oneway":0},"geometry":{"type":"LineString","coordinates":[[37.60042369,55.76214878],[37.60025203,55.76216086]]}},{"type":"Feature","properties":{"class":"minor","oneway":0},"geometry":{"type":"LineString","coordinates":[[37.60025203,55.76216086],[37.60018766,55.76217897]]}},{"type":"Feature","properties":{"class":"minor","oneway":0},"geometry":{"type":"LineString","coordinates":[[37.60018766,55.76217897],[37.59991944,55.76227857]]}},{"type":"Feature","properties":{"class":"minor","oneway":0},"geometry":{"type":"LineString","coordinates":[[37.60543942,55.75947157],[37.60543942,55.7595259]]}},{"type":"Feature","properties":{"class":"minor","oneway":0},"geometry":{"type":"LineString","coordinates":[[37.60543942,55.7595259],[37.6054877,55.75958626]]}},{"type":"Feature","properties":{"class":"minor","oneway":0},"geometry":{"type":"LineString","coordinates":[[37.6054877,55.75958626],[37.60590076,55.75986094]]}},{"type":"Feature","properties":{"class":"minor","oneway":0},"geometry":{"type":"LineString","coordinates":[[37.60590076,55.75986094],[37.60660887,55.76038311]]}},{"type":"Feature","properties":{"class":"minor","oneway":0},"geometry":{"type":"LineString","coordinates":[[37.60660887,55.76038311],[37.60711312,55.76080869]]}},{"type":"Feature","properties":{"class":"minor","oneway":0},"geometry":{"type":"LineString","coordinates":[[37.60711312,55.76080869],[37.60756373,55.76117692]]}},{"type":"Feature","properties":{"class":"minor","oneway":0},"geometry":{"type":"LineString","coordinates":[[37.60756373,55.76117692],[37.60769248,55.76126143]]}},{"type":"Feature","properties":{"class":"minor","oneway":0},"geometry":{"type":"LineString","coordinates":[[37.60769248,55.76126143],[37.60794461,55.76139423]]}},{"type":"Feature","properties":{"class":"minor","oneway":0},"geometry":{"type":"LineString","coordinates":[[37.60794461,55.76139423],[37.6081109,55.76146365]]}},{"type":"Feature","properties":{"class":"minor","oneway":0},"geometry":{"type":"LineString","coordinates":[[37.6081109,55.76146365],[37.6090765,55.76181376]]}},{"type":"Feature","properties":{"class":"minor","oneway":0},"geometry":{"type":"LineString","coordinates":[[37.59563327,55.75801668],[37.59575665,55.75825816]]}},{"type":"Feature","properties":{"class":"minor","oneway":0},"geometry":{"type":"LineString","coordinates":[[37.59575665,55.75825816],[37.59583175,55.75843926]]}},{"type":"Feature","properties":{"class":"minor","oneway":0},"geometry":{"type":"LineString","coordinates":[[37.59583175,55.75843926],[37.59582639,55.75851774]]}},{"type":"Feature","properties":{"class":"minor","oneway":0},"geometry":{"type":"LineString","coordinates":[[37.59582639,55.75851774],[37.59578884,55.75859924]]}},{"type":"Feature","properties":{"class":"minor","oneway":0},"geometry":{"type":"LineString","coordinates":[[37.59578884,55.75859924],[37.5957191,55.75865659]]}},{"type":"Feature","properties":{"class":"minor","oneway":0},"geometry":{"type":"LineString","coordinates":[[37.5957191,55.75865659],[37.59560645,55.75871696]]}},{"type":"Feature","properties":{"class":"minor","oneway":0},"geometry":{"type":"LineString","coordinates":[[37.59560645,55.75871696],[37.59491444,55.75898862]]}},{"type":"Feature","properties":{"class":"minor","oneway":0},"geometry":{"type":"LineString","coordinates":[[37.59491444,55.75898862],[37.59487152,55.75901277]]}},{"type":"Feature","properties":{"class":"minor","oneway":0},"geometry":{"type":"LineString","coordinates":[[37.59487152,55.75433695],[37.5961107,55.75397469]]}},{"type":"Feature","properties":{"class":"minor","oneway":0},"geometry":{"type":"LineString","coordinates":[[37.5961107,55.75397469],[37.59693146,55.75371809]]}},{"type":"Feature","properties":{"class":"minor","oneway":0},"geometry":{"type":"LineString","coordinates":[[37.59693146,55.75371809],[37.59818673,55.75325017]]}},{"type":"Feature","properties":{"class":"minor","oneway":0},"geometry":{"type":"LineString","coordinates":[[37.59818673,55.75325017],[37.5982672,55.75321696]]}},{"type":"Feature","properties":{"class":"minor","oneway":0},"geometry":{"type":"LineString","coordinates":[[37.5982672,55.75321696],[37.59832084,55.75318074]]}},{"type":"Feature","properties":{"class":"minor","oneway":0},"geometry":{"type":"LineString","coordinates":[[37.59832084,55.75318074],[37.5983423,55.75314451]]}},{"type":"Feature","properties":{"class":"minor","oneway":0},"geometry":{"type":"LineString","coordinates":[[37.5983423,55.75314451],[37.59836912,55.75297545]]}},{"type":"Feature","properties":{"class":"minor","oneway":0},"geometry":{"type":"LineString","coordinates":[[37.59928644,55.75337696],[37.59914696,55.75417997]]}},{"type":"Feature","properties":{"class":"minor","oneway":0},"geometry":{"type":"LineString","coordinates":[[37.59914696,55.75417997],[37.59913087,55.75423733]]}},{"type":"Feature","properties":{"class":"minor","oneway":0},"geometry":{"type":"LineString","coordinates":[[37.59913087,55.75423733],[37.59887874,55.75478977]]}},{"type":"Feature","properties":{"class":"minor","oneway":0},"geometry":{"type":"LineString","coordinates":[[37.59887874,55.75478977],[37.59879827,55.75491052]]}},{"type":"Feature","properties":{"class":"minor","oneway":0},"geometry":{"type":"LineString","coordinates":[[37.59879827,55.75491052],[37.59819746,55.75564406]]}},{"type":"Feature","properties":{"class":"minor","oneway":0},"geometry":{"type":"LineString","coordinates":[[37.59819746,55.75564406],[37.59811699,55.7557316]]}},{"type":"Feature","properties":{"class":"minor","oneway":0},"geometry":{"type":"LineString","coordinates":[[37.59811699,55.7557316],[37.59796143,55.75586443]]}},{"type":"Feature","properties":{"class":"minor","oneway":0},"geometry":{"type":"LineString","coordinates":[[37.59796143,55.75586443],[37.59657204,55.75693906]]}},{"type":"Feature","properties":{"class":"minor","oneway":0},"geometry":{"type":"LineString","coordinates":[[37.59657204,55.75693906],[37.59648085,55.75707489]]}},{"type":"Feature","properties":{"class":"minor","oneway":0},"geometry":{"type":"LineString","coordinates":[[37.59648085,55.75707489],[37.59643793,55.75726808]]}},{"type":"Feature","properties":{"class":"minor","oneway":0},"geometry":{"type":"LineString","coordinates":[[37.60041833,55.75230224],[37.60033786,55.75228412]]}},{"type":"Feature","properties":{"class":"minor","oneway":0},"geometry":{"type":"LineString","coordinates":[[37.60042369,55.75257998],[37.60041833,55.75230224]]}},{"type":"Feature","properties":{"class":"minor","oneway":0},"geometry":{"type":"LineString","coordinates":[[37.60041833,55.75230224],[37.60040224,55.75206978]]}},{"type":"Feature","properties":{"class":"minor","oneway":0},"geometry":{"type":"LineString","coordinates":[[37.60040224,55.75206978],[37.6003325,55.75165618]]}},{"type":"Feature","properties":{"class":"minor","oneway":0},"geometry":{"type":"LineString","coordinates":[[37.60270357,55.75598819],[37.602548,55.75551426]]}},{"type":"Feature","properties":{"class":"minor","oneway":0},"geometry":{"type":"LineString","coordinates":[[37.602548,55.75551426],[37.60257483,55.75517918]]}},{"type":"Feature","properties":{"class":"minor","oneway":0},"geometry":{"type":"LineString","coordinates":[[37.60219395,55.75702056],[37.60249972,55.75747032]]}},{"type":"Feature","properties":{"class":"minor","oneway":0},"geometry":{"type":"LineString","coordinates":[[37.60249972,55.75747032],[37.60304153,55.75811629]]}},{"type":"Feature","properties":{"class":"minor","oneway":0},"geometry":{"type":"LineString","coordinates":[[37.61138856,55.75257998],[37.61136711,55.752583]]}},{"type":"Feature","properties":{"class":"minor","oneway":0},"geometry":{"type":"LineString","coordinates":[[37.61136711,55.752583],[37.6109916,55.75247432]]}},{"type":"Feature","properties":{"class":"minor","oneway":0},"geometry":{"type":"LineString","coordinates":[[37.61705339,55.76021408],[37.61753082,55.76035594]]}},{"type":"Feature","properties":{"class":"minor","oneway":0},"geometry":{"type":"LineString","coordinates":[[37.6129657,55.75973718],[37.61208057,55.7594112]]}},{"type":"Feature","properties":{"class":"minor","oneway":0},"geometry":{"type":"LineString","coordinates":[[37.61208057,55.7594112],[37.61188209,55.7593297]]}},{"type":"Feature","properties":{"class":"minor","oneway":0},"geometry":{"type":"LineString","coordinates":[[37.6116997,55.75920595],[37.61192501,55.75928141]]}},{"type":"Feature","properties":{"class":"minor","oneway":0},"geometry":{"type":"LineString","coordinates":[[37.59487152,55.75179203],[37.59496808,55.75180109]]}},{"type":"Feature","properties":{"class":"minor","oneway":1},"geometry":{"type":"LineString","coordinates":[[37.60317564,55.76440632],[37.6025641,55.7639174]]}},{"type":"Feature","properties":{"class":"secondary","oneway":1},"geometry":{"type":"LineString","coordinates":[[37.60025203,55.7544577],[37.60022521,55.75459053]]}},{"type":"Feature","properties":{"class":"secondary","oneway":1},"geometry":{"type":"LineString","coordinates":[[37.60022521,55.75459053],[37.6002413,55.7546177]]}},{"type":"Feature","properties":{"class":"secondary","oneway":1},"geometry":{"type":"LineString","coordinates":[[37.6002413,55.7546177],[37.60028958,55.75463883]]}},{"type":"Feature","properties":{"class":"secondary","oneway":1},"geometry":{"type":"LineString","coordinates":[[37.60028958,55.75463883],[37.60034323,55.75464486]]}},{"type":"Feature","properties":{"class":"secondary","oneway":1},"geometry":{"type":"LineString","coordinates":[[37.60034323,55.75464486],[37.60040224,55.75463581]]}},{"type":"Feature","properties":{"class":"secondary","oneway":1},"geometry":{"type":"LineString","coordinates":[[37.60040224,55.75463581],[37.60043979,55.75461166]]}},{"type":"Feature","properties":{"class":"secondary","oneway":1},"geometry":{"type":"LineString","coordinates":[[37.60043979,55.75461166],[37.60052025,55.75453317]]}},{"type":"Feature","properties":{"class":"secondary","oneway":1},"geometry":{"type":"LineString","coordinates":[[37.60070264,55.75452411],[37.60070801,55.75461166]]}},{"type":"Feature","properties":{"class":"secondary","oneway":1},"geometry":{"type":"LineString","coordinates":[[37.60070801,55.75461166],[37.60071874,55.7546509]]}},{"type":"Feature","properties":{"class":"secondary","oneway":1},"geometry":{"type":"LineString","coordinates":[[37.60071874,55.7546509],[37.60076165,55.75469317]]}},{"type":"Feature","properties":{"class":"secondary","oneway":1},"geometry":{"type":"LineString","coordinates":[[37.60076165,55.75469317],[37.60080457,55.75470826]]}},{"type":"Feature","properties":{"class":"secondary","oneway":1},"geometry":{"type":"LineString","coordinates":[[37.60080457,55.75470826],[37.60084212,55.75471128]]}},{"type":"Feature","properties":{"class":"secondary","oneway":1},"geometry":{"type":"LineString","coordinates":[[37.60084212,55.75471128],[37.60091722,55.75468411]]}},{"type":"Feature","properties":{"class":"secondary","oneway":1},"geometry":{"type":"LineString","coordinates":[[37.60091722,55.75468411],[37.60093868,55.75466298]]}},{"type":"Feature","properties":{"class":"minor","oneway":1},"geometry":{"type":"LineString","coordinates":[[37.59687781,55.75473543],[37.59718895,55.75464788]]}},{"type":"Feature","properties":{"class":"minor","oneway":1},"geometry":{"type":"LineString","coordinates":[[37.59718895,55.75464788],[37.59747326,55.75457543]]}},{"type":"Feature","properties":{"class":"minor","oneway":1},"geometry":{"type":"LineString","coordinates":[[37.59747326,55.75457543],[37.59804189,55.7544577]]}},{"type":"Feature","properties":{"class":"minor","oneway":1},"geometry":{"type":"LineString","coordinates":[[37.59682417,55.75598215],[37.59725869,55.75640476]]}},{"type":"Feature","properties":{"class":"minor","oneway":1},"geometry":{"type":"LineString","coordinates":[[37.59648085,55.75707489],[37.59645939,55.75703565]]}},{"type":"Feature","properties":{"class":"minor","oneway":1},"geometry":{"type":"LineString","coordinates":[[37.59645939,55.75703565],[37.59636819,55.75694811]]}},{"type":"Feature","properties":{"class":"minor","oneway":1},"geometry":{"type":"LineString","coordinates":[[37.59636819,55.75694811],[37.595644,55.7563625]]}},{"type":"Feature","properties":{"class":"minor","oneway":1},"geometry":{"type":"LineString","coordinates":[[37.5991255,55.76152703],[37.59658813,55.76323833]]}},{"type":"Feature","properties":{"class":"minor","oneway":1},"geometry":{"type":"LineString","coordinates":[[37.59487152,55.76249587],[37.59516656,55.76260151]]}},{"type":"Feature","properties":{"class":"minor","oneway":1},"geometry":{"type":"LineString","coordinates":[[37.59658813,55.76323833],[37.59768248,55.76380271]]}},{"type":"Feature","properties":{"class":"minor","oneway":1},"geometry":{"type":"LineString","coordinates":[[37.59768248,55.76380271],[37.59779513,55.76385402]]}},{"type":"Feature","properties":{"class":"minor","oneway":1},"geometry":{"type":"LineString","coordinates":[[37.59779513,55.76385402],[37.59823501,55.76403208]]}},{"type":"Feature","properties":{"class":"minor","oneway":1},"geometry":{"type":"LineString","coordinates":[[37.59823501,55.76403208],[37.59890556,55.76428258]]}},{"type":"Feature","properties":{"class":"minor","oneway":1},"geometry":{"type":"LineString","coordinates":[[37.60156631,55.76440632],[37.6025641,55.7639174]]}},{"type":"Feature","properties":{"class":"minor","oneway":1},"geometry":{"type":"LineString","coordinates":[[37.59768248,55.76380271],[37.59989262,55.76224537]]}},{"type":"Feature","properties":{"class":"minor","oneway":1},"geometry":{"type":"LineString","coordinates":[[37.5958854,55.76440632],[37.5953275,55.7643188]]}},{"type":"Feature","properties":{"class":"minor","oneway":1},"geometry":{"type":"LineString","coordinates":[[37.59682417,55.75598215],[37.59664714,55.75581915]]}},{"type":"Feature","properties":{"class":"minor","oneway":1},"geometry":{"type":"LineString","coordinates":[[37.59664714,55.75581915],[37.59640574,55.7555686]]}},{"type":"Feature","properties":{"class":"minor","oneway":1},"geometry":{"type":"LineString","coordinates":[[37.60499954,55.76044649],[37.60567009,55.76087207]]}},{"type":"Feature","properties":{"class":"minor","oneway":1},"geometry":{"type":"LineString","coordinates":[[37.60531604,55.76185904],[37.60479033,55.76151798]]}},{"type":"Feature","properties":{"class":"minor","oneway":1},"geometry":{"type":"LineString","coordinates":[[37.60479033,55.76151798],[37.60441482,55.76126143]]}},{"type":"Feature","properties":{"class":"minor","oneway":1},"geometry":{"type":"LineString","coordinates":[[37.60441482,55.76126143],[37.60398567,55.76095357]]}},{"type":"Feature","properties":{"class":"minor","oneway":1},"geometry":{"type":"LineString","coordinates":[[37.60556281,55.761687],[37.60531604,55.76185904]]}},{"type":"Feature","properties":{"class":"minor","oneway":1},"geometry":{"type":"LineString","coordinates":[[37.60531604,55.76185904],[37.60509074,55.76204013]]}},{"type":"Feature","properties":{"class":"minor","oneway":1},"geometry":{"type":"LineString","coordinates":[[37.59489834,55.75326225],[37.59487152,55.75326829]]}},{"type":"Feature","properties":{"class":"minor","oneway":1},"geometry":{"type":"LineString","coordinates":[[37.60002673,55.752903],[37.60026813,55.75284866]]}},{"type":"Feature","properties":{"class":"minor","oneway":1},"geometry":{"type":"LineString","coordinates":[[37.60026813,55.75284866],[37.60031104,55.75283055]]}},{"type":"Feature","properties":{"class":"minor","oneway":1},"geometry":{"type":"LineString","coordinates":[[37.60031104,55.75283055],[37.60033786,55.75280941]]}},{"type":"Feature","properties":{"class":"minor","oneway":1},"geometry":{"type":"LineString","coordinates":[[37.60033786,55.75280941],[37.60035396,55.75278526]]}},{"type":"Feature","properties":{"class":"minor","oneway":1},"geometry":{"type":"LineString","coordinates":[[37.60035396,55.75278526],[37.60036469,55.75267055]]}},{"type":"Feature","properties":{"class":"minor","oneway":1},"geometry":{"type":"LineString","coordinates":[[37.60036469,55.75267055],[37.60042369,55.75257998]]}},{"type":"Feature","properties":{"class":"minor","oneway":1},"geometry":{"type":"LineString","coordinates":[[37.61617362,55.75960136],[37.61594832,55.75949873]]}},{"type":"Feature","properties":{"class":"minor","oneway":1},"geometry":{"type":"LineString","coordinates":[[37.61594832,55.75949873],[37.61526704,55.75914256]]}},{"type":"Feature","properties":{"class":"minor","oneway":1},"geometry":{"type":"LineString","coordinates":[[37.61526704,55.75914256],[37.61377573,55.75834871]]}},{"type":"Feature","properties":{"class":"minor","oneway":1},"geometry":{"type":"LineString","coordinates":[[37.59658813,55.76323833],[37.59622872,55.76348883]]}},{"type":"Feature","properties":{"class":"minor","oneway":1},"geometry":{"type":"LineString","coordinates":[[37.59622872,55.76348883],[37.59572983,55.76393551]]}},{"type":"Feature","properties":{"class":"minor","oneway":1},"geometry":{"type":"LineString","coordinates":[[37.59572983,55.76393551],[37.5953275,55.7643188]]}},{"type":"Feature","properties":{"class":"minor","oneway":1},"geometry":{"type":"LineString","coordinates":[[37.59516656,55.76260151],[37.59571373,55.76281278]]}},{"type":"Feature","properties":{"class":"minor","oneway":1},"geometry":{"type":"LineString","coordinates":[[37.59571373,55.76281278],[37.59614289,55.76301197]]}},{"type":"Feature","properties":{"class":"minor","oneway":1},"geometry":{"type":"LineString","coordinates":[[37.59614289,55.76301197],[37.59650767,55.76319306]]}},{"type":"Feature","properties":{"class":"minor","oneway":1},"geometry":{"type":"LineString","coordinates":[[37.59650767,55.76319306],[37.59658813,55.76323833]]}},{"type":"Feature","properties":{"class":"minor","oneway":1},"geometry":{"type":"LineString","coordinates":[[37.59487152,55.76285805],[37.59516656,55.76260151]]}},{"type":"Feature","properties":{"class":"minor","oneway":1},"geometry":{"type":"LineString","coordinates":[[37.59523094,55.76254416],[37.59538651,55.76232987]]}},{"type":"Feature","properties":{"class":"minor","oneway":1},"geometry":{"type":"LineString","coordinates":[[37.59538651,55.76232987],[37.59628773,55.76105317]]}},{"type":"Feature","properties":{"class":"minor","oneway":1},"geometry":{"type":"LineString","coordinates":[[37.59628773,55.76105317],[37.5967437,55.76009335]]}},{"type":"Feature","properties":{"class":"minor","oneway":1},"geometry":{"type":"LineString","coordinates":[[37.5967437,55.76009335],[37.59678662,55.76002393]]}},{"type":"Feature","properties":{"class":"minor","oneway":1},"geometry":{"type":"LineString","coordinates":[[37.59678662,55.76002393],[37.59703875,55.75967983]]}},{"type":"Feature","properties":{"class":"minor","oneway":1},"geometry":{"type":"LineString","coordinates":[[37.59703875,55.75967983],[37.59714603,55.75958325]]}},{"type":"Feature","properties":{"class":"minor","oneway":1},"geometry":{"type":"LineString","coordinates":[[37.59714603,55.75958325],[37.59812236,55.75888901]]}},{"type":"Feature","properties":{"class":"minor","oneway":1},"geometry":{"type":"LineString","coordinates":[[37.59812236,55.75888901],[37.59818673,55.75884977]]}},{"type":"Feature","properties":{"class":"minor","oneway":1},"geometry":{"type":"LineString","coordinates":[[37.59818673,55.75884977],[37.59863734,55.75862339]]}},{"type":"Feature","properties":{"class":"minor","oneway":1},"geometry":{"type":"LineString","coordinates":[[37.59989262,55.76224537],[37.5991255,55.76152703]]}},{"type":"Feature","properties":{"class":"minor","oneway":1},"geometry":{"type":"LineString","coordinates":[[37.5991255,55.76152703],[37.59812236,55.7605793]]}},{"type":"Feature","properties":{"class":"minor","oneway":1},"geometry":{"type":"LineString","coordinates":[[37.59812236,55.7605793],[37.59806871,55.76053704]]}},{"type":"Feature","properties":{"class":"minor","oneway":1},"geometry":{"type":"LineString","coordinates":[[37.59806871,55.76053704],[37.59797215,55.76049177]]}},{"type":"Feature","properties":{"class":"minor","oneway":1},"geometry":{"type":"LineString","coordinates":[[37.59797215,55.76049177],[37.59678662,55.76002393]]}},{"type":"Feature","properties":{"class":"secondary","oneway":1},"geometry":{"type":"LineString","coordinates":[[37.60105669,55.75322602],[37.60100305,55.7531747]]}},{"type":"Feature","properties":{"class":"secondary","oneway":1},"geometry":{"type":"LineString","coordinates":[[37.60100305,55.7531747],[37.60096014,55.75315961]]}},{"type":"Feature","properties":{"class":"secondary","oneway":1},"geometry":{"type":"LineString","coordinates":[[37.60096014,55.75315961],[37.60078847,55.75313847]]}},{"type":"Feature","properties":{"class":"secondary","oneway":1},"geometry":{"type":"LineString","coordinates":[[37.60078847,55.75313847],[37.60054171,55.75315357]]}},{"type":"Feature","properties":{"class":"secondary","oneway":1},"geometry":{"type":"LineString","coordinates":[[37.60054171,55.75315357],[37.60050416,55.75316866]]}},{"type":"Feature","properties":{"class":"secondary","oneway":1},"geometry":{"type":"LineString","coordinates":[[37.60050416,55.75316866],[37.60044515,55.75324715]]}},{"type":"Feature","properties":{"class":"minor","oneway":1},"geometry":{"type":"LineString","coordinates":[[37.6025641,55.7639174],[37.6004988,55.76263471]]}},{"type":"Feature","properties":{"class":"minor","oneway":1},"geometry":{"type":"LineString","coordinates":[[37.6004988,55.76263471],[37.59999454,55.76233893]]}},{"type":"Feature","properties":{"class":"minor","oneway":1},"geometry":{"type":"LineString","coordinates":[[37.59999454,55.76233893],[37.59995162,55.76230875]]}},{"type":"Feature","properties":{"class":"minor","oneway":1},"geometry":{"type":"LineString","coordinates":[[37.59995162,55.76230875],[37.59989262,55.76224537]]}},{"type":"Feature","properties":{"class":"minor","oneway":1},"geometry":{"type":"LineString","coordinates":[[37.61286378,55.76318099],[37.61211812,55.7639506]]}},{"type":"Feature","properties":{"class":"minor","oneway":1},"geometry":{"type":"LineString","coordinates":[[37.61211812,55.7639506],[37.61165679,55.76440632]]}},{"type":"Feature","properties":{"class":"minor","oneway":1},"geometry":{"type":"LineString","coordinates":[[37.6023066,55.75379055],[37.6023066,55.75369092]]}},{"type":"Feature","properties":{"class":"minor","oneway":1},"geometry":{"type":"LineString","coordinates":[[37.6023066,55.75369092],[37.60227442,55.75359734]]}},{"type":"Feature","properties":{"class":"minor","oneway":1},"geometry":{"type":"LineString","coordinates":[[37.60617971,55.75439129],[37.60650694,55.75506749]]}},{"type":"Feature","properties":{"class":"minor","oneway":1},"geometry":{"type":"LineString","coordinates":[[37.60650694,55.75506749],[37.60663569,55.75527578]]}},{"type":"Feature","properties":{"class":"minor","oneway":1},"geometry":{"type":"LineString","coordinates":[[37.60227442,55.75359734],[37.60219932,55.75345847]]}},{"type":"Feature","properties":{"class":"minor","oneway":1},"geometry":{"type":"LineString","coordinates":[[37.60219932,55.75345847],[37.6020062,55.75296338]]}},{"type":"Feature","properties":{"class":"minor","oneway":1},"geometry":{"type":"LineString","coordinates":[[37.60567009,55.76087207],[37.60621727,55.76124936]]}},{"type":"Feature","properties":{"class":"minor","oneway":1},"geometry":{"type":"LineString","coordinates":[[37.60975778,55.75832456],[37.60988116,55.75839399]]}},{"type":"Feature","properties":{"class":"minor","oneway":1},"geometry":{"type":"LineString","coordinates":[[37.60988116,55.75839399],[37.61025131,55.75857509]]}},{"type":"Feature","properties":{"class":"minor","oneway":1},"geometry":{"type":"LineString","coordinates":[[37.6049298,55.76215784],[37.60449529,55.76248984]]}},{"type":"Feature","properties":{"class":"minor","oneway":1},"geometry":{"type":"LineString","coordinates":[[37.59890556,55.76428258],[37.59923816,55.76440632]]}},{"type":"Feature","properties":{"class":"minor","oneway":1},"geometry":{"type":"LineString","coordinates":[[37.60926425,55.76188318],[37.6090765,55.76181376]]}},{"type":"Feature","properties":{"class":"minor","oneway":1},"geometry":{"type":"LineString","coordinates":[[37.60512292,55.76321117],[37.60531604,55.76337113]]}},{"type":"Feature","properties":{"class":"minor","oneway":1},"geometry":{"type":"LineString","coordinates":[[37.60531604,55.76337113],[37.60585785,55.76374235]]}},{"type":"Feature","properties":{"class":"minor","oneway":1},"geometry":{"type":"LineString","coordinates":[[37.60585785,55.76374235],[37.60593295,55.76379969]]}},{"type":"Feature","properties":{"class":"minor","oneway":0},"geometry":{"type":"LineString","coordinates":[[37.61241853,55.75241092],[37.61138856,55.75257998]]}},{"type":"Feature","properties":{"class":"minor","oneway":1},"geometry":{"type":"LineString","coordinates":[[37.59487152,55.75899466],[37.59491444,55.75898862]]}},{"type":"Feature","properties":{"class":"minor","oneway":1},"geometry":{"type":"LineString","coordinates":[[37.60313272,55.75394149],[37.60260701,55.7537664]]}},{"type":"Feature","properties":{"class":"minor","oneway":1},"geometry":{"type":"LineString","coordinates":[[37.60260701,55.7537664],[37.60227442,55.75359734]]}},{"type":"Feature","properties":{"class":"minor","oneway":1},"geometry":{"type":"LineString","coordinates":[[37.60505319,55.7541045],[37.60425389,55.75418299]]}},{"type":"Feature","properties":{"class":"minor","oneway":1},"geometry":{"type":"LineString","coordinates":[[37.60425389,55.75418299],[37.60416806,55.75418601]]}},{"type":"Feature","properties":{"class":"minor","oneway":1},"geometry":{"type":"LineString","coordinates":[[37.60416806,55.75418601],[37.60406077,55.75417997]]}},{"type":"Feature","properties":{"class":"minor","oneway":1},"geometry":{"type":"LineString","coordinates":[[37.60406077,55.75417997],[37.60391593,55.75416186]]}},{"type":"Feature","properties":{"class":"minor","oneway":1},"geometry":{"type":"LineString","coordinates":[[37.60391593,55.75416186],[37.60374963,55.75412865]]}},{"type":"Feature","properties":{"class":"minor","oneway":1},"geometry":{"type":"LineString","coordinates":[[37.60374963,55.75412865],[37.60357261,55.75408035]]}},{"type":"Feature","properties":{"class":"minor","oneway":1},"geometry":{"type":"LineString","coordinates":[[37.60357261,55.75408035],[37.60313272,55.75394149]]}},{"type":"Feature","properties":{"class":"minor","oneway":1},"geometry":{"type":"LineString","coordinates":[[37.59487152,55.75658286],[37.595644,55.7563625]]}},{"type":"Feature","properties":{"class":"minor","oneway":1},"geometry":{"type":"LineString","coordinates":[[37.60761201,55.762185],[37.60764956,55.76220915]]}},{"type":"Feature","properties":{"class":"minor","oneway":1},"geometry":{"type":"LineString","coordinates":[[37.60799825,55.75235356],[37.60808408,55.75263432]]}},{"type":"Feature","properties":{"class":"minor","oneway":1},"geometry":{"type":"LineString","coordinates":[[37.61251509,55.75848454],[37.61234879,55.75838795]]}},{"type":"Feature","properties":{"class":"minor","oneway":1},"geometry":{"type":"LineString","coordinates":[[37.61234879,55.75838795],[37.61202693,55.7582008]]}},{"type":"Feature","properties":{"class":"minor","oneway":1},"geometry":{"type":"LineString","coordinates":[[37.60183454,55.75469015],[37.6020062,55.7543611]]}},{"type":"Feature","properties":{"class":"minor","oneway":1},"geometry":{"type":"LineString","coordinates":[[37.6016736,55.75497693],[37.60183454,55.75469015]]}},{"type":"Feature","properties":{"class":"minor","oneway":1},"geometry":{"type":"LineString","coordinates":[[37.6020062,55.7543611],[37.6023066,55.75379055]]}},{"type":"Feature","properties":{"class":"minor","oneway":1},"geometry":{"type":"LineString","coordinates":[[37.60699511,55.75621761],[37.60783732,55.75689981]]}},{"type":"Feature","properties":{"class":"minor","oneway":1},"geometry":{"type":"LineString","coordinates":[[37.61025131,55.75857509],[37.6116997,55.75920595]]}},{"type":"Feature","properties":{"class":"minor","oneway":1},"geometry":{"type":"LineString","coordinates":[[37.60882437,55.75588857],[37.60858297,55.7556984]]}},{"type":"Feature","properties":{"class":"minor","oneway":1},"geometry":{"type":"LineString","coordinates":[[37.61017621,55.75695415],[37.60992944,55.75675492]]}},{"type":"Feature","properties":{"class":"minor","oneway":1},"geometry":{"type":"LineString","coordinates":[[37.60992944,55.75675492],[37.60965049,55.75653758]]}},{"type":"Feature","properties":{"class":"minor","oneway":1},"geometry":{"type":"LineString","coordinates":[[37.6104337,55.75715639],[37.61017621,55.75695415]]}},{"type":"Feature","properties":{"class":"minor","oneway":1},"geometry":{"type":"LineString","coordinates":[[37.61091113,55.75751862],[37.61077702,55.75743108]]}},{"type":"Feature","properties":{"class":"minor","oneway":1},"geometry":{"type":"LineString","coordinates":[[37.61077702,55.75743108],[37.6104337,55.75715639]]}},{"type":"Feature","properties":{"class":"minor","oneway":1},"geometry":{"type":"LineString","coordinates":[[37.61133492,55.75778727],[37.61110961,55.75765144]]}},{"type":"Feature","properties":{"class":"minor","oneway":1},"geometry":{"type":"LineString","coordinates":[[37.61110961,55.75765144],[37.61091113,55.75751862]]}},{"type":"Feature","properties":{"class":"minor","oneway":1},"geometry":{"type":"LineString","coordinates":[[37.61202693,55.7582008],[37.61133492,55.75778727]]}},{"type":"Feature","properties":{"class":"minor","oneway":1},"geometry":{"type":"LineString","coordinates":[[37.59804189,55.7544577],[37.59913087,55.75423733]]}},{"type":"Feature","properties":{"class":"minor","oneway":1},"geometry":{"type":"LineString","coordinates":[[37.59487152,55.75528182],[37.59687781,55.75473543]]}},{"type":"Feature","properties":{"class":"minor","oneway":1},"geometry":{"type":"LineString","coordinates":[[37.59533823,55.75582216],[37.59487152,55.75593385]]}},{"type":"Feature","properties":{"class":"minor","oneway":1},"geometry":{"type":"LineString","coordinates":[[37.59846568,55.75531804],[37.59653449,55.75554445]]}},{"type":"Feature","properties":{"class":"minor","oneway":1},"geometry":{"type":"LineString","coordinates":[[37.59653449,55.75554445],[37.59640574,55.7555686]]}},{"type":"Feature","properties":{"class":"minor","oneway":1},"geometry":{"type":"LineString","coordinates":[[37.59640574,55.7555686],[37.59533823,55.75582216]]}},{"type":"Feature","properties":{"class":"minor","oneway":1},"geometry":{"type":"LineString","coordinates":[[37.595644,55.7563625],[37.59604096,55.75623572]]}},{"type":"Feature","properties":{"class":"minor","oneway":1},"geometry":{"type":"LineString","coordinates":[[37.59604096,55.75623572],[37.59682417,55.75598215]]}},{"type":"Feature","properties":{"class":"minor","oneway":1},"geometry":{"type":"LineString","coordinates":[[37.59605706,55.75332564],[37.59594977,55.75331055]]}},{"type":"Feature","properties":{"class":"minor","oneway":1},"geometry":{"type":"LineString","coordinates":[[37.59594977,55.75331055],[37.59549916,55.7532864]]}},{"type":"Feature","properties":{"class":"minor","oneway":1},"geometry":{"type":"LineString","coordinates":[[37.59718359,55.75362753],[37.59663641,55.75356715]]}},{"type":"Feature","properties":{"class":"minor","oneway":1},"geometry":{"type":"LineString","coordinates":[[37.59663641,55.75356715],[37.59655058,55.75354904]]}},{"type":"Feature","properties":{"class":"minor","oneway":1},"geometry":{"type":"LineString","coordinates":[[37.59655058,55.75354904],[37.59613752,55.75335281]]}},{"type":"Feature","properties":{"class":"minor","oneway":1},"geometry":{"type":"LineString","coordinates":[[37.59613752,55.75335281],[37.59605706,55.75332564]]}},{"type":"Feature","properties":{"class":"minor","oneway":1},"geometry":{"type":"LineString","coordinates":[[37.60564327,55.75319885],[37.60576129,55.75344036]]}},{"type":"Feature","properties":{"class":"minor","oneway":1},"geometry":{"type":"LineString","coordinates":[[37.60545015,55.75278828],[37.60548234,55.75286979]]}},{"type":"Feature","properties":{"class":"minor","oneway":1},"geometry":{"type":"LineString","coordinates":[[37.60548234,55.75286979],[37.60564327,55.75319885]]}},{"type":"Feature","properties":{"class":"minor","oneway":1},"geometry":{"type":"LineString","coordinates":[[37.60775149,55.75165618],[37.60799825,55.75235356]]}},{"type":"Feature","properties":{"class":"minor","oneway":1},"geometry":{"type":"LineString","coordinates":[[37.60257483,55.75517918],[37.60258019,55.75512183]]}},{"type":"Feature","properties":{"class":"minor","oneway":1},"geometry":{"type":"LineString","coordinates":[[37.60258019,55.75512183],[37.60264456,55.7549407]]}},{"type":"Feature","properties":{"class":"minor","oneway":1},"geometry":{"type":"LineString","coordinates":[[37.60246754,55.75635043],[37.60268748,55.75609082]]}},{"type":"Feature","properties":{"class":"minor","oneway":1},"geometry":{"type":"LineString","coordinates":[[37.60268748,55.75609082],[37.60270894,55.75604555]]}},{"type":"Feature","properties":{"class":"minor","oneway":1},"geometry":{"type":"LineString","coordinates":[[37.60270894,55.75604555],[37.60270357,55.75598819]]}},{"type":"Feature","properties":{"class":"minor","oneway":1},"geometry":{"type":"LineString","coordinates":[[37.60219395,55.75666135],[37.60246754,55.75635043]]}},{"type":"Feature","properties":{"class":"minor","oneway":1},"geometry":{"type":"LineString","coordinates":[[37.6018399,55.75706282],[37.60219395,55.75666135]]}},{"type":"Feature","properties":{"class":"minor","oneway":1},"geometry":{"type":"LineString","coordinates":[[37.60584712,55.75569538],[37.60642111,55.75562897]]}},{"type":"Feature","properties":{"class":"minor","oneway":1},"geometry":{"type":"LineString","coordinates":[[37.60600805,55.75400186],[37.60505319,55.7541045]]}},{"type":"Feature","properties":{"class":"minor","oneway":1},"geometry":{"type":"LineString","coordinates":[[37.60663569,55.75527578],[37.60682881,55.75551426]]}},{"type":"Feature","properties":{"class":"minor","oneway":1},"geometry":{"type":"LineString","coordinates":[[37.60682881,55.75551426],[37.60735452,55.7561029]]}},{"type":"Feature","properties":{"class":"minor","oneway":1},"geometry":{"type":"LineString","coordinates":[[37.60600805,55.75400186],[37.60617971,55.75439129]]}},{"type":"Feature","properties":{"class":"minor","oneway":1},"geometry":{"type":"LineString","coordinates":[[37.60894775,55.75486825],[37.60874927,55.75469015]]}},{"type":"Feature","properties":{"class":"minor","oneway":1},"geometry":{"type":"LineString","coordinates":[[37.60953248,55.75538445],[37.60894775,55.75486825]]}},{"type":"Feature","properties":{"class":"minor","oneway":1},"geometry":{"type":"LineString","coordinates":[[37.60804653,55.75369394],[37.60748863,55.75274904]]}},{"type":"Feature","properties":{"class":"minor","oneway":1},"geometry":{"type":"LineString","coordinates":[[37.60748863,55.75274904],[37.60743499,55.75267658]]}},{"type":"Feature","properties":{"class":"minor","oneway":1},"geometry":{"type":"LineString","coordinates":[[37.60481179,55.76290634],[37.60512292,55.76321117]]}},{"type":"Feature","properties":{"class":"minor","oneway":1},"geometry":{"type":"LineString","coordinates":[[37.60449529,55.76248984],[37.6044631,55.76253209]]}},{"type":"Feature","properties":{"class":"minor","oneway":1},"geometry":{"type":"LineString","coordinates":[[37.6044631,55.76253209],[37.6044631,55.76256529]]}},{"type":"Feature","properties":{"class":"minor","oneway":1},"geometry":{"type":"LineString","coordinates":[[37.6044631,55.76256529],[37.60447383,55.76258642]]}},{"type":"Feature","properties":{"class":"minor","oneway":1},"geometry":{"type":"LineString","coordinates":[[37.60447383,55.76258642],[37.60481179,55.76290634]]}},{"type":"Feature","properties":{"class":"minor","oneway":1},"geometry":{"type":"LineString","coordinates":[[37.60509074,55.76204013],[37.6049298,55.76215784]]}},{"type":"Feature","properties":{"class":"minor","oneway":1},"geometry":{"type":"LineString","coordinates":[[37.60621727,55.76124936],[37.60556281,55.761687]]}},{"type":"Feature","properties":{"class":"minor","oneway":1},"geometry":{"type":"LineString","coordinates":[[37.60745645,55.76208238],[37.60761201,55.762185]]}},{"type":"Feature","properties":{"class":"minor","oneway":1},"geometry":{"type":"LineString","coordinates":[[37.60710239,55.76184998],[37.60726869,55.76195864]]}},{"type":"Feature","properties":{"class":"minor","oneway":1},"geometry":{"type":"LineString","coordinates":[[37.60726869,55.76195864],[37.60745645,55.76208238]]}},{"type":"Feature","properties":{"class":"minor","oneway":1},"geometry":{"type":"LineString","coordinates":[[37.60621727,55.76124936],[37.60671616,55.76159645]]}},{"type":"Feature","properties":{"class":"minor","oneway":1},"geometry":{"type":"LineString","coordinates":[[37.60671616,55.76159645],[37.60710239,55.76184998]]}},{"type":"Feature","properties":{"class":"minor","oneway":1},"geometry":{"type":"LineString","coordinates":[[37.59996235,55.75735864],[37.60039687,55.75780538]]}},{"type":"Feature","properties":{"class":"minor","oneway":1},"geometry":{"type":"LineString","coordinates":[[37.60039687,55.75780538],[37.60052562,55.75792612]]}},{"type":"Feature","properties":{"class":"minor","oneway":1},"geometry":{"type":"LineString","coordinates":[[37.60052562,55.75792612],[37.60063827,55.75801969]]}},{"type":"Feature","properties":{"class":"minor","oneway":1},"geometry":{"type":"LineString","coordinates":[[37.60063827,55.75801969],[37.60106742,55.7582491]]}},{"type":"Feature","properties":{"class":"minor","oneway":1},"geometry":{"type":"LineString","coordinates":[[37.60814309,55.75971304],[37.60834157,55.7597885]]}},{"type":"Feature","properties":{"class":"minor","oneway":1},"geometry":{"type":"LineString","coordinates":[[37.60834157,55.7597885],[37.60866344,55.75989716]]}},{"type":"Feature","properties":{"class":"minor","oneway":1},"geometry":{"type":"LineString","coordinates":[[37.60866344,55.75989716],[37.60937691,55.7601024]]}},{"type":"Feature","properties":{"class":"minor","oneway":1},"geometry":{"type":"LineString","coordinates":[[37.60937691,55.7601024],[37.60945737,55.76013862]]}},{"type":"Feature","properties":{"class":"minor","oneway":1},"geometry":{"type":"LineString","coordinates":[[37.60945737,55.76013862],[37.60990798,55.76026539]]}},{"type":"Feature","properties":{"class":"minor","oneway":1},"geometry":{"type":"LineString","coordinates":[[37.60602415,55.76229064],[37.60531604,55.76185904]]}},{"type":"Feature","properties":{"class":"minor","oneway":1},"geometry":{"type":"LineString","coordinates":[[37.60640502,55.76254416],[37.60602415,55.76229064]]}},{"type":"Feature","properties":{"class":"minor","oneway":1},"geometry":{"type":"LineString","coordinates":[[37.60740817,55.76319004],[37.60726869,55.76312364]]}},{"type":"Feature","properties":{"class":"minor","oneway":1},"geometry":{"type":"LineString","coordinates":[[37.60726869,55.76312364],[37.60640502,55.76254416]]}},{"type":"Feature","properties":{"class":"minor","oneway":1},"geometry":{"type":"LineString","coordinates":[[37.61300325,55.7630331],[37.61286378,55.76318099]]}},{"type":"Feature","properties":{"class":"minor","oneway":1},"geometry":{"type":"LineString","coordinates":[[37.61159778,55.7637665],[37.61211812,55.7639506]]}},{"type":"Feature","properties":{"class":"minor","oneway":1},"geometry":{"type":"LineString","coordinates":[[37.61046588,55.76336207],[37.61111498,55.76359447]]}},{"type":"Feature","properties":{"class":"minor","oneway":1},"geometry":{"type":"LineString","coordinates":[[37.60986507,55.76314477],[37.61046588,55.76336207]]}},{"type":"Feature","properties":{"class":"minor","oneway":1},"geometry":{"type":"LineString","coordinates":[[37.60979533,55.76312063],[37.60986507,55.76314477]]}},{"type":"Feature","properties":{"class":"minor","oneway":1},"geometry":{"type":"LineString","coordinates":[[37.60943592,55.76298481],[37.60979533,55.76312063]]}},{"type":"Feature","properties":{"class":"minor","oneway":1},"geometry":{"type":"LineString","coordinates":[[37.60901213,55.76282787],[37.60943592,55.76298481]]}},{"type":"Feature","properties":{"class":"minor","oneway":1},"geometry":{"type":"LineString","coordinates":[[37.60839522,55.76259547],[37.60901213,55.76282787]]}},{"type":"Feature","properties":{"class":"minor","oneway":1},"geometry":{"type":"LineString","coordinates":[[37.60731697,55.76406226],[37.60695219,55.76392343]]}},{"type":"Feature","properties":{"class":"minor","oneway":1},"geometry":{"type":"LineString","coordinates":[[37.60695219,55.76392343],[37.60679126,55.76385402]]}},{"type":"Feature","properties":{"class":"minor","oneway":1},"geometry":{"type":"LineString","coordinates":[[37.6150471,55.7614878],[37.61478961,55.76135198]]}},{"type":"Feature","properties":{"class":"minor","oneway":1},"geometry":{"type":"LineString","coordinates":[[37.61740208,55.76272525],[37.61712849,55.76258038]]}},{"type":"Feature","properties":{"class":"minor","oneway":1},"geometry":{"type":"LineString","coordinates":[[37.61753082,55.76279165],[37.61740208,55.76272525]]}},{"type":"Feature","properties":{"class":"minor","oneway":1},"geometry":{"type":"LineString","coordinates":[[37.61539042,55.76166889],[37.6150471,55.7614878]]}},{"type":"Feature","properties":{"class":"minor","oneway":1},"geometry":{"type":"LineString","coordinates":[[37.61478961,55.76135198],[37.61464477,55.76127652]]}},{"type":"Feature","properties":{"class":"minor","oneway":1},"geometry":{"type":"LineString","coordinates":[[37.61712313,55.76402001],[37.61739135,55.76402907]]}},{"type":"Feature","properties":{"class":"tertiary","oneway":0},"geometry":{"type":"LineString","coordinates":[[37.59487152,55.7581193],[37.59563327,55.75801668]]}},{"type":"Feature","properties":{"class":"tertiary","oneway":0},"geometry":{"type":"LineString","coordinates":[[37.59563327,55.75801668],[37.5979507,55.75774199]]}},{"type":"Feature","properties":{"class":"tertiary","oneway":0},"geometry":{"type":"LineString","coordinates":[[37.61224151,55.75456034],[37.6120913,55.75459958]]}},{"type":"Feature","properties":{"class":"tertiary","oneway":0},"geometry":{"type":"LineString","coordinates":[[37.6120913,55.75459958],[37.61012793,55.75520635]]}},{"type":"Feature","properties":{"class":"tertiary","oneway":0},"geometry":{"type":"LineString","coordinates":[[37.61012793,55.75520635],[37.60953248,55.75538445]]}},{"type":"Feature","properties":{"class":"tertiary","oneway":0},"geometry":{"type":"LineString","coordinates":[[37.60953248,55.75538445],[37.60727942,55.75613007]]}},{"type":"Feature","properties":{"class":"tertiary","oneway":0},"geometry":{"type":"LineString","coordinates":[[37.60727942,55.75613007],[37.60699511,55.75621761]]}},{"type":"Feature","properties":{"class":"tertiary","oneway":0},"geometry":{"type":"LineString","coordinates":[[37.60699511,55.75621761],[37.60626554,55.75641382]]}},{"type":"Feature","properties":{"class":"tertiary","oneway":0},"geometry":{"type":"LineString","coordinates":[[37.60626554,55.75641382],[37.60543942,55.75657381]]}},{"type":"Feature","properties":{"class":"tertiary","oneway":0},"geometry":{"type":"LineString","coordinates":[[37.60543942,55.75657381],[37.6048547,55.75666738]]}},{"type":"Feature","properties":{"class":"tertiary","oneway":0},"geometry":{"type":"LineString","coordinates":[[37.6048547,55.75666738],[37.60345995,55.75686359]]}},{"type":"Feature","properties":{"class":"tertiary","oneway":0},"geometry":{"type":"LineString","coordinates":[[37.60345995,55.75686359],[37.60280013,55.75694811]]}},{"type":"Feature","properties":{"class":"tertiary","oneway":0},"geometry":{"type":"LineString","coordinates":[[37.60280013,55.75694811],[37.6018399,55.75706282]]}},{"type":"Feature","properties":{"class":"tertiary","oneway":0},"geometry":{"type":"LineString","coordinates":[[37.6018399,55.75706282],[37.59996235,55.75735864]]}},{"type":"Feature","properties":{"class":"tertiary","oneway":0},"geometry":{"type":"LineString","coordinates":[[37.59996235,55.75735864],[37.59873927,55.75753069]]}},{"type":"Feature","properties":{"class":"tertiary","oneway":0},"geometry":{"type":"LineString","coordinates":[[37.59873927,55.75753069],[37.59843886,55.75752768]]}},{"type":"Feature","properties":{"class":"tertiary","oneway":0},"geometry":{"type":"LineString","coordinates":[[37.59843886,55.75752768],[37.59829402,55.75752164]]}},{"type":"Feature","properties":{"class":"tertiary","oneway":0},"geometry":{"type":"LineString","coordinates":[[37.59829402,55.75752164],[37.59795606,55.75749447]]}},{"type":"Feature","properties":{"class":"tertiary","oneway":0},"geometry":{"type":"LineString","coordinates":[[37.59795606,55.75749447],[37.59773076,55.75746127]]}},{"type":"Feature","properties":{"class":"tertiary","oneway":0},"geometry":{"type":"LineString","coordinates":[[37.59773076,55.75746127],[37.5973016,55.75736166]]}},{"type":"Feature","properties":{"class":"tertiary","oneway":0},"geometry":{"type":"LineString","coordinates":[[37.5973016,55.75736166],[37.59702802,55.75731034]]}},{"type":"Feature","properties":{"class":"tertiary","oneway":0},"geometry":{"type":"LineString","coordinates":[[37.59702802,55.75731034],[37.59671152,55.75728015]]}},{"type":"Feature","properties":{"class":"tertiary","oneway":0},"geometry":{"type":"LineString","coordinates":[[37.59671152,55.75728015],[37.59643793,55.75726808]]}},{"type":"Feature","properties":{"class":"tertiary","oneway":0},"geometry":{"type":"LineString","coordinates":[[37.59643793,55.75726808],[37.59615898,55.75727714]]}},{"type":"Feature","properties":{"class":"tertiary","oneway":0},"geometry":{"type":"LineString","coordinates":[[37.59615898,55.75727714],[37.59487152,55.7574009]]}},{"type":"Feature","properties":{"class":"tertiary","oneway":1},"geometry":{"type":"LineString","coordinates":[[37.59873927,55.75753069],[37.5985086,55.75763634]]}},{"type":"Feature","properties":{"class":"tertiary","oneway":1},"geometry":{"type":"LineString","coordinates":[[37.5985086,55.75763634],[37.59843886,55.75765445]]}},{"type":"Feature","properties":{"class":"tertiary","oneway":1},"geometry":{"type":"LineString","coordinates":[[37.59843886,55.75765445],[37.59809017,55.75772388]]}},{"type":"Feature","properties":{"class":"tertiary","oneway":1},"geometry":{"type":"LineString","coordinates":[[37.59809017,55.75772388],[37.5979507,55.75774199]]}},{"type":"Feature","properties":{"class":"tertiary","oneway":1},"geometry":{"type":"LineString","coordinates":[[37.61712313,55.76402001],[37.61734307,55.76359748]]}},{"type":"Feature","properties":{"class":"tertiary","oneway":1},"geometry":{"type":"LineString","coordinates":[[37.61688709,55.76440632],[37.61712313,55.76402001]]}},{"type":"Feature","properties":{"class":"tertiary","oneway":1},"geometry":{"type":"LineString","coordinates":[[37.61734307,55.76359748],[37.61753082,55.76319004]]}},{"type":"Feature","properties":{"class":"secondary","oneway":1},"geometry":{"type":"LineString","coordinates":[[37.60008037,55.75899164],[37.60132492,55.76024125]]}},{"type":"Feature","properties":{"class":"secondary","oneway":1},"geometry":{"type":"LineString","coordinates":[[37.60132492,55.76024125],[37.60252118,55.76146365]]}},{"type":"Feature","properties":{"class":"secondary","oneway":1},"geometry":{"type":"LineString","coordinates":[[37.5979507,55.75774199],[37.59792387,55.75763332]]}},{"type":"Feature","properties":{"class":"secondary","oneway":1},"geometry":{"type":"LineString","coordinates":[[37.59792387,55.75763332],[37.5979346,55.75755484]]}},{"type":"Feature","properties":{"class":"secondary","oneway":1},"geometry":{"type":"LineString","coordinates":[[37.5979346,55.75755484],[37.59795606,55.75749447]]}},{"type":"Feature","properties":{"class":"secondary","oneway":1},"geometry":{"type":"LineString","coordinates":[[37.5995332,55.75553237],[37.60025203,55.7544577]]}},{"type":"Feature","properties":{"class":"secondary","oneway":1},"geometry":{"type":"LineString","coordinates":[[37.60067582,55.7526796],[37.60065973,55.75225997]]}},{"type":"Feature","properties":{"class":"secondary","oneway":1},"geometry":{"type":"LineString","coordinates":[[37.60065973,55.75225997],[37.60060608,55.75165618]]}},{"type":"Feature","properties":{"class":"secondary","oneway":0},"geometry":{"type":"LineString","coordinates":[[37.60025203,55.7544577],[37.60037541,55.75416488]]}},{"type":"Feature","properties":{"class":"secondary","oneway":0},"geometry":{"type":"LineString","coordinates":[[37.60037541,55.75416488],[37.60039687,55.75404111]]}},{"type":"Feature","properties":{"class":"secondary","oneway":0},"geometry":{"type":"LineString","coordinates":[[37.60039687,55.75404111],[37.60044515,55.75324715]]}},{"type":"Feature","properties":{"class":"secondary","oneway":0},"geometry":{"type":"LineString","coordinates":[[37.60106742,55.75299659],[37.60101378,55.75435506]]}},{"type":"Feature","properties":{"class":"secondary","oneway":0},"geometry":{"type":"LineString","coordinates":[[37.60101378,55.75435506],[37.60100305,55.75446072]]}},{"type":"Feature","properties":{"class":"secondary","oneway":0},"geometry":{"type":"LineString","coordinates":[[37.60100305,55.75446072],[37.60093868,55.75466298]]}},{"type":"Feature","properties":{"class":"secondary","oneway":1},"geometry":{"type":"LineString","coordinates":[[37.60457575,55.76440632],[37.60403395,55.76396569]]}},{"type":"Feature","properties":{"class":"secondary","oneway":1},"geometry":{"type":"LineString","coordinates":[[37.60403395,55.76396569],[37.60349214,55.76349487]]}},{"type":"Feature","properties":{"class":"secondary","oneway":1},"geometry":{"type":"LineString","coordinates":[[37.60076702,55.75165618],[37.60082603,55.75225091]]}},{"type":"Feature","properties":{"class":"secondary","oneway":1},"geometry":{"type":"LineString","coordinates":[[37.60082603,55.75225091],[37.60083139,55.7526796]]}},{"type":"Feature","properties":{"class":"secondary","oneway":1},"geometry":{"type":"LineString","coordinates":[[37.60072947,55.76074229],[37.6000911,55.76007222]]}},{"type":"Feature","properties":{"class":"secondary","oneway":1},"geometry":{"type":"LineString","coordinates":[[37.6000911,55.76007222],[37.59936154,55.75933876]]}},{"type":"Feature","properties":{"class":"secondary","oneway":1},"geometry":{"type":"LineString","coordinates":[[37.59936154,55.75933876],[37.59863734,55.75862339]]}},{"type":"Feature","properties":{"class":"secondary","oneway":1},"geometry":{"type":"LineString","coordinates":[[37.60493517,55.76391438],[37.60540724,55.76440632]]}},{"type":"Feature","properties":{"class":"secondary","oneway":1},"geometry":{"type":"LineString","coordinates":[[37.60044515,55.75324715],[37.60042369,55.7531747]]}},{"type":"Feature","properties":{"class":"secondary","oneway":1},"geometry":{"type":"LineString","coordinates":[[37.60042369,55.7531747],[37.60038078,55.75309923]]}},{"type":"Feature","properties":{"class":"secondary","oneway":1},"geometry":{"type":"LineString","coordinates":[[37.60038078,55.75309923],[37.6003325,55.75306602]]}},{"type":"Feature","properties":{"class":"secondary","oneway":1},"geometry":{"type":"LineString","coordinates":[[37.6003325,55.75306602],[37.60018229,55.75300866]]}},{"type":"Feature","properties":{"class":"secondary","oneway":1},"geometry":{"type":"LineString","coordinates":[[37.60082603,55.75320791],[37.60076165,55.75415582]]}},{"type":"Feature","properties":{"class":"secondary","oneway":1},"geometry":{"type":"LineString","coordinates":[[37.60076165,55.75415582],[37.60070264,55.75452411]]}},{"type":"Feature","properties":{"class":"secondary","oneway":1},"geometry":{"type":"LineString","coordinates":[[37.598176,55.75719262],[37.5995332,55.75553237]]}},{"type":"Feature","properties":{"class":"secondary","oneway":1},"geometry":{"type":"LineString","coordinates":[[37.5995332,55.75553237],[37.59979069,55.75529389]]}},{"type":"Feature","properties":{"class":"secondary","oneway":1},"geometry":{"type":"LineString","coordinates":[[37.59979069,55.75529389],[37.60030568,55.75485618]]}},{"type":"Feature","properties":{"class":"secondary","oneway":1},"geometry":{"type":"LineString","coordinates":[[37.60030568,55.75485618],[37.60041296,55.75473241]]}},{"type":"Feature","properties":{"class":"secondary","oneway":1},"geometry":{"type":"LineString","coordinates":[[37.60041296,55.75473241],[37.60046124,55.75466298]]}},{"type":"Feature","properties":{"class":"secondary","oneway":1},"geometry":{"type":"LineString","coordinates":[[37.60046124,55.75466298],[37.60052025,55.75453317]]}},{"type":"Feature","properties":{"class":"secondary","oneway":1},"geometry":{"type":"LineString","coordinates":[[37.60052025,55.75453317],[37.60056853,55.75437318]]}},{"type":"Feature","properties":{"class":"secondary","oneway":1},"geometry":{"type":"LineString","coordinates":[[37.60056853,55.75437318],[37.60059536,55.75419507]]}},{"type":"Feature","properties":{"class":"secondary","oneway":1},"geometry":{"type":"LineString","coordinates":[[37.60059536,55.75419507],[37.60063291,55.75381168]]}},{"type":"Feature","properties":{"class":"secondary","oneway":1},"geometry":{"type":"LineString","coordinates":[[37.60063291,55.75381168],[37.60065973,55.75320489]]}},{"type":"Feature","properties":{"class":"secondary","oneway":1},"geometry":{"type":"LineString","coordinates":[[37.60052562,55.7551822],[37.60045052,55.75529087]]}},{"type":"Feature","properties":{"class":"secondary","oneway":1},"geometry":{"type":"LineString","coordinates":[[37.60045052,55.75529087],[37.59991407,55.75596706]]}},{"type":"Feature","properties":{"class":"secondary","oneway":1},"geometry":{"type":"LineString","coordinates":[[37.59991407,55.75596706],[37.59876609,55.75732845]]}},{"type":"Feature","properties":{"class":"secondary","oneway":1},"geometry":{"type":"LineString","coordinates":[[37.59876609,55.75732845],[37.59872854,55.75740693]]}},{"type":"Feature","properties":{"class":"secondary","oneway":1},"geometry":{"type":"LineString","coordinates":[[37.59872854,55.75740693],[37.59872854,55.75748542]]}},{"type":"Feature","properties":{"class":"secondary","oneway":1},"geometry":{"type":"LineString","coordinates":[[37.59872854,55.75748542],[37.59873927,55.75753069]]}},{"type":"Feature","properties":{"class":"secondary","oneway":1},"geometry":{"type":"LineString","coordinates":[[37.59873927,55.75753069],[37.59876609,55.75763031]]}},{"type":"Feature","properties":{"class":"secondary","oneway":1},"geometry":{"type":"LineString","coordinates":[[37.59876609,55.75763031],[37.59879827,55.75767558]]}},{"type":"Feature","properties":{"class":"secondary","oneway":1},"geometry":{"type":"LineString","coordinates":[[37.60369599,55.7626498],[37.60421634,55.76318401]]}},{"type":"Feature","properties":{"class":"secondary","oneway":1},"geometry":{"type":"LineString","coordinates":[[37.60070264,55.75452411],[37.60065436,55.75472939]]}},{"type":"Feature","properties":{"class":"secondary","oneway":1},"geometry":{"type":"LineString","coordinates":[[37.60065436,55.75472939],[37.60063827,55.75489542]]}},{"type":"Feature","properties":{"class":"secondary","oneway":1},"geometry":{"type":"LineString","coordinates":[[37.60063827,55.75489542],[37.60052562,55.7551822]]}},{"type":"Feature","properties":{"class":"secondary","oneway":1},"geometry":{"type":"LineString","coordinates":[[37.60093868,55.75466298],[37.60075629,55.75493768]]}},{"type":"Feature","properties":{"class":"secondary","oneway":1},"geometry":{"type":"LineString","coordinates":[[37.60075629,55.75493768],[37.60064363,55.75507051]]}},{"type":"Feature","properties":{"class":"secondary","oneway":1},"geometry":{"type":"LineString","coordinates":[[37.60064363,55.75507051],[37.60052562,55.7551822]]}},{"type":"Feature","properties":{"class":"secondary","oneway":1},"geometry":{"type":"LineString","coordinates":[[37.59795606,55.75749447],[37.59804189,55.75735562]]}},{"type":"Feature","properties":{"class":"secondary","oneway":1},"geometry":{"type":"LineString","coordinates":[[37.59804189,55.75735562],[37.598176,55.75719262]]}},{"type":"Feature","properties":{"class":"secondary","oneway":1},"geometry":{"type":"LineString","coordinates":[[37.60421634,55.76318401],[37.60493517,55.76391438]]}},{"type":"Feature","properties":{"class":"secondary","oneway":1},"geometry":{"type":"LineString","coordinates":[[37.60252118,55.76146365],[37.60339022,55.76233893]]}},{"type":"Feature","properties":{"class":"secondary","oneway":1},"geometry":{"type":"LineString","coordinates":[[37.60339022,55.76233893],[37.60369599,55.7626498]]}},{"type":"Feature","properties":{"class":"secondary","oneway":1},"geometry":{"type":"LineString","coordinates":[[37.59965122,55.75854491],[37.60008037,55.75899164]]}},{"type":"Feature","properties":{"class":"secondary","oneway":1},"geometry":{"type":"LineString","coordinates":[[37.59879827,55.75767558],[37.59965122,55.75854491]]}},{"type":"Feature","properties":{"class":"secondary","oneway":1},"geometry":{"type":"LineString","coordinates":[[37.59863734,55.75862339],[37.59835303,55.75827928]]}},{"type":"Feature","properties":{"class":"secondary","oneway":1},"geometry":{"type":"LineString","coordinates":[[37.59835303,55.75827928],[37.59799361,55.75782953]]}},{"type":"Feature","properties":{"class":"secondary","oneway":1},"geometry":{"type":"LineString","coordinates":[[37.59799361,55.75782953],[37.5979507,55.75774199]]}},{"type":"Feature","properties":{"class":"secondary","oneway":1},"geometry":{"type":"LineString","coordinates":[[37.6017487,55.76181075],[37.60072947,55.76074229]]}},{"type":"Feature","properties":{"class":"secondary","oneway":1},"geometry":{"type":"LineString","coordinates":[[37.60253727,55.76263169],[37.6017487,55.76181075]]}},{"type":"Feature","properties":{"class":"secondary","oneway":1},"geometry":{"type":"LineString","coordinates":[[37.60349214,55.76349487],[37.60281622,55.76290634]]}},{"type":"Feature","properties":{"class":"secondary","oneway":1},"geometry":{"type":"LineString","coordinates":[[37.60281622,55.76290634],[37.60253727,55.76263169]]}},{"type":"Feature","properties":{"class":"primary","oneway":1},"geometry":{"type":"LineString","coordinates":[[37.60182381,55.75296942],[37.60135174,55.75299055]]}},{"type":"Feature","properties":{"class":"primary","oneway":1},"geometry":{"type":"LineString","coordinates":[[37.60135174,55.75299055],[37.60106742,55.75299659]]}},{"type":"Feature","properties":{"class":"primary","oneway":1},"geometry":{"type":"LineString","coordinates":[[37.61060536,55.75225997],[37.6105839,55.75235054]]}},{"type":"Feature","properties":{"class":"primary","oneway":1},"geometry":{"type":"LineString","coordinates":[[37.6105839,55.75235054],[37.61053562,55.75240186]]}},{"type":"Feature","properties":{"class":"primary","oneway":1},"geometry":{"type":"LineString","coordinates":[[37.61053562,55.75240186],[37.61046052,55.75244111]]}},{"type":"Feature","properties":{"class":"primary","oneway":1},"geometry":{"type":"LineString","coordinates":[[37.61046052,55.75244111],[37.6103586,55.75246828]]}},{"type":"Feature","properties":{"class":"primary","oneway":1},"geometry":{"type":"LineString","coordinates":[[37.6103586,55.75246828],[37.61018693,55.75249243]]}},{"type":"Feature","properties":{"class":"primary","oneway":1},"geometry":{"type":"LineString","coordinates":[[37.60002673,55.752903],[37.60047197,55.75289696]]}},{"type":"Feature","properties":{"class":"primary","oneway":1},"geometry":{"type":"LineString","coordinates":[[37.61495054,55.75695113],[37.61496127,55.7570115]]}},{"type":"Feature","properties":{"class":"primary","oneway":1},"geometry":{"type":"LineString","coordinates":[[37.61496127,55.7570115],[37.61494517,55.75705678]]}},{"type":"Feature","properties":{"class":"primary","oneway":1},"geometry":{"type":"LineString","coordinates":[[37.61494517,55.75705678],[37.61491299,55.75710206]]}},{"type":"Feature","properties":{"class":"primary","oneway":1},"geometry":{"type":"LineString","coordinates":[[37.61491299,55.75710206],[37.61483788,55.75714734]]}},{"type":"Feature","properties":{"class":"primary","oneway":1},"geometry":{"type":"LineString","coordinates":[[37.61476278,55.75674587],[37.61491835,55.75689981]]}},{"type":"Feature","properties":{"class":"primary","oneway":1},"geometry":{"type":"LineString","coordinates":[[37.61491835,55.75689981],[37.61495054,55.75695113]]}},{"type":"Feature","properties":{"class":"primary","oneway":1},"geometry":{"type":"LineString","coordinates":[[37.60584712,55.76440632],[37.60612607,55.76418902]]}},{"type":"Feature","properties":{"class":"primary","oneway":1},"geometry":{"type":"LineString","coordinates":[[37.60106206,55.75289093],[37.60119617,55.75287885]]}},{"type":"Feature","properties":{"class":"primary","oneway":1},"geometry":{"type":"LineString","coordinates":[[37.60119617,55.75287885],[37.60124445,55.75285772]]}},{"type":"Feature","properties":{"class":"primary","oneway":1},"geometry":{"type":"LineString","coordinates":[[37.60124445,55.75285772],[37.60127127,55.75282753]]}},{"type":"Feature","properties":{"class":"primary","oneway":1},"geometry":{"type":"LineString","coordinates":[[37.60127127,55.75282753],[37.60129273,55.75277621]]}},{"type":"Feature","properties":{"class":"primary","oneway":1},"geometry":{"type":"LineString","coordinates":[[37.60129273,55.75277621],[37.60128736,55.75271885]]}},{"type":"Feature","properties":{"class":"primary","oneway":1},"geometry":{"type":"LineString","coordinates":[[37.59836912,55.75297545],[37.59631455,55.75287281]]}},{"type":"Feature","properties":{"class":"primary","oneway":1},"geometry":{"type":"LineString","coordinates":[[37.59631455,55.75287281],[37.59487152,55.7528064]]}},{"type":"Feature","properties":{"class":"primary","oneway":1},"geometry":{"type":"LineString","coordinates":[[37.6116997,55.75920595],[37.61205912,55.75886487]]}},{"type":"Feature","properties":{"class":"primary","oneway":1},"geometry":{"type":"LineString","coordinates":[[37.61338413,55.75561388],[37.61386156,55.75604253]]}},{"type":"Feature","properties":{"class":"primary","oneway":1},"geometry":{"type":"LineString","coordinates":[[37.61386156,55.75604253],[37.6141727,55.75628402]]}},{"type":"Feature","properties":{"class":"primary","oneway":1},"geometry":{"type":"LineString","coordinates":[[37.6090765,55.76181376],[37.6095432,55.76139423]]}},{"type":"Feature","properties":{"class":"primary","oneway":1},"geometry":{"type":"LineString","coordinates":[[37.6095432,55.76139423],[37.60979533,55.76114975]]}},{"type":"Feature","properties":{"class":"primary","oneway":1},"geometry":{"type":"LineString","coordinates":[[37.60926425,55.76188318],[37.60899067,55.76211558]]}},{"type":"Feature","properties":{"class":"primary","oneway":1},"geometry":{"type":"LineString","coordinates":[[37.59487152,55.75267055],[37.59519875,55.75268564]]}},{"type":"Feature","properties":{"class":"primary","oneway":1},"geometry":{"type":"LineString","coordinates":[[37.59519875,55.75268564],[37.59773076,55.75284262]]}},{"type":"Feature","properties":{"class":"primary","oneway":1},"geometry":{"type":"LineString","coordinates":[[37.59773076,55.75284262],[37.59869099,55.75288791]]}},{"type":"Feature","properties":{"class":"primary","oneway":1},"geometry":{"type":"LineString","coordinates":[[37.59869099,55.75288791],[37.5990665,55.75289998]]}},{"type":"Feature","properties":{"class":"primary","oneway":1},"geometry":{"type":"LineString","coordinates":[[37.6020062,55.75296338],[37.60182381,55.75296942]]}},{"type":"Feature","properties":{"class":"primary","oneway":1},"geometry":{"type":"LineString","coordinates":[[37.61360943,55.75761219],[37.61408687,55.75735864]]}},{"type":"Feature","properties":{"class":"primary","oneway":1},"geometry":{"type":"LineString","coordinates":[[37.61408687,55.75735864],[37.61471987,55.75704169]]}},{"type":"Feature","properties":{"class":"primary","oneway":1},"geometry":{"type":"LineString","coordinates":[[37.60979533,55.76140932],[37.60926425,55.76188318]]}},{"type":"Feature","properties":{"class":"primary","oneway":1},"geometry":{"type":"LineString","coordinates":[[37.60640502,55.76415884],[37.60608852,55.76440632]]}},{"type":"Feature","properties":{"class":"primary","oneway":1},"geometry":{"type":"LineString","coordinates":[[37.60979533,55.76114975],[37.6105088,55.76042235]]}},{"type":"Feature","properties":{"class":"primary","oneway":1},"geometry":{"type":"LineString","coordinates":[[37.6105088,55.76042235],[37.61093259,55.76000884]]}},{"type":"Feature","properties":{"class":"primary","oneway":1},"geometry":{"type":"LineString","coordinates":[[37.61316419,55.75809818],[37.61238635,55.75883166]]}},{"type":"Feature","properties":{"class":"primary","oneway":1},"geometry":{"type":"LineString","coordinates":[[37.60899067,55.76211558],[37.60839522,55.76259547]]}},{"type":"Feature","properties":{"class":"primary","oneway":1},"geometry":{"type":"LineString","coordinates":[[37.61167288,55.75352489],[37.61208057,55.75432186]]}},{"type":"Feature","properties":{"class":"primary","oneway":1},"geometry":{"type":"LineString","coordinates":[[37.61208057,55.75432186],[37.61217177,55.75446978]]}},{"type":"Feature","properties":{"class":"primary","oneway":1},"geometry":{"type":"LineString","coordinates":[[37.61217177,55.75446978],[37.61224151,55.75456034]]}},{"type":"Feature","properties":{"class":"primary","oneway":1},"geometry":{"type":"LineString","coordinates":[[37.61018693,55.75249243],[37.60743499,55.75267658]]}},{"type":"Feature","properties":{"class":"primary","oneway":1},"geometry":{"type":"LineString","coordinates":[[37.60743499,55.75267658],[37.60545015,55.75278828]]}},{"type":"Feature","properties":{"class":"primary","oneway":1},"geometry":{"type":"LineString","coordinates":[[37.5990665,55.75289998],[37.60002673,55.752903]]}},{"type":"Feature","properties":{"class":"primary","oneway":1},"geometry":{"type":"LineString","coordinates":[[37.61037469,55.75165618],[37.61054099,55.75195204]]}},{"type":"Feature","properties":{"class":"primary","oneway":1},"geometry":{"type":"LineString","coordinates":[[37.6144731,55.75651947],[37.61484325,55.75670662]]}},{"type":"Feature","properties":{"class":"primary","oneway":1},"geometry":{"type":"LineString","coordinates":[[37.61484325,55.75670662],[37.61501491,55.75677605]]}},{"type":"Feature","properties":{"class":"primary","oneway":1},"geometry":{"type":"LineString","coordinates":[[37.6144731,55.75651947],[37.61476278,55.75674587]]}},{"type":"Feature","properties":{"class":"primary","oneway":1},"geometry":{"type":"LineString","coordinates":[[37.61539042,55.75696019],[37.61574984,55.75715036]]}},{"type":"Feature","properties":{"class":"primary","oneway":1},"geometry":{"type":"LineString","coordinates":[[37.61574984,55.75715036],[37.61617899,55.75741599]]}},{"type":"Feature","properties":{"class":"primary","oneway":1},"geometry":{"type":"LineString","coordinates":[[37.61617899,55.75741599],[37.61690319,55.75788084]]}},{"type":"Feature","properties":{"class":"primary","oneway":1},"geometry":{"type":"LineString","coordinates":[[37.61238635,55.75883166],[37.61192501,55.75928141]]}},{"type":"Feature","properties":{"class":"primary","oneway":1},"geometry":{"type":"LineString","coordinates":[[37.61093259,55.76000884],[37.6116997,55.75920595]]}},{"type":"Feature","properties":{"class":"primary","oneway":1},"geometry":{"type":"LineString","coordinates":[[37.60822892,55.76251398],[37.6090765,55.76181376]]}},{"type":"Feature","properties":{"class":"primary","oneway":1},"geometry":{"type":"LineString","coordinates":[[37.61192501,55.75928141],[37.61091113,55.76031067]]}},{"type":"Feature","properties":{"class":"primary","oneway":1},"geometry":{"type":"LineString","coordinates":[[37.61091113,55.76031067],[37.60979533,55.76140932]]}},{"type":"Feature","properties":{"class":"primary","oneway":1},"geometry":{"type":"LineString","coordinates":[[37.60839522,55.76259547],[37.60640502,55.76415884]]}},{"type":"Feature","properties":{"class":"primary","oneway":1},"geometry":{"type":"LineString","coordinates":[[37.60612607,55.76418902],[37.60740817,55.76319004]]}},{"type":"Feature","properties":{"class":"primary","oneway":1},"geometry":{"type":"LineString","coordinates":[[37.60740817,55.76319004],[37.60822892,55.76251398]]}},{"type":"Feature","properties":{"class":"primary","oneway":1},"geometry":{"type":"LineString","coordinates":[[37.61451602,55.7573043],[37.61404395,55.75754579]]}},{"type":"Feature","properties":{"class":"primary","oneway":1},"geometry":{"type":"LineString","coordinates":[[37.61404395,55.75754579],[37.6134485,55.75787481]]}},{"type":"Feature","properties":{"class":"primary","oneway":1},"geometry":{"type":"LineString","coordinates":[[37.6134485,55.75787481],[37.61331439,55.7579714]]}},{"type":"Feature","properties":{"class":"primary","oneway":1},"geometry":{"type":"LineString","coordinates":[[37.61331439,55.7579714],[37.61316419,55.75809818]]}},{"type":"Feature","properties":{"class":"primary","oneway":1},"geometry":{"type":"LineString","coordinates":[[37.61305153,55.75797744],[37.61319101,55.75786877]]}},{"type":"Feature","properties":{"class":"primary","oneway":1},"geometry":{"type":"LineString","coordinates":[[37.61319101,55.75786877],[37.61341631,55.75772086]]}},{"type":"Feature","properties":{"class":"primary","oneway":1},"geometry":{"type":"LineString","coordinates":[[37.61341631,55.75772086],[37.61360943,55.75761219]]}},{"type":"Feature","properties":{"class":"primary","oneway":1},"geometry":{"type":"LineString","coordinates":[[37.61054099,55.75195204],[37.61092722,55.75242601]]}},{"type":"Feature","properties":{"class":"primary","oneway":1},"geometry":{"type":"LineString","coordinates":[[37.61092722,55.75242601],[37.6109916,55.75247432]]}},{"type":"Feature","properties":{"class":"primary","oneway":1},"geometry":{"type":"LineString","coordinates":[[37.60128736,55.75271885],[37.60121763,55.75251658]]}},{"type":"Feature","properties":{"class":"primary","oneway":1},"geometry":{"type":"LineString","coordinates":[[37.60121763,55.75251658],[37.60116398,55.75231733]]}},{"type":"Feature","properties":{"class":"primary","oneway":1},"geometry":{"type":"LineString","coordinates":[[37.60116398,55.75231733],[37.60116398,55.75209393]]}},{"type":"Feature","properties":{"class":"primary","oneway":1},"geometry":{"type":"LineString","coordinates":[[37.60116398,55.75209393],[37.60116935,55.75200638]]}},{"type":"Feature","properties":{"class":"primary","oneway":1},"geometry":{"type":"LineString","coordinates":[[37.60116935,55.75200638],[37.60119081,55.7519309]]}},{"type":"Feature","properties":{"class":"primary","oneway":1},"geometry":{"type":"LineString","coordinates":[[37.60119081,55.7519309],[37.60131955,55.75165618]]}},{"type":"Feature","properties":{"class":"primary","oneway":1},"geometry":{"type":"LineString","coordinates":[[37.60106742,55.75299659],[37.60018229,55.75300866]]}},{"type":"Feature","properties":{"class":"primary","oneway":1},"geometry":{"type":"LineString","coordinates":[[37.61471987,55.75704169],[37.61482179,55.75699037]]}},{"type":"Feature","properties":{"class":"primary","oneway":1},"geometry":{"type":"LineString","coordinates":[[37.61482179,55.75699037],[37.61495054,55.75695113]]}},{"type":"Feature","properties":{"class":"primary","oneway":1},"geometry":{"type":"LineString","coordinates":[[37.61495054,55.75695113],[37.61521339,55.75692698]]}},{"type":"Feature","properties":{"class":"primary","oneway":1},"geometry":{"type":"LineString","coordinates":[[37.61521339,55.75692698],[37.61527777,55.75693302]]}},{"type":"Feature","properties":{"class":"primary","oneway":1},"geometry":{"type":"LineString","coordinates":[[37.61527777,55.75693302],[37.61539042,55.75696019]]}},{"type":"Feature","properties":{"class":"primary","oneway":1},"geometry":{"type":"LineString","coordinates":[[37.61271894,55.7582974],[37.61305153,55.75797744]]}},{"type":"Feature","properties":{"class":"primary","oneway":1},"geometry":{"type":"LineString","coordinates":[[37.61738062,55.75818269],[37.61753082,55.75826721]]}},{"type":"Feature","properties":{"class":"primary","oneway":1},"geometry":{"type":"LineString","coordinates":[[37.61690319,55.75788084],[37.61738062,55.75818269]]}},{"type":"Feature","properties":{"class":"primary","oneway":1},"geometry":{"type":"LineString","coordinates":[[37.61483788,55.75714734],[37.61451602,55.7573043]]}},{"type":"Feature","properties":{"class":"primary","oneway":1},"geometry":{"type":"LineString","coordinates":[[37.61205912,55.75886487],[37.61251509,55.75848454]]}},{"type":"Feature","properties":{"class":"primary","oneway":1},"geometry":{"type":"LineString","coordinates":[[37.61251509,55.75848454],[37.61271894,55.7582974]]}},{"type":"Feature","properties":{"class":"primary","oneway":1},"geometry":{"type":"LineString","coordinates":[[37.61501491,55.75677605],[37.61539042,55.75696019]]}},{"type":"Feature","properties":{"class":"primary","oneway":1},"geometry":{"type":"LineString","coordinates":[[37.6141727,55.75628402],[37.6144731,55.75651947]]}},{"type":"Feature","properties":{"class":"primary","oneway":1},"geometry":{"type":"LineString","coordinates":[[37.61224151,55.75456034],[37.61240244,55.75471732]]}},{"type":"Feature","properties":{"class":"primary","oneway":1},"geometry":{"type":"LineString","coordinates":[[37.61240244,55.75471732],[37.61277795,55.75504938]]}},{"type":"Feature","properties":{"class":"primary","oneway":1},"geometry":{"type":"LineString","coordinates":[[37.61128664,55.75281545],[37.61167288,55.75352489]]}},{"type":"Feature","properties":{"class":"primary","oneway":1},"geometry":{"type":"LineString","coordinates":[[37.61120081,55.75264941],[37.61128664,55.75281545]]}},{"type":"Feature","properties":{"class":"primary","oneway":1},"geometry":{"type":"LineString","coordinates":[[37.6109916,55.75247432],[37.61120081,55.75264941]]}},{"type":"Feature","properties":{"class":"primary","oneway":1},"geometry":{"type":"LineString","coordinates":[[37.61297643,55.75523654],[37.61328757,55.75552935]]}},{"type":"Feature","properties":{"class":"primary","oneway":1},"geometry":{"type":"LineString","coordinates":[[37.61277795,55.75504938],[37.61297643,55.75523654]]}},{"type":"Feature","properties":{"class":"primary","oneway":1},"geometry":{"type":"LineString","coordinates":[[37.61328757,55.75552935],[37.61338413,55.75561388]]}},{"type":"Feature","properties":{"class":"primary","oneway":1},"geometry":{"type":"LineString","coordinates":[[37.61054099,55.75195204],[37.61059463,55.75215733]]}},{"type":"Feature","properties":{"class":"primary","oneway":1},"geometry":{"type":"LineString","coordinates":[[37.61059463,55.75215733],[37.61060536,55.75225997]]}},{"type":"Feature","properties":{"class":"primary","oneway":1},"geometry":{"type":"LineString","coordinates":[[37.60047197,55.75289696],[37.60106206,55.75289093]]}},{"type":"Feature","properties":{"class":"primary","oneway":1},"geometry":{"type":"LineString","coordinates":[[37.60018229,55.75300866],[37.59932935,55.75300564]]}},{"type":"Feature","properties":{"class":"primary","oneway":1},"geometry":{"type":"LineString","coordinates":[[37.59932935,55.75300564],[37.59889483,55.75299659]]}},{"type":"Feature","properties":{"class":"primary","oneway":1},"geometry":{"type":"LineString","coordinates":[[37.59889483,55.75299659],[37.59836912,55.75297545]]}},{"type":"Feature","properties":{"class":"primary","oneway":1},"geometry":{"type":"LineString","coordinates":[[37.60545015,55.75278828],[37.60348678,55.75289696]]}},{"type":"Feature","properties":{"class":"primary","oneway":1},"geometry":{"type":"LineString","coordinates":[[37.60348678,55.75289696],[37.6020062,55.75296338]]}},{"type":"Feature","properties":{"class":"minor","oneway":1},"geometry":{"type":"LineString","coordinates":[[37.59714067,55.75138749],[37.5971514,55.75156863]]}},{"type":"Feature","properties":{"class":"minor","oneway":1},"geometry":{"type":"LineString","coordinates":[[37.5971514,55.75156863],[37.59714603,55.75161995]]}},{"type":"Feature","properties":{"class":"minor","oneway":1},"geometry":{"type":"LineString","coordinates":[[37.59714603,55.75161995],[37.59704947,55.75204261]]}},{"type":"Feature","properties":{"class":"minor","oneway":0},"geometry":{"type":"LineString","coordinates":[[37.59879291,55.75079877],[37.59844959,55.74944621]]}},{"type":"Feature","properties":{"class":"minor","oneway":0},"geometry":{"type":"LineString","coordinates":[[37.59844959,55.74944621],[37.59805262,55.74800906]]}},{"type":"Feature","properties":{"class":"minor","oneway":0},"geometry":{"type":"LineString","coordinates":[[37.60039687,55.75204261],[37.60028422,55.75140258]]}},{"type":"Feature","properties":{"class":"minor","oneway":0},"geometry":{"type":"LineString","coordinates":[[37.60028422,55.75140258],[37.60020912,55.75110974]]}},{"type":"Feature","properties":{"class":"minor","oneway":0},"geometry":{"type":"LineString","coordinates":[[37.60020912,55.75110974],[37.60020375,55.75098897]]}},{"type":"Feature","properties":{"class":"minor","oneway":0},"geometry":{"type":"LineString","coordinates":[[37.60293961,55.74860386],[37.60283232,55.74864311]]}},{"type":"Feature","properties":{"class":"minor","oneway":0},"geometry":{"type":"LineString","coordinates":[[37.60283232,55.74864311],[37.60277331,55.74865216]]}},{"type":"Feature","properties":{"class":"minor","oneway":0},"geometry":{"type":"LineString","coordinates":[[37.60277331,55.74865216],[37.60117471,55.74878501]]}},{"type":"Feature","properties":{"class":"minor","oneway":0},"geometry":{"type":"LineString","coordinates":[[37.60117471,55.74878501],[37.60042906,55.74883935]]}},{"type":"Feature","properties":{"class":"minor","oneway":0},"geometry":{"type":"LineString","coordinates":[[37.61028349,55.74806643],[37.61038542,55.7481721]]}},{"type":"Feature","properties":{"class":"minor","oneway":0},"geometry":{"type":"LineString","coordinates":[[37.61038542,55.7481721],[37.61044979,55.7482023]]}},{"type":"Feature","properties":{"class":"minor","oneway":0},"geometry":{"type":"LineString","coordinates":[[37.61044979,55.7482023],[37.61050344,55.74823853]]}},{"type":"Feature","properties":{"class":"minor","oneway":0},"geometry":{"type":"LineString","coordinates":[[37.61050344,55.74823853],[37.61051953,55.74828382]]}},{"type":"Feature","properties":{"class":"minor","oneway":0},"geometry":{"type":"LineString","coordinates":[[37.61051953,55.74828382],[37.61046588,55.74838949]]}},{"type":"Feature","properties":{"class":"minor","oneway":0},"geometry":{"type":"LineString","coordinates":[[37.61046588,55.74838949],[37.61040688,55.74843176]]}},{"type":"Feature","properties":{"class":"minor","oneway":0},"geometry":{"type":"LineString","coordinates":[[37.61040688,55.74843176],[37.61033714,55.74844686]]}},{"type":"Feature","properties":{"class":"minor","oneway":0},"geometry":{"type":"LineString","coordinates":[[37.61033714,55.74844686],[37.61027813,55.74844384]]}},{"type":"Feature","properties":{"class":"minor","oneway":0},"geometry":{"type":"LineString","coordinates":[[37.61027813,55.74844384],[37.61022985,55.7484227]]}},{"type":"Feature","properties":{"class":"minor","oneway":0},"geometry":{"type":"LineString","coordinates":[[37.61022985,55.7484227],[37.61021376,55.74838647]]}},{"type":"Feature","properties":{"class":"minor","oneway":0},"geometry":{"type":"LineString","coordinates":[[37.61021376,55.74838647],[37.61025667,55.7481721]]}},{"type":"Feature","properties":{"class":"minor","oneway":0},"geometry":{"type":"LineString","coordinates":[[37.61025667,55.7481721],[37.6103425,55.74812681]]}},{"type":"Feature","properties":{"class":"minor","oneway":0},"geometry":{"type":"LineString","coordinates":[[37.60406613,55.75045762],[37.605021,55.75204261]]}},{"type":"Feature","properties":{"class":"minor","oneway":1},"geometry":{"type":"LineString","coordinates":[[37.60674298,55.7496968],[37.60734379,55.7505965]]}},{"type":"Feature","properties":{"class":"minor","oneway":1},"geometry":{"type":"LineString","coordinates":[[37.60734379,55.7505965],[37.60746181,55.750835]]}},{"type":"Feature","properties":{"class":"minor","oneway":1},"geometry":{"type":"LineString","coordinates":[[37.60746181,55.750835],[37.60775149,55.75165316]]}},{"type":"Feature","properties":{"class":"minor","oneway":1},"geometry":{"type":"LineString","coordinates":[[37.60506392,55.74811474],[37.60651767,55.74946131]]}},{"type":"Feature","properties":{"class":"minor","oneway":1},"geometry":{"type":"LineString","coordinates":[[37.60651767,55.74946131],[37.60668933,55.74962434]]}},{"type":"Feature","properties":{"class":"minor","oneway":1},"geometry":{"type":"LineString","coordinates":[[37.60668933,55.74962434],[37.60674298,55.7496968]]}},{"type":"Feature","properties":{"class":"minor","oneway":1},"geometry":{"type":"LineString","coordinates":[[37.59724259,55.75056631],[37.59723186,55.75076556]]}},{"type":"Feature","properties":{"class":"minor","oneway":1},"geometry":{"type":"LineString","coordinates":[[37.59723186,55.75076556],[37.59714603,55.75122748]]}},{"type":"Feature","properties":{"class":"minor","oneway":1},"geometry":{"type":"LineString","coordinates":[[37.59714603,55.75122748],[37.59714067,55.75138749]]}},{"type":"Feature","properties":{"class":"minor","oneway":1},"geometry":{"type":"LineString","coordinates":[[37.59879291,55.75079877],[37.59998918,55.75097388]]}},{"type":"Feature","properties":{"class":"minor","oneway":1},"geometry":{"type":"LineString","coordinates":[[37.59998918,55.75097388],[37.60009646,55.75098595]]}},{"type":"Feature","properties":{"class":"minor","oneway":1},"geometry":{"type":"LineString","coordinates":[[37.60009646,55.75098595],[37.60020375,55.75098897]]}},{"type":"Feature","properties":{"class":"minor","oneway":1},"geometry":{"type":"LineString","coordinates":[[37.59724259,55.75056631],[37.5973767,55.7505814]]}},{"type":"Feature","properties":{"class":"minor","oneway":1},"geometry":{"type":"LineString","coordinates":[[37.5973767,55.7505814],[37.5985086,55.75075349]]}},{"type":"Feature","properties":{"class":"minor","oneway":1},"geometry":{"type":"LineString","coordinates":[[37.59725332,55.74871557],[37.59719968,55.74944621]]}},{"type":"Feature","properties":{"class":"minor","oneway":1},"geometry":{"type":"LineString","coordinates":[[37.59719968,55.74944621],[37.59721041,55.74998362]]}},{"type":"Feature","properties":{"class":"minor","oneway":1},"geometry":{"type":"LineString","coordinates":[[37.59721041,55.74998362],[37.59724259,55.75056631]]}},{"type":"Feature","properties":{"class":"minor","oneway":1},"geometry":{"type":"LineString","coordinates":[[37.60059536,55.75156259],[37.60054171,55.75151126]]}},{"type":"Feature","properties":{"class":"minor","oneway":1},"geometry":{"type":"LineString","coordinates":[[37.60054171,55.75151126],[37.6004988,55.75149617]]}},{"type":"Feature","properties":{"class":"minor","oneway":1},"geometry":{"type":"LineString","coordinates":[[37.6004988,55.75149617],[37.60043979,55.75149315]]}},{"type":"Feature","properties":{"class":"minor","oneway":1},"geometry":{"type":"LineString","coordinates":[[37.60043979,55.75149315],[37.60039151,55.75150221]]}},{"type":"Feature","properties":{"class":"minor","oneway":1},"geometry":{"type":"LineString","coordinates":[[37.60039151,55.75150221],[37.60034323,55.75152636]]}},{"type":"Feature","properties":{"class":"minor","oneway":1},"geometry":{"type":"LineString","coordinates":[[37.60034323,55.75152636],[37.60032713,55.75154749]]}},{"type":"Feature","properties":{"class":"minor","oneway":1},"geometry":{"type":"LineString","coordinates":[[37.60032713,55.75154749],[37.60031641,55.75158674]]}},{"type":"Feature","properties":{"class":"minor","oneway":1},"geometry":{"type":"LineString","coordinates":[[37.60775149,55.75165316],[37.6078856,55.75204261]]}},{"type":"Feature","properties":{"class":"minor","oneway":1},"geometry":{"type":"LineString","coordinates":[[37.60293961,55.74860386],[37.60285378,55.74850422]]}},{"type":"Feature","properties":{"class":"minor","oneway":1},"geometry":{"type":"LineString","coordinates":[[37.60384619,55.7482657],[37.60293961,55.74860386]]}},{"type":"Feature","properties":{"class":"minor","oneway":1},"geometry":{"type":"LineString","coordinates":[[37.5985086,55.75075349],[37.59879291,55.75079877]]}},{"type":"Feature","properties":{"class":"secondary","oneway":1},"geometry":{"type":"LineString","coordinates":[[37.60064363,55.75204261],[37.60059536,55.75156259]]}},{"type":"Feature","properties":{"class":"secondary","oneway":1},"geometry":{"type":"LineString","coordinates":[[37.60878146,55.74902051],[37.60884583,55.7489722]]}},{"type":"Feature","properties":{"class":"secondary","oneway":1},"geometry":{"type":"LineString","coordinates":[[37.60884583,55.7489722],[37.60889947,55.74894503]]}},{"type":"Feature","properties":{"class":"secondary","oneway":1},"geometry":{"type":"LineString","coordinates":[[37.60889947,55.74894503],[37.60902286,55.74891182]]}},{"type":"Feature","properties":{"class":"secondary","oneway":1},"geometry":{"type":"LineString","coordinates":[[37.60902286,55.74891182],[37.60914087,55.74886049]]}},{"type":"Feature","properties":{"class":"secondary","oneway":1},"geometry":{"type":"LineString","coordinates":[[37.60914087,55.74886049],[37.60917306,55.74882426]]}},{"type":"Feature","properties":{"class":"secondary","oneway":1},"geometry":{"type":"LineString","coordinates":[[37.60917306,55.74882426],[37.60917842,55.74879709]]}},{"type":"Feature","properties":{"class":"secondary","oneway":1},"geometry":{"type":"LineString","coordinates":[[37.60917842,55.74879709],[37.6091677,55.74875784]]}},{"type":"Feature","properties":{"class":"secondary","oneway":1},"geometry":{"type":"LineString","coordinates":[[37.6091677,55.74875784],[37.60911942,55.74866122]]}},{"type":"Feature","properties":{"class":"secondary","oneway":1},"geometry":{"type":"LineString","coordinates":[[37.60911942,55.74866122],[37.6092428,55.74873368]]}},{"type":"Feature","properties":{"class":"secondary","oneway":1},"geometry":{"type":"LineString","coordinates":[[37.61098087,55.74853743],[37.61094332,55.74861291]]}},{"type":"Feature","properties":{"class":"secondary","oneway":1},"geometry":{"type":"LineString","coordinates":[[37.61094332,55.74861291],[37.61094868,55.74864311]]}},{"type":"Feature","properties":{"class":"secondary","oneway":1},"geometry":{"type":"LineString","coordinates":[[37.61094868,55.74864311],[37.61096478,55.74867028]]}},{"type":"Feature","properties":{"class":"secondary","oneway":1},"geometry":{"type":"LineString","coordinates":[[37.61096478,55.74867028],[37.61100233,55.74868839]]}},{"type":"Feature","properties":{"class":"secondary","oneway":1},"geometry":{"type":"LineString","coordinates":[[37.61100233,55.74868839],[37.61105597,55.74869745]]}},{"type":"Feature","properties":{"class":"secondary","oneway":1},"geometry":{"type":"LineString","coordinates":[[37.61105597,55.74869745],[37.61110425,55.74869443]]}},{"type":"Feature","properties":{"class":"secondary","oneway":1},"geometry":{"type":"LineString","coordinates":[[37.61110425,55.74869443],[37.61114717,55.74868236]]}},{"type":"Feature","properties":{"class":"secondary","oneway":1},"geometry":{"type":"LineString","coordinates":[[37.61114717,55.74868236],[37.61119545,55.74865518]]}},{"type":"Feature","properties":{"class":"secondary","oneway":1},"geometry":{"type":"LineString","coordinates":[[37.60042906,55.75120634],[37.6004076,55.75113691]]}},{"type":"Feature","properties":{"class":"secondary","oneway":1},"geometry":{"type":"LineString","coordinates":[[37.6004076,55.75113691],[37.6004076,55.7511037]]}},{"type":"Feature","properties":{"class":"secondary","oneway":1},"geometry":{"type":"LineString","coordinates":[[37.6004076,55.7511037],[37.60041833,55.75107351]]}},{"type":"Feature","properties":{"class":"secondary","oneway":1},"geometry":{"type":"LineString","coordinates":[[37.60041833,55.75107351],[37.60043979,55.75105539]]}},{"type":"Feature","properties":{"class":"secondary","oneway":1},"geometry":{"type":"LineString","coordinates":[[37.60042906,55.74883935],[37.60074019,55.7504395]]}},{"type":"Feature","properties":{"class":"secondary","oneway":1},"geometry":{"type":"LineString","coordinates":[[37.61649013,55.74860386],[37.61672616,55.7486582]]}},{"type":"Feature","properties":{"class":"secondary","oneway":1},"geometry":{"type":"LineString","coordinates":[[37.61672616,55.7486582],[37.61710167,55.74872462]]}},{"type":"Feature","properties":{"class":"secondary","oneway":1},"geometry":{"type":"LineString","coordinates":[[37.61710167,55.74872462],[37.61753082,55.74878803]]}},{"type":"Feature","properties":{"class":"secondary","oneway":1},"geometry":{"type":"LineString","coordinates":[[37.60083675,55.75101313],[37.60209739,55.75093463]]}},{"type":"Feature","properties":{"class":"secondary","oneway":1},"geometry":{"type":"LineString","coordinates":[[37.60209739,55.75093463],[37.60229588,55.75091048]]}},{"type":"Feature","properties":{"class":"secondary","oneway":1},"geometry":{"type":"LineString","coordinates":[[37.60229588,55.75091048],[37.60246754,55.75087727]]}},{"type":"Feature","properties":{"class":"secondary","oneway":1},"geometry":{"type":"LineString","coordinates":[[37.60082603,55.75109162],[37.60078311,55.75127578]]}},{"type":"Feature","properties":{"class":"secondary","oneway":1},"geometry":{"type":"LineString","coordinates":[[37.60078311,55.75127578],[37.60076702,55.75139352]]}},{"type":"Feature","properties":{"class":"secondary","oneway":1},"geometry":{"type":"LineString","coordinates":[[37.60076702,55.75139352],[37.60075629,55.75155655]]}},{"type":"Feature","properties":{"class":"secondary","oneway":1},"geometry":{"type":"LineString","coordinates":[[37.60075629,55.75155655],[37.60080457,55.75204261]]}},{"type":"Feature","properties":{"class":"secondary","oneway":1},"geometry":{"type":"LineString","coordinates":[[37.60042906,55.75120634],[37.60030568,55.75110974]]}},{"type":"Feature","properties":{"class":"secondary","oneway":1},"geometry":{"type":"LineString","coordinates":[[37.60030568,55.75110974],[37.60021985,55.75101313]]}},{"type":"Feature","properties":{"class":"secondary","oneway":1},"geometry":{"type":"LineString","coordinates":[[37.60020375,55.75098897],[37.60008037,55.75048781]]}},{"type":"Feature","properties":{"class":"secondary","oneway":1},"geometry":{"type":"LineString","coordinates":[[37.60008037,55.75048781],[37.59978533,55.7492077]]}},{"type":"Feature","properties":{"class":"secondary","oneway":1},"geometry":{"type":"LineString","coordinates":[[37.59978533,55.7492077],[37.59972095,55.74889068]]}},{"type":"Feature","properties":{"class":"secondary","oneway":1},"geometry":{"type":"LineString","coordinates":[[37.60043979,55.75105539],[37.6004827,55.75102822]]}},{"type":"Feature","properties":{"class":"secondary","oneway":1},"geometry":{"type":"LineString","coordinates":[[37.6004827,55.75102822],[37.60083675,55.75101313]]}},{"type":"Feature","properties":{"class":"secondary","oneway":1},"geometry":{"type":"LineString","coordinates":[[37.60083675,55.75101313],[37.60082603,55.75109162]]}},{"type":"Feature","properties":{"class":"secondary","oneway":1},"geometry":{"type":"LineString","coordinates":[[37.60119617,55.75114596],[37.60082603,55.75109162]]}},{"type":"Feature","properties":{"class":"secondary","oneway":1},"geometry":{"type":"LineString","coordinates":[[37.60082603,55.75109162],[37.60043979,55.75105539]]}},{"type":"Feature","properties":{"class":"secondary","oneway":1},"geometry":{"type":"LineString","coordinates":[[37.60043979,55.75105539],[37.60031641,55.75102822]]}},{"type":"Feature","properties":{"class":"secondary","oneway":1},"geometry":{"type":"LineString","coordinates":[[37.60031641,55.75102822],[37.60020375,55.75098897]]}},{"type":"Feature","properties":{"class":"secondary","oneway":1},"geometry":{"type":"LineString","coordinates":[[37.60928035,55.74875784],[37.60937691,55.74879407]]}},{"type":"Feature","properties":{"class":"secondary","oneway":1},"geometry":{"type":"LineString","coordinates":[[37.60937691,55.74879407],[37.60947347,55.74882124]]}},{"type":"Feature","properties":{"class":"secondary","oneway":1},"geometry":{"type":"LineString","coordinates":[[37.60947347,55.74882124],[37.60957003,55.74883634]]}},{"type":"Feature","properties":{"class":"secondary","oneway":1},"geometry":{"type":"LineString","coordinates":[[37.60957003,55.74883634],[37.60981679,55.74883935]]}},{"type":"Feature","properties":{"class":"secondary","oneway":1},"geometry":{"type":"LineString","coordinates":[[37.6092428,55.74873368],[37.60928035,55.74875784]]}},{"type":"Feature","properties":{"class":"secondary","oneway":1},"geometry":{"type":"LineString","coordinates":[[37.60131955,55.75165618],[37.60136247,55.75149919]]}},{"type":"Feature","properties":{"class":"secondary","oneway":1},"geometry":{"type":"LineString","coordinates":[[37.60136247,55.75149919],[37.60137856,55.7512939]]}},{"type":"Feature","properties":{"class":"secondary","oneway":1},"geometry":{"type":"LineString","coordinates":[[37.60137856,55.7512939],[37.60136783,55.75124257]]}},{"type":"Feature","properties":{"class":"secondary","oneway":1},"geometry":{"type":"LineString","coordinates":[[37.60136783,55.75124257],[37.60133564,55.75120333]]}},{"type":"Feature","properties":{"class":"secondary","oneway":1},"geometry":{"type":"LineString","coordinates":[[37.60133564,55.75120333],[37.60126591,55.75116408]]}},{"type":"Feature","properties":{"class":"secondary","oneway":1},"geometry":{"type":"LineString","coordinates":[[37.60126591,55.75116408],[37.60119617,55.75114596]]}},{"type":"Feature","properties":{"class":"secondary","oneway":1},"geometry":{"type":"LineString","coordinates":[[37.60119617,55.75114596],[37.60107815,55.75114898]]}},{"type":"Feature","properties":{"class":"secondary","oneway":1},"geometry":{"type":"LineString","coordinates":[[37.60107815,55.75114898],[37.60097086,55.75117012]]}},{"type":"Feature","properties":{"class":"secondary","oneway":1},"geometry":{"type":"LineString","coordinates":[[37.60097086,55.75117012],[37.60091722,55.75119427]]}},{"type":"Feature","properties":{"class":"secondary","oneway":1},"geometry":{"type":"LineString","coordinates":[[37.60091722,55.75119427],[37.60086894,55.7512305]]}},{"type":"Feature","properties":{"class":"secondary","oneway":1},"geometry":{"type":"LineString","coordinates":[[37.60086894,55.7512305],[37.60082066,55.75128484]]}},{"type":"Feature","properties":{"class":"secondary","oneway":1},"geometry":{"type":"LineString","coordinates":[[37.60082066,55.75128484],[37.60076702,55.75139352]]}},{"type":"Feature","properties":{"class":"secondary","oneway":1},"geometry":{"type":"LineString","coordinates":[[37.60059536,55.75156259],[37.60052562,55.7513573]]}},{"type":"Feature","properties":{"class":"secondary","oneway":1},"geometry":{"type":"LineString","coordinates":[[37.60052562,55.7513573],[37.60042906,55.75120634]]}},{"type":"Feature","properties":{"class":"secondary","oneway":1},"geometry":{"type":"LineString","coordinates":[[37.60853469,55.74919562],[37.60867417,55.74912014]]}},{"type":"Feature","properties":{"class":"secondary","oneway":1},"geometry":{"type":"LineString","coordinates":[[37.60867417,55.74912014],[37.60878146,55.74902051]]}},{"type":"Feature","properties":{"class":"secondary","oneway":1},"geometry":{"type":"LineString","coordinates":[[37.60074019,55.7504395],[37.60083675,55.75092557]]}},{"type":"Feature","properties":{"class":"secondary","oneway":1},"geometry":{"type":"LineString","coordinates":[[37.60083675,55.75092557],[37.60083675,55.75101313]]}},{"type":"Feature","properties":{"class":"secondary","oneway":1},"geometry":{"type":"LineString","coordinates":[[37.60021985,55.75101313],[37.60020375,55.75098897]]}},{"type":"Feature","properties":{"class":"primary","oneway":1},"geometry":{"type":"LineString","coordinates":[[37.61753082,55.74886955],[37.61706412,55.74880011]]}},{"type":"Feature","properties":{"class":"primary","oneway":1},"geometry":{"type":"LineString","coordinates":[[37.61706412,55.74880011],[37.61668324,55.74873368]]}},{"type":"Feature","properties":{"class":"primary","oneway":1},"geometry":{"type":"LineString","coordinates":[[37.61668324,55.74873368],[37.61644185,55.74867632]]}},{"type":"Feature","properties":{"class":"primary","oneway":1},"geometry":{"type":"LineString","coordinates":[[37.61644185,55.74867632],[37.61438191,55.74814493]]}},{"type":"Feature","properties":{"class":"primary","oneway":1},"geometry":{"type":"LineString","coordinates":[[37.61098087,55.74853743],[37.61089504,55.74862197]]}},{"type":"Feature","properties":{"class":"primary","oneway":1},"geometry":{"type":"LineString","coordinates":[[37.61089504,55.74862197],[37.61071801,55.74871859]]}},{"type":"Feature","properties":{"class":"primary","oneway":1},"geometry":{"type":"LineString","coordinates":[[37.61071801,55.74871859],[37.61051953,55.74879709]]}},{"type":"Feature","properties":{"class":"primary","oneway":1},"geometry":{"type":"LineString","coordinates":[[37.61051953,55.74879709],[37.61003137,55.7489571]]}},{"type":"Feature","properties":{"class":"primary","oneway":1},"geometry":{"type":"LineString","coordinates":[[37.61003137,55.7489571],[37.60983288,55.74902956]]}},{"type":"Feature","properties":{"class":"primary","oneway":1},"geometry":{"type":"LineString","coordinates":[[37.60983288,55.74902956],[37.60960758,55.74912014]]}},{"type":"Feature","properties":{"class":"primary","oneway":1},"geometry":{"type":"LineString","coordinates":[[37.60960758,55.74912014],[37.60952175,55.74917147]]}},{"type":"Feature","properties":{"class":"primary","oneway":1},"geometry":{"type":"LineString","coordinates":[[37.60952175,55.74917147],[37.60946274,55.74921675]]}},{"type":"Feature","properties":{"class":"primary","oneway":1},"geometry":{"type":"LineString","coordinates":[[37.60946274,55.74921675],[37.60941982,55.74926808]]}},{"type":"Feature","properties":{"class":"primary","oneway":1},"geometry":{"type":"LineString","coordinates":[[37.60941982,55.74926808],[37.60935009,55.7493979]]}},{"type":"Feature","properties":{"class":"primary","oneway":1},"geometry":{"type":"LineString","coordinates":[[37.60862052,55.74917449],[37.60879755,55.74913222]]}},{"type":"Feature","properties":{"class":"primary","oneway":1},"geometry":{"type":"LineString","coordinates":[[37.60879755,55.74913222],[37.60929108,55.74898428]]}},{"type":"Feature","properties":{"class":"primary","oneway":1},"geometry":{"type":"LineString","coordinates":[[37.60929108,55.74898428],[37.60981679,55.74883935]]}},{"type":"Feature","properties":{"class":"primary","oneway":1},"geometry":{"type":"LineString","coordinates":[[37.60429144,55.75039724],[37.60525703,55.75012552]]}},{"type":"Feature","properties":{"class":"primary","oneway":1},"geometry":{"type":"LineString","coordinates":[[37.60525703,55.75012552],[37.60674298,55.7496968]]}},{"type":"Feature","properties":{"class":"primary","oneway":1},"geometry":{"type":"LineString","coordinates":[[37.60880291,55.74918656],[37.60888338,55.74921072]]}},{"type":"Feature","properties":{"class":"primary","oneway":1},"geometry":{"type":"LineString","coordinates":[[37.60888338,55.74921072],[37.60893703,55.74924695]]}},{"type":"Feature","properties":{"class":"primary","oneway":1},"geometry":{"type":"LineString","coordinates":[[37.60893703,55.74924695],[37.6091677,55.74962132]]}},{"type":"Feature","properties":{"class":"primary","oneway":1},"geometry":{"type":"LineString","coordinates":[[37.609393,55.74995645],[37.60993481,55.75089538]]}},{"type":"Feature","properties":{"class":"primary","oneway":1},"geometry":{"type":"LineString","coordinates":[[37.60935009,55.7493979],[37.6093179,55.74948244]]}},{"type":"Feature","properties":{"class":"primary","oneway":1},"geometry":{"type":"LineString","coordinates":[[37.6093179,55.74948244],[37.60930181,55.74964548]]}},{"type":"Feature","properties":{"class":"primary","oneway":1},"geometry":{"type":"LineString","coordinates":[[37.60930181,55.74964548],[37.60931253,55.74974209]]}},{"type":"Feature","properties":{"class":"primary","oneway":1},"geometry":{"type":"LineString","coordinates":[[37.60931253,55.74974209],[37.60936081,55.74989908]]}},{"type":"Feature","properties":{"class":"primary","oneway":1},"geometry":{"type":"LineString","coordinates":[[37.60406613,55.75045762],[37.60429144,55.75039724]]}},{"type":"Feature","properties":{"class":"primary","oneway":1},"geometry":{"type":"LineString","coordinates":[[37.60131955,55.75165618],[37.60148585,55.75144183]]}},{"type":"Feature","properties":{"class":"primary","oneway":1},"geometry":{"type":"LineString","coordinates":[[37.60148585,55.75144183],[37.60164678,55.75126371]]}},{"type":"Feature","properties":{"class":"primary","oneway":1},"geometry":{"type":"LineString","coordinates":[[37.60164678,55.75126371],[37.60169506,55.75121842]]}},{"type":"Feature","properties":{"class":"primary","oneway":1},"geometry":{"type":"LineString","coordinates":[[37.60169506,55.75121842],[37.60175943,55.75117313]]}},{"type":"Feature","properties":{"class":"primary","oneway":1},"geometry":{"type":"LineString","coordinates":[[37.60175943,55.75117313],[37.60187209,55.7511037]]}},{"type":"Feature","properties":{"class":"primary","oneway":1},"geometry":{"type":"LineString","coordinates":[[37.60187209,55.7511037],[37.60210276,55.75100105]]}},{"type":"Feature","properties":{"class":"primary","oneway":1},"geometry":{"type":"LineString","coordinates":[[37.60210276,55.75100105],[37.60246754,55.75087727]]}},{"type":"Feature","properties":{"class":"primary","oneway":1},"geometry":{"type":"LineString","coordinates":[[37.60993481,55.75089538],[37.61054099,55.75195204]]}},{"type":"Feature","properties":{"class":"primary","oneway":1},"geometry":{"type":"LineString","coordinates":[[37.60246754,55.75087727],[37.60388911,55.75050894]]}},{"type":"Feature","properties":{"class":"primary","oneway":1},"geometry":{"type":"LineString","coordinates":[[37.60388911,55.75050894],[37.60406613,55.75045762]]}},{"type":"Feature","properties":{"class":"primary","oneway":1},"geometry":{"type":"LineString","coordinates":[[37.61054099,55.75195204],[37.61061609,55.75204261]]}},{"type":"Feature","properties":{"class":"primary","oneway":1},"geometry":{"type":"LineString","coordinates":[[37.60674298,55.7496968],[37.60862052,55.74917449]]}},{"type":"Feature","properties":{"class":"primary","oneway":1},"geometry":{"type":"LineString","coordinates":[[37.61211812,55.7480302],[37.6114583,55.74860687]]}},{"type":"Feature","properties":{"class":"primary","oneway":1},"geometry":{"type":"LineString","coordinates":[[37.6114583,55.74860687],[37.61136711,55.74868839]]}},{"type":"Feature","properties":{"class":"primary","oneway":1},"geometry":{"type":"LineString","coordinates":[[37.61136711,55.74868839],[37.61124372,55.74876689]]}},{"type":"Feature","properties":{"class":"primary","oneway":1},"geometry":{"type":"LineString","coordinates":[[37.61124372,55.74876689],[37.61110961,55.74882728]]}},{"type":"Feature","properties":{"class":"primary","oneway":1},"geometry":{"type":"LineString","coordinates":[[37.61110961,55.74882728],[37.61098623,55.74887257]]}},{"type":"Feature","properties":{"class":"primary","oneway":1},"geometry":{"type":"LineString","coordinates":[[37.60936081,55.74989908],[37.609393,55.74995645]]}},{"type":"Feature","properties":{"class":"primary","oneway":1},"geometry":{"type":"LineString","coordinates":[[37.60116935,55.75204261],[37.60116935,55.75200638]]}},{"type":"Feature","properties":{"class":"primary","oneway":1},"geometry":{"type":"LineString","coordinates":[[37.6091677,55.74962132],[37.60936081,55.74989908]]}},{"type":"Feature","properties":{"class":"primary","oneway":1},"geometry":{"type":"LineString","coordinates":[[37.60862052,55.74917449],[37.60871172,55.74917449]]}},{"type":"Feature","properties":{"class":"primary","oneway":1},"geometry":{"type":"LineString","coordinates":[[37.60871172,55.74917449],[37.60880291,55.74918656]]}},{"type":"Feature","properties":{"class":"primary","oneway":1},"geometry":{"type":"LineString","coordinates":[[37.61098623,55.74887257],[37.61078238,55.74892691]]}},{"type":"Feature","properties":{"class":"primary","oneway":1},"geometry":{"type":"LineString","coordinates":[[37.61078238,55.74892691],[37.60991335,55.7491292]]}},{"type":"Feature","properties":{"class":"primary","oneway":1},"geometry":{"type":"LineString","coordinates":[[37.60991335,55.7491292],[37.6097846,55.74915939]]}},{"type":"Feature","properties":{"class":"primary","oneway":1},"geometry":{"type":"LineString","coordinates":[[37.6097846,55.74915939],[37.60958612,55.74921977]]}},{"type":"Feature","properties":{"class":"primary","oneway":1},"geometry":{"type":"LineString","coordinates":[[37.60958612,55.74921977],[37.60948956,55.7492711]]}},{"type":"Feature","properties":{"class":"primary","oneway":1},"geometry":{"type":"LineString","coordinates":[[37.60948956,55.7492711],[37.60941982,55.74932846]]}},{"type":"Feature","properties":{"class":"primary","oneway":1},"geometry":{"type":"LineString","coordinates":[[37.60941982,55.74932846],[37.60935009,55.7493979]]}},{"type":"Feature","properties":{"class":"primary","oneway":1},"geometry":{"type":"LineString","coordinates":[[37.61054099,55.75195204],[37.61056244,55.75204261]]}},{"type":"Feature","properties":{"class":"primary","oneway":1},"geometry":{"type":"LineString","coordinates":[[37.60981679,55.74883935],[37.61025667,55.74870651]]}},{"type":"Feature","properties":{"class":"primary","oneway":1},"geometry":{"type":"LineString","coordinates":[[37.61025667,55.74870651],[37.61047125,55.74862499]]}},{"type":"Feature","properties":{"class":"primary","oneway":1},"geometry":{"type":"LineString","coordinates":[[37.61047125,55.74862499],[37.61059999,55.74854649]]}},{"type":"Feature","properties":{"class":"primary","oneway":1},"geometry":{"type":"LineString","coordinates":[[37.61059999,55.74854649],[37.61069119,55.74846195]]}},{"type":"Feature","properties":{"class":"minor","oneway":0},"geometry":{"type":"LineString","coordinates":[[37.62749255,55.77526359],[37.62882292,55.77537824]]}},{"type":"Feature","properties":{"class":"minor","oneway":0},"geometry":{"type":"LineString","coordinates":[[37.62742281,55.77487136],[37.62376964,55.77486834]]}},{"type":"Feature","properties":{"class":"minor","oneway":0},"geometry":{"type":"LineString","coordinates":[[37.62376964,55.77486834],[37.62320101,55.77474463]]}},{"type":"Feature","properties":{"class":"minor","oneway":0},"geometry":{"type":"LineString","coordinates":[[37.62269676,55.77474765],[37.62255192,55.7747386]]}},{"type":"Feature","properties":{"class":"minor","oneway":0},"geometry":{"type":"LineString","coordinates":[[37.62255192,55.7747386],[37.62245536,55.77472351]]}},{"type":"Feature","properties":{"class":"minor","oneway":0},"geometry":{"type":"LineString","coordinates":[[37.62245536,55.77472351],[37.62200475,55.77464205]]}},{"type":"Feature","properties":{"class":"minor","oneway":0},"geometry":{"type":"LineString","coordinates":[[37.62200475,55.77464205],[37.621876,55.77461188]]}},{"type":"Feature","properties":{"class":"minor","oneway":0},"geometry":{"type":"LineString","coordinates":[[37.621876,55.77461188],[37.62148976,55.77450627]]}},{"type":"Feature","properties":{"class":"minor","oneway":0},"geometry":{"type":"LineString","coordinates":[[37.61684418,55.76940382],[37.61761129,55.76935855]]}},{"type":"Feature","properties":{"class":"minor","oneway":0},"geometry":{"type":"LineString","coordinates":[[37.61761129,55.76935855],[37.61767566,55.7693495]]}},{"type":"Feature","properties":{"class":"minor","oneway":0},"geometry":{"type":"LineString","coordinates":[[37.61767566,55.7693495],[37.61771321,55.76933139]]}},{"type":"Feature","properties":{"class":"minor","oneway":0},"geometry":{"type":"LineString","coordinates":[[37.61771321,55.76933139],[37.61771321,55.76927104]]}},{"type":"Feature","properties":{"class":"minor","oneway":0},"geometry":{"type":"LineString","coordinates":[[37.61771321,55.76927104],[37.61762738,55.76903868]]}},{"type":"Feature","properties":{"class":"minor","oneway":0},"geometry":{"type":"LineString","coordinates":[[37.61762738,55.76903868],[37.61755228,55.76887875]]}},{"type":"Feature","properties":{"class":"minor","oneway":0},"geometry":{"type":"LineString","coordinates":[[37.61755228,55.76887875],[37.6170212,55.76798249]]}},{"type":"Feature","properties":{"class":"minor","oneway":0},"geometry":{"type":"LineString","coordinates":[[37.61755228,55.76887875],[37.61832476,55.76858]]}},{"type":"Feature","properties":{"class":"minor","oneway":0},"geometry":{"type":"LineString","coordinates":[[37.61832476,55.76858],[37.61845887,55.76853775]]}},{"type":"Feature","properties":{"class":"minor","oneway":0},"geometry":{"type":"LineString","coordinates":[[37.61845887,55.76853775],[37.61878073,55.76846231]]}},{"type":"Feature","properties":{"class":"minor","oneway":0},"geometry":{"type":"LineString","coordinates":[[37.61878073,55.76846231],[37.61892021,55.7684442]]}},{"type":"Feature","properties":{"class":"minor","oneway":0},"geometry":{"type":"LineString","coordinates":[[37.61892021,55.7684442],[37.61993945,55.76834462]]}},{"type":"Feature","properties":{"class":"minor","oneway":0},"geometry":{"type":"LineString","coordinates":[[37.61993945,55.76834462],[37.6210928,55.76824503]]}},{"type":"Feature","properties":{"class":"minor","oneway":0},"geometry":{"type":"LineString","coordinates":[[37.62227297,55.77028193],[37.62288988,55.7703272]]}},{"type":"Feature","properties":{"class":"minor","oneway":0},"geometry":{"type":"LineString","coordinates":[[37.62288988,55.7703272],[37.62479424,55.77045393]]}},{"type":"Feature","properties":{"class":"minor","oneway":0},"geometry":{"type":"LineString","coordinates":[[37.62479424,55.77045393],[37.62541652,55.77049014]]}},{"type":"Feature","properties":{"class":"minor","oneway":0},"geometry":{"type":"LineString","coordinates":[[37.62541652,55.77049014],[37.62857616,55.77064102]]}},{"type":"Feature","properties":{"class":"minor","oneway":0},"geometry":{"type":"LineString","coordinates":[[37.62857616,55.77064102],[37.63077557,55.77073758]]}},{"type":"Feature","properties":{"class":"minor","oneway":0},"geometry":{"type":"LineString","coordinates":[[37.63077557,55.77073758],[37.63139248,55.77074361]]}},{"type":"Feature","properties":{"class":"minor","oneway":0},"geometry":{"type":"LineString","coordinates":[[37.63139248,55.77074361],[37.63245463,55.77073154]]}},{"type":"Feature","properties":{"class":"minor","oneway":0},"geometry":{"type":"LineString","coordinates":[[37.62247145,55.76928613],[37.62328684,55.76904773]]}},{"type":"Feature","properties":{"class":"minor","oneway":0},"geometry":{"type":"LineString","coordinates":[[37.62328684,55.76904773],[37.62446165,55.7686826]]}},{"type":"Feature","properties":{"class":"minor","oneway":0},"geometry":{"type":"LineString","coordinates":[[37.62357652,55.76500388],[37.62412369,55.76494352]]}},{"type":"Feature","properties":{"class":"minor","oneway":0},"geometry":{"type":"LineString","coordinates":[[37.62412369,55.76494352],[37.62590468,55.76479564]]}},{"type":"Feature","properties":{"class":"minor","oneway":0},"geometry":{"type":"LineString","coordinates":[[37.62590468,55.76479564],[37.6267308,55.76475339]]}},{"type":"Feature","properties":{"class":"minor","oneway":0},"geometry":{"type":"LineString","coordinates":[[37.6267308,55.76475339],[37.6267308,55.76583381]]}},{"type":"Feature","properties":{"class":"minor","oneway":0},"geometry":{"type":"LineString","coordinates":[[37.6267308,55.76583381],[37.6268059,55.76637703]]}},{"type":"Feature","properties":{"class":"minor","oneway":0},"geometry":{"type":"LineString","coordinates":[[37.6236248,55.76957582],[37.62361407,55.76940985]]}},{"type":"Feature","properties":{"class":"minor","oneway":0},"geometry":{"type":"LineString","coordinates":[[37.62361407,55.76940985],[37.62358725,55.76935553]]}},{"type":"Feature","properties":{"class":"minor","oneway":0},"geometry":{"type":"LineString","coordinates":[[37.62358725,55.76935553],[37.62355506,55.76931027]]}},{"type":"Feature","properties":{"class":"minor","oneway":0},"geometry":{"type":"LineString","coordinates":[[37.62355506,55.76931027],[37.62328684,55.76904773]]}},{"type":"Feature","properties":{"class":"minor","oneway":0},"geometry":{"type":"LineString","coordinates":[[37.63256192,55.76631365],[37.63243318,55.76550184]]}},{"type":"Feature","properties":{"class":"minor","oneway":0},"geometry":{"type":"LineString","coordinates":[[37.63243318,55.76550184],[37.63220251,55.76469303]]}},{"type":"Feature","properties":{"class":"minor","oneway":0},"geometry":{"type":"LineString","coordinates":[[37.63220251,55.76469303],[37.6313442,55.76475942]]}},{"type":"Feature","properties":{"class":"minor","oneway":0},"geometry":{"type":"LineString","coordinates":[[37.6313442,55.76475942],[37.63107598,55.76479262]]}},{"type":"Feature","properties":{"class":"minor","oneway":0},"geometry":{"type":"LineString","coordinates":[[37.63107598,55.76479262],[37.63092577,55.76481978]]}},{"type":"Feature","properties":{"class":"minor","oneway":0},"geometry":{"type":"LineString","coordinates":[[37.63092577,55.76481978],[37.63022304,55.76496766]]}},{"type":"Feature","properties":{"class":"minor","oneway":1},"geometry":{"type":"LineString","coordinates":[[37.62130737,55.77548686],[37.62120545,55.77548686]]}},{"type":"Feature","properties":{"class":"minor","oneway":1},"geometry":{"type":"LineString","coordinates":[[37.62120545,55.77548686],[37.62110889,55.77550195]]}},{"type":"Feature","properties":{"class":"minor","oneway":1},"geometry":{"type":"LineString","coordinates":[[37.62110889,55.77550195],[37.62103915,55.77553815]]}},{"type":"Feature","properties":{"class":"minor","oneway":1},"geometry":{"type":"LineString","coordinates":[[37.62103915,55.77553815],[37.62096405,55.77558643]]}},{"type":"Feature","properties":{"class":"minor","oneway":1},"geometry":{"type":"LineString","coordinates":[[37.62096405,55.77558643],[37.62094259,55.77566789]]}},{"type":"Feature","properties":{"class":"minor","oneway":1},"geometry":{"type":"LineString","coordinates":[[37.62094259,55.77566789],[37.62092113,55.77587004]]}},{"type":"Feature","properties":{"class":"minor","oneway":1},"geometry":{"type":"LineString","coordinates":[[37.62542725,55.77486834],[37.62549162,55.77538729]]}},{"type":"Feature","properties":{"class":"minor","oneway":1},"geometry":{"type":"LineString","coordinates":[[37.61819065,55.77553212],[37.61851251,55.77553212]]}},{"type":"Feature","properties":{"class":"minor","oneway":1},"geometry":{"type":"LineString","coordinates":[[37.6216507,55.7731998],[37.62162387,55.77326014]]}},{"type":"Feature","properties":{"class":"minor","oneway":1},"geometry":{"type":"LineString","coordinates":[[37.62162387,55.77326014],[37.62157559,55.77332351]]}},{"type":"Feature","properties":{"class":"minor","oneway":1},"geometry":{"type":"LineString","coordinates":[[37.62157559,55.77332351],[37.62152195,55.77335971]]}},{"type":"Feature","properties":{"class":"minor","oneway":1},"geometry":{"type":"LineString","coordinates":[[37.62152195,55.77335971],[37.62146294,55.77338385]]}},{"type":"Feature","properties":{"class":"minor","oneway":1},"geometry":{"type":"LineString","coordinates":[[37.62146294,55.77338385],[37.62134492,55.77339592]]}},{"type":"Feature","properties":{"class":"minor","oneway":1},"geometry":{"type":"LineString","coordinates":[[37.62134492,55.77339592],[37.62124836,55.77338385]]}},{"type":"Feature","properties":{"class":"minor","oneway":1},"geometry":{"type":"LineString","coordinates":[[37.62124836,55.77338385],[37.62118936,55.77336575]]}},{"type":"Feature","properties":{"class":"minor","oneway":1},"geometry":{"type":"LineString","coordinates":[[37.62118936,55.77336575],[37.62113571,55.77333859]]}},{"type":"Feature","properties":{"class":"minor","oneway":1},"geometry":{"type":"LineString","coordinates":[[37.62113571,55.77333859],[37.62109816,55.77330238]]}},{"type":"Feature","properties":{"class":"minor","oneway":1},"geometry":{"type":"LineString","coordinates":[[37.62109816,55.77330238],[37.62105525,55.77323902]]}},{"type":"Feature","properties":{"class":"minor","oneway":1},"geometry":{"type":"LineString","coordinates":[[37.62105525,55.77323902],[37.62102842,55.77318169]]}},{"type":"Feature","properties":{"class":"secondary","oneway":1},"geometry":{"type":"LineString","coordinates":[[37.62332976,55.76704397],[37.62321711,55.7670832]]}},{"type":"Feature","properties":{"class":"secondary","oneway":1},"geometry":{"type":"LineString","coordinates":[[37.62321711,55.7670832],[37.62310445,55.76711036]]}},{"type":"Feature","properties":{"class":"secondary","oneway":1},"geometry":{"type":"LineString","coordinates":[[37.62310445,55.76711036],[37.62302935,55.76713752]]}},{"type":"Feature","properties":{"class":"secondary","oneway":1},"geometry":{"type":"LineString","coordinates":[[37.62302935,55.76713752],[37.62299716,55.76715261]]}},{"type":"Feature","properties":{"class":"secondary","oneway":1},"geometry":{"type":"LineString","coordinates":[[37.62299716,55.76715261],[37.62298107,55.76717675]]}},{"type":"Feature","properties":{"class":"minor","oneway":1},"geometry":{"type":"LineString","coordinates":[[37.63009965,55.76639211],[37.6300782,55.76671201]]}},{"type":"Feature","properties":{"class":"minor","oneway":1},"geometry":{"type":"LineString","coordinates":[[37.6309526,55.76992586],[37.6299119,55.76991982]]}},{"type":"Feature","properties":{"class":"minor","oneway":1},"geometry":{"type":"LineString","coordinates":[[37.6299119,55.76991982],[37.62891948,55.76989568]]}},{"type":"Feature","properties":{"class":"minor","oneway":1},"geometry":{"type":"LineString","coordinates":[[37.62891948,55.76989568],[37.62525558,55.76978102]]}},{"type":"Feature","properties":{"class":"minor","oneway":1},"geometry":{"type":"LineString","coordinates":[[37.6251483,55.76939778],[37.62543797,55.76936459]]}},{"type":"Feature","properties":{"class":"minor","oneway":1},"geometry":{"type":"LineString","coordinates":[[37.62543797,55.76936459],[37.62579739,55.76934045]]}},{"type":"Feature","properties":{"class":"minor","oneway":1},"geometry":{"type":"LineString","coordinates":[[37.62579739,55.76934045],[37.62600124,55.76933139]]}},{"type":"Feature","properties":{"class":"minor","oneway":1},"geometry":{"type":"LineString","coordinates":[[37.62600124,55.76933139],[37.626248,55.76933139]]}},{"type":"Feature","properties":{"class":"minor","oneway":1},"geometry":{"type":"LineString","coordinates":[[37.626248,55.76933139],[37.62999773,55.76943399]]}},{"type":"Feature","properties":{"class":"minor","oneway":1},"geometry":{"type":"LineString","coordinates":[[37.62999773,55.76943399],[37.63113499,55.76944606]]}},{"type":"Feature","properties":{"class":"minor","oneway":1},"geometry":{"type":"LineString","coordinates":[[37.62985289,55.7689391],[37.62648404,55.76881537]]}},{"type":"Feature","properties":{"class":"minor","oneway":1},"geometry":{"type":"LineString","coordinates":[[37.62648404,55.76881537],[37.62639821,55.76882443]]}},{"type":"Feature","properties":{"class":"minor","oneway":1},"geometry":{"type":"LineString","coordinates":[[37.62639821,55.76882443],[37.62559891,55.76894815]]}},{"type":"Feature","properties":{"class":"minor","oneway":1},"geometry":{"type":"LineString","coordinates":[[37.62540579,55.76839592],[37.62559891,55.76835367]]}},{"type":"Feature","properties":{"class":"minor","oneway":1},"geometry":{"type":"LineString","coordinates":[[37.62559891,55.76835367],[37.62573302,55.76833255]]}},{"type":"Feature","properties":{"class":"minor","oneway":1},"geometry":{"type":"LineString","coordinates":[[37.62573302,55.76833255],[37.6259315,55.76831746]]}},{"type":"Feature","properties":{"class":"minor","oneway":1},"geometry":{"type":"LineString","coordinates":[[37.6259315,55.76831746],[37.6264894,55.76831746]]}},{"type":"Feature","properties":{"class":"minor","oneway":1},"geometry":{"type":"LineString","coordinates":[[37.6264894,55.76831746],[37.62725651,55.76835367]]}},{"type":"Feature","properties":{"class":"minor","oneway":1},"geometry":{"type":"LineString","coordinates":[[37.62908041,55.76800663],[37.62660205,55.7678648]]}},{"type":"Feature","properties":{"class":"minor","oneway":1},"geometry":{"type":"LineString","coordinates":[[37.62660205,55.7678648],[37.62630165,55.76785575]]}},{"type":"Feature","properties":{"class":"minor","oneway":1},"geometry":{"type":"LineString","coordinates":[[37.62630165,55.76785575],[37.62595296,55.76785273]]}},{"type":"Feature","properties":{"class":"minor","oneway":1},"geometry":{"type":"LineString","coordinates":[[37.62595296,55.76785273],[37.62551308,55.76786178]]}},{"type":"Feature","properties":{"class":"minor","oneway":1},"geometry":{"type":"LineString","coordinates":[[37.62551308,55.76786178],[37.62532532,55.76787083]]}},{"type":"Feature","properties":{"class":"minor","oneway":1},"geometry":{"type":"LineString","coordinates":[[37.62532532,55.76787083],[37.62410223,55.7680006]]}},{"type":"Feature","properties":{"class":"minor","oneway":1},"geometry":{"type":"LineString","coordinates":[[37.6238662,55.7675419],[37.62472987,55.76740912]]}},{"type":"Feature","properties":{"class":"minor","oneway":1},"geometry":{"type":"LineString","coordinates":[[37.62472987,55.76740912],[37.62493908,55.76738498]]}},{"type":"Feature","properties":{"class":"minor","oneway":1},"geometry":{"type":"LineString","coordinates":[[37.62493908,55.76738498],[37.6251322,55.76737592]]}},{"type":"Feature","properties":{"class":"minor","oneway":1},"geometry":{"type":"LineString","coordinates":[[37.6251322,55.76737592],[37.62564182,55.76736989]]}},{"type":"Feature","properties":{"class":"minor","oneway":1},"geometry":{"type":"LineString","coordinates":[[37.62564182,55.76736989],[37.62642503,55.7673729]]}},{"type":"Feature","properties":{"class":"minor","oneway":1},"geometry":{"type":"LineString","coordinates":[[37.62642503,55.7673729],[37.62667179,55.76737894]]}},{"type":"Feature","properties":{"class":"minor","oneway":1},"geometry":{"type":"LineString","coordinates":[[37.62667179,55.76737894],[37.6277554,55.76744231]]}},{"type":"Feature","properties":{"class":"minor","oneway":1},"geometry":{"type":"LineString","coordinates":[[37.6277554,55.76744231],[37.62983143,55.76755095]]}},{"type":"Feature","properties":{"class":"minor","oneway":1},"geometry":{"type":"LineString","coordinates":[[37.62983143,55.76755095],[37.63083458,55.76755699]]}},{"type":"Feature","properties":{"class":"minor","oneway":1},"geometry":{"type":"LineString","coordinates":[[37.63083458,55.76755699],[37.63132274,55.76754794]]}},{"type":"Feature","properties":{"class":"minor","oneway":1},"geometry":{"type":"LineString","coordinates":[[37.63132274,55.76754794],[37.63152122,55.76753888]]}},{"type":"Feature","properties":{"class":"minor","oneway":1},"geometry":{"type":"LineString","coordinates":[[37.63152122,55.76753888],[37.63163924,55.76751474]]}},{"type":"Feature","properties":{"class":"secondary","oneway":1},"geometry":{"type":"LineString","coordinates":[[37.62258947,55.7738636],[37.62253582,55.77386058]]}},{"type":"Feature","properties":{"class":"secondary","oneway":1},"geometry":{"type":"LineString","coordinates":[[37.62253582,55.77386058],[37.62244463,55.77384248]]}},{"type":"Feature","properties":{"class":"secondary","oneway":1},"geometry":{"type":"LineString","coordinates":[[37.62244463,55.77384248],[37.62238562,55.77380326]]}},{"type":"Feature","properties":{"class":"secondary","oneway":1},"geometry":{"type":"LineString","coordinates":[[37.62238562,55.77380326],[37.62234807,55.77375498]]}},{"type":"Feature","properties":{"class":"secondary","oneway":1},"geometry":{"type":"LineString","coordinates":[[37.62234807,55.77375498],[37.62234271,55.77364334]]}},{"type":"Feature","properties":{"class":"secondary","oneway":1},"geometry":{"type":"LineString","coordinates":[[37.62234271,55.77364334],[37.62235343,55.77359506]]}},{"type":"Feature","properties":{"class":"secondary","oneway":1},"geometry":{"type":"LineString","coordinates":[[37.62235343,55.77359506],[37.62240171,55.77355886]]}},{"type":"Feature","properties":{"class":"secondary","oneway":1},"geometry":{"type":"LineString","coordinates":[[37.62240171,55.77355886],[37.62244463,55.77354377]]}},{"type":"Feature","properties":{"class":"secondary","oneway":1},"geometry":{"type":"LineString","coordinates":[[37.62244463,55.77354377],[37.622509,55.77353773]]}},{"type":"Feature","properties":{"class":"minor","oneway":1},"geometry":{"type":"LineString","coordinates":[[37.61989653,55.7652604],[37.6199019,55.76523324]]}},{"type":"Feature","properties":{"class":"minor","oneway":1},"geometry":{"type":"LineString","coordinates":[[37.6199019,55.76523324],[37.61992335,55.76520608]]}},{"type":"Feature","properties":{"class":"minor","oneway":1},"geometry":{"type":"LineString","coordinates":[[37.61992335,55.76520608],[37.61995018,55.76518194]]}},{"type":"Feature","properties":{"class":"minor","oneway":1},"geometry":{"type":"LineString","coordinates":[[37.61995018,55.76518194],[37.61999309,55.76516383]]}},{"type":"Feature","properties":{"class":"minor","oneway":1},"geometry":{"type":"LineString","coordinates":[[37.61999309,55.76516383],[37.62004137,55.76515176]]}},{"type":"Feature","properties":{"class":"minor","oneway":1},"geometry":{"type":"LineString","coordinates":[[37.62004137,55.76515176],[37.62009501,55.76514572]]}},{"type":"Feature","properties":{"class":"minor","oneway":1},"geometry":{"type":"LineString","coordinates":[[37.62009501,55.76514572],[37.62014866,55.76514874]]}},{"type":"Feature","properties":{"class":"minor","oneway":1},"geometry":{"type":"LineString","coordinates":[[37.62014866,55.76514874],[37.6202023,55.76516081]]}},{"type":"Feature","properties":{"class":"minor","oneway":1},"geometry":{"type":"LineString","coordinates":[[37.62364626,55.7661537],[37.62360334,55.76598168]]}},{"type":"Feature","properties":{"class":"minor","oneway":1},"geometry":{"type":"LineString","coordinates":[[37.62360334,55.76598168],[37.62359262,55.76580967]]}},{"type":"Feature","properties":{"class":"minor","oneway":1},"geometry":{"type":"LineString","coordinates":[[37.61948347,55.76411659],[37.61999309,55.7641347]]}},{"type":"Feature","properties":{"class":"minor","oneway":1},"geometry":{"type":"LineString","coordinates":[[37.619977,55.76480771],[37.62016475,55.76477149]]}},{"type":"Feature","properties":{"class":"minor","oneway":1},"geometry":{"type":"LineString","coordinates":[[37.62251437,55.76513667],[37.62076557,55.76535396]]}},{"type":"Feature","properties":{"class":"minor","oneway":1},"geometry":{"type":"LineString","coordinates":[[37.6325351,55.77001035],[37.63231516,55.77002242]]}},{"type":"Feature","properties":{"class":"minor","oneway":1},"geometry":{"type":"LineString","coordinates":[[37.63283014,55.76882443],[37.63264775,55.76883952]]}},{"type":"Feature","properties":{"class":"minor","oneway":1},"geometry":{"type":"LineString","coordinates":[[37.61684418,55.76895419],[37.61725187,55.76892703]]}},{"type":"Feature","properties":{"class":"minor","oneway":1},"geometry":{"type":"LineString","coordinates":[[37.61745572,55.7689059],[37.61755228,55.76887875]]}},{"type":"Feature","properties":{"class":"secondary","oneway":1},"geometry":{"type":"LineString","coordinates":[[37.61812627,55.77345627],[37.61823893,55.77348041]]}},{"type":"Feature","properties":{"class":"secondary","oneway":1},"geometry":{"type":"LineString","coordinates":[[37.61823893,55.77348041],[37.61829257,55.77350153]]}},{"type":"Feature","properties":{"class":"secondary","oneway":1},"geometry":{"type":"LineString","coordinates":[[37.61829257,55.77350153],[37.61833012,55.77354679]]}},{"type":"Feature","properties":{"class":"secondary","oneway":1},"geometry":{"type":"LineString","coordinates":[[37.61833012,55.77354679],[37.61831939,55.7736192]]}},{"type":"Feature","properties":{"class":"minor","oneway":1},"geometry":{"type":"LineString","coordinates":[[37.63220251,55.76469303],[37.63210595,55.76422825]]}},{"type":"Feature","properties":{"class":"minor","oneway":1},"geometry":{"type":"LineString","coordinates":[[37.63210595,55.76422825],[37.63207912,55.76402001]]}},{"type":"Feature","properties":{"class":"minor","oneway":1},"geometry":{"type":"LineString","coordinates":[[37.61790633,55.76738799],[37.6180619,55.76747853]]}},{"type":"Feature","properties":{"class":"minor","oneway":1},"geometry":{"type":"LineString","coordinates":[[37.6180619,55.76747853],[37.61808336,55.76752681]]}},{"type":"Feature","properties":{"class":"minor","oneway":1},"geometry":{"type":"LineString","coordinates":[[37.63079166,55.76402001],[37.63107598,55.76479262]]}},{"type":"Feature","properties":{"class":"secondary","oneway":1},"geometry":{"type":"LineString","coordinates":[[37.62026131,55.77435843],[37.62030959,55.7740205]]}},{"type":"Feature","properties":{"class":"secondary","oneway":1},"geometry":{"type":"LineString","coordinates":[[37.62030959,55.7740205],[37.62030423,55.77396921]]}},{"type":"Feature","properties":{"class":"secondary","oneway":1},"geometry":{"type":"LineString","coordinates":[[37.62030423,55.77396921],[37.62027204,55.77392998]]}},{"type":"Feature","properties":{"class":"secondary","oneway":1},"geometry":{"type":"LineString","coordinates":[[37.62027204,55.77392998],[37.6202184,55.77389679]]}},{"type":"Feature","properties":{"class":"secondary","oneway":1},"geometry":{"type":"LineString","coordinates":[[37.6202184,55.77389679],[37.62013257,55.7738636]]}},{"type":"Feature","properties":{"class":"secondary","oneway":1},"geometry":{"type":"LineString","coordinates":[[37.62013257,55.7738636],[37.62003064,55.77384248]]}},{"type":"Feature","properties":{"class":"secondary","oneway":1},"geometry":{"type":"LineString","coordinates":[[37.61831939,55.7736192],[37.61830866,55.7737067]]}},{"type":"Feature","properties":{"class":"secondary","oneway":1},"geometry":{"type":"LineString","coordinates":[[37.61830866,55.7737067],[37.61827648,55.77374291]]}},{"type":"Feature","properties":{"class":"secondary","oneway":1},"geometry":{"type":"LineString","coordinates":[[37.61827648,55.77374291],[37.6182282,55.77376705]]}},{"type":"Feature","properties":{"class":"secondary","oneway":1},"geometry":{"type":"LineString","coordinates":[[37.6182282,55.77376705],[37.61816382,55.77378213]]}},{"type":"Feature","properties":{"class":"secondary","oneway":1},"geometry":{"type":"LineString","coordinates":[[37.61816382,55.77378213],[37.61812627,55.77378213]]}},{"type":"Feature","properties":{"class":"minor","oneway":1},"geometry":{"type":"LineString","coordinates":[[37.62754619,55.77556229],[37.62742281,55.77487136]]}},{"type":"Feature","properties":{"class":"minor","oneway":1},"geometry":{"type":"LineString","coordinates":[[37.62742281,55.77487136],[37.62726724,55.77432826]]}},{"type":"Feature","properties":{"class":"minor","oneway":1},"geometry":{"type":"LineString","coordinates":[[37.62726724,55.77432826],[37.62712777,55.77378515]]}},{"type":"Feature","properties":{"class":"minor","oneway":1},"geometry":{"type":"LineString","coordinates":[[37.62712777,55.77378515],[37.62709558,55.77369765]]}},{"type":"Feature","properties":{"class":"minor","oneway":1},"geometry":{"type":"LineString","coordinates":[[37.6267308,55.76475339],[37.62786269,55.76467492]]}},{"type":"Feature","properties":{"class":"minor","oneway":1},"geometry":{"type":"LineString","coordinates":[[37.62786269,55.76467492],[37.62880683,55.76457834]]}},{"type":"Feature","properties":{"class":"tertiary","oneway":1},"geometry":{"type":"LineString","coordinates":[[37.6236999,55.76699568],[37.62366235,55.76698965]]}},{"type":"Feature","properties":{"class":"tertiary","oneway":1},"geometry":{"type":"LineString","coordinates":[[37.62366235,55.76698965],[37.62360871,55.7669655]]}},{"type":"Feature","properties":{"class":"tertiary","oneway":1},"geometry":{"type":"LineString","coordinates":[[37.62360871,55.7669655],[37.62356579,55.76692627]]}},{"type":"Feature","properties":{"class":"tertiary","oneway":1},"geometry":{"type":"LineString","coordinates":[[37.62356579,55.76692627],[37.6235497,55.76689911]]}},{"type":"Feature","properties":{"class":"tertiary","oneway":1},"geometry":{"type":"LineString","coordinates":[[37.6235497,55.76689911],[37.62344778,55.76668183]]}},{"type":"Feature","properties":{"class":"tertiary","oneway":1},"geometry":{"type":"LineString","coordinates":[[37.62344778,55.76668183],[37.62348533,55.76661242]]}},{"type":"Feature","properties":{"class":"minor","oneway":1},"geometry":{"type":"LineString","coordinates":[[37.62154877,55.76660035],[37.62151122,55.76665769]]}},{"type":"Feature","properties":{"class":"minor","oneway":1},"geometry":{"type":"LineString","coordinates":[[37.62151122,55.76665769],[37.62143075,55.76669692]]}},{"type":"Feature","properties":{"class":"minor","oneway":1},"geometry":{"type":"LineString","coordinates":[[37.62143075,55.76669692],[37.62137711,55.76670899]]}},{"type":"Feature","properties":{"class":"minor","oneway":1},"geometry":{"type":"LineString","coordinates":[[37.62137711,55.76670899],[37.62132347,55.76671201]]}},{"type":"Feature","properties":{"class":"minor","oneway":1},"geometry":{"type":"LineString","coordinates":[[37.62132347,55.76671201],[37.62126982,55.76670597]]}},{"type":"Feature","properties":{"class":"minor","oneway":1},"geometry":{"type":"LineString","coordinates":[[37.62126982,55.76670597],[37.62122154,55.7666939]]}},{"type":"Feature","properties":{"class":"secondary","oneway":1},"geometry":{"type":"LineString","coordinates":[[37.62302399,55.76669993],[37.62311518,55.7666939]]}},{"type":"Feature","properties":{"class":"secondary","oneway":1},"geometry":{"type":"LineString","coordinates":[[37.62311518,55.7666939],[37.62318492,55.76669993]]}},{"type":"Feature","properties":{"class":"secondary","oneway":1},"geometry":{"type":"LineString","coordinates":[[37.62318492,55.76669993],[37.62329221,55.76673313]]}},{"type":"Feature","properties":{"class":"secondary","oneway":1},"geometry":{"type":"LineString","coordinates":[[37.62329221,55.76673313],[37.6233834,55.76679952]]}},{"type":"Feature","properties":{"class":"secondary","oneway":1},"geometry":{"type":"LineString","coordinates":[[37.6233834,55.76679952],[37.62341559,55.76686591]]}},{"type":"Feature","properties":{"class":"secondary","oneway":1},"geometry":{"type":"LineString","coordinates":[[37.62341559,55.76686591],[37.62341559,55.76696852]]}},{"type":"Feature","properties":{"class":"secondary","oneway":1},"geometry":{"type":"LineString","coordinates":[[37.62341559,55.76696852],[37.62339413,55.76699568]]}},{"type":"Feature","properties":{"class":"secondary","oneway":1},"geometry":{"type":"LineString","coordinates":[[37.62339413,55.76699568],[37.62332976,55.76704397]]}},{"type":"Feature","properties":{"class":"secondary","oneway":1},"geometry":{"type":"LineString","coordinates":[[37.62069046,55.77455455],[37.62058854,55.77460283]]}},{"type":"Feature","properties":{"class":"secondary","oneway":1},"geometry":{"type":"LineString","coordinates":[[37.62058854,55.77460283],[37.62050807,55.77461489]]}},{"type":"Feature","properties":{"class":"secondary","oneway":1},"geometry":{"type":"LineString","coordinates":[[37.62050807,55.77461489],[37.62043297,55.77461188]]}},{"type":"Feature","properties":{"class":"secondary","oneway":1},"geometry":{"type":"LineString","coordinates":[[37.62043297,55.77461188],[37.62037396,55.77460283]]}},{"type":"Feature","properties":{"class":"secondary","oneway":1},"geometry":{"type":"LineString","coordinates":[[37.62037396,55.77460283],[37.62032032,55.77458774]]}},{"type":"Feature","properties":{"class":"secondary","oneway":1},"geometry":{"type":"LineString","coordinates":[[37.62032032,55.77458774],[37.62028277,55.77456662]]}},{"type":"Feature","properties":{"class":"secondary","oneway":1},"geometry":{"type":"LineString","coordinates":[[37.62028277,55.77456662],[37.62025058,55.77453343]]}},{"type":"Feature","properties":{"class":"secondary","oneway":1},"geometry":{"type":"LineString","coordinates":[[37.62025058,55.77453343],[37.62022913,55.77449421]]}},{"type":"Feature","properties":{"class":"secondary","oneway":1},"geometry":{"type":"LineString","coordinates":[[37.62022913,55.77449421],[37.62023985,55.77443688]]}},{"type":"Feature","properties":{"class":"minor","oneway":1},"geometry":{"type":"LineString","coordinates":[[37.62181699,55.77552608],[37.62130737,55.77548686]]}},{"type":"Feature","properties":{"class":"secondary","oneway":1},"geometry":{"type":"LineString","coordinates":[[37.62279332,55.76801569],[37.62271285,55.76818468]]}},{"type":"Feature","properties":{"class":"secondary","oneway":1},"geometry":{"type":"LineString","coordinates":[[37.62285769,55.76778634],[37.62279332,55.76801569]]}},{"type":"Feature","properties":{"class":"secondary","oneway":1},"geometry":{"type":"LineString","coordinates":[[37.62298107,55.76717675],[37.62285769,55.76778634]]}},{"type":"Feature","properties":{"class":"minor","oneway":1},"geometry":{"type":"LineString","coordinates":[[37.62377501,55.76657017],[37.62374282,55.7664736]]}},{"type":"Feature","properties":{"class":"tertiary","oneway":1},"geometry":{"type":"LineString","coordinates":[[37.63297498,55.7726959],[37.63296425,55.77266874]]}},{"type":"Feature","properties":{"class":"tertiary","oneway":1},"geometry":{"type":"LineString","coordinates":[[37.63296425,55.77266874],[37.63296962,55.77264159]]}},{"type":"Feature","properties":{"class":"tertiary","oneway":1},"geometry":{"type":"LineString","coordinates":[[37.63296962,55.77264159],[37.63299108,55.77261745]]}},{"type":"Feature","properties":{"class":"secondary","oneway":1},"geometry":{"type":"LineString","coordinates":[[37.63188064,55.77274418],[37.63192892,55.77274116]]}},{"type":"Feature","properties":{"class":"secondary","oneway":1},"geometry":{"type":"LineString","coordinates":[[37.63192892,55.77274116],[37.6319772,55.77275021]]}},{"type":"Feature","properties":{"class":"secondary","oneway":1},"geometry":{"type":"LineString","coordinates":[[37.6319772,55.77275021],[37.63201475,55.7727653]]}},{"type":"Feature","properties":{"class":"secondary","oneway":1},"geometry":{"type":"LineString","coordinates":[[37.63201475,55.7727653],[37.63204157,55.77278944]]}},{"type":"Feature","properties":{"class":"secondary","oneway":1},"geometry":{"type":"LineString","coordinates":[[37.63204157,55.77278944],[37.6320523,55.77281659]]}},{"type":"Feature","properties":{"class":"secondary","oneway":1},"geometry":{"type":"LineString","coordinates":[[37.6320523,55.77281659],[37.63204694,55.77284375]]}},{"type":"Feature","properties":{"class":"secondary","oneway":1},"geometry":{"type":"LineString","coordinates":[[37.63204694,55.77284375],[37.63202548,55.77286789]]}},{"type":"Feature","properties":{"class":"secondary","oneway":1},"geometry":{"type":"LineString","coordinates":[[37.63202548,55.77286789],[37.63199329,55.77288901]]}},{"type":"Feature","properties":{"class":"secondary","oneway":1},"geometry":{"type":"LineString","coordinates":[[37.63199329,55.77288901],[37.63194501,55.77289806]]}},{"type":"Feature","properties":{"class":"primary","oneway":1},"geometry":{"type":"LineString","coordinates":[[37.63263166,55.77294332],[37.63258874,55.77295539]]}},{"type":"Feature","properties":{"class":"primary","oneway":1},"geometry":{"type":"LineString","coordinates":[[37.63258874,55.77295539],[37.6325351,55.77298858]]}},{"type":"Feature","properties":{"class":"primary","oneway":1},"geometry":{"type":"LineString","coordinates":[[37.6325351,55.77298858],[37.63247073,55.77309117]]}},{"type":"Feature","properties":{"class":"minor","oneway":1},"geometry":{"type":"LineString","coordinates":[[37.6321435,55.76942494],[37.63222933,55.76939778]]}},{"type":"Feature","properties":{"class":"minor","oneway":1},"geometry":{"type":"LineString","coordinates":[[37.63222933,55.76939778],[37.6322937,55.76938571]]}},{"type":"Feature","properties":{"class":"minor","oneway":1},"geometry":{"type":"LineString","coordinates":[[37.6322937,55.76938571],[37.63234198,55.76938269]]}},{"type":"Feature","properties":{"class":"minor","oneway":1},"geometry":{"type":"LineString","coordinates":[[37.63245463,55.77066214],[37.63264775,55.77064404]]}},{"type":"Feature","properties":{"class":"minor","oneway":1},"geometry":{"type":"LineString","coordinates":[[37.63222933,55.76887271],[37.63215959,55.76887875]]}},{"type":"Feature","properties":{"class":"minor","oneway":1},"geometry":{"type":"LineString","coordinates":[[37.63215959,55.76887875],[37.63207912,55.76889987]]}},{"type":"Feature","properties":{"class":"minor","oneway":1},"geometry":{"type":"LineString","coordinates":[[37.63207912,55.76889987],[37.63201475,55.76894212]]}},{"type":"Feature","properties":{"class":"minor","oneway":1},"geometry":{"type":"LineString","coordinates":[[37.63191283,55.76855585],[37.63213813,55.76851663]]}},{"type":"Feature","properties":{"class":"minor","oneway":1},"geometry":{"type":"LineString","coordinates":[[37.6328516,55.76786782],[37.63192356,55.76803379]]}},{"type":"Feature","properties":{"class":"minor","oneway":1},"geometry":{"type":"LineString","coordinates":[[37.63179481,55.76806699],[37.63165534,55.76808208]]}},{"type":"Feature","properties":{"class":"minor","oneway":1},"geometry":{"type":"LineString","coordinates":[[37.63165534,55.76808208],[37.63113499,55.76808208]]}},{"type":"Feature","properties":{"class":"minor","oneway":1},"geometry":{"type":"LineString","coordinates":[[37.63113499,55.76808208],[37.63002992,55.7680519]]}},{"type":"Feature","properties":{"class":"minor","oneway":1},"geometry":{"type":"LineString","coordinates":[[37.63002992,55.7680519],[37.62908041,55.76800663]]}},{"type":"Feature","properties":{"class":"minor","oneway":1},"geometry":{"type":"LineString","coordinates":[[37.63163924,55.76751474],[37.63170898,55.76748456]]}},{"type":"Feature","properties":{"class":"minor","oneway":1},"geometry":{"type":"LineString","coordinates":[[37.63170898,55.76748456],[37.63175726,55.76747249]]}},{"type":"Feature","properties":{"class":"minor","oneway":1},"geometry":{"type":"LineString","coordinates":[[37.6299119,55.76849248],[37.63119936,55.76854982]]}},{"type":"Feature","properties":{"class":"minor","oneway":1},"geometry":{"type":"LineString","coordinates":[[37.63119936,55.76854982],[37.63176799,55.76856793]]}},{"type":"Feature","properties":{"class":"minor","oneway":1},"geometry":{"type":"LineString","coordinates":[[37.63176799,55.76856793],[37.631827,55.76856793]]}},{"type":"Feature","properties":{"class":"minor","oneway":1},"geometry":{"type":"LineString","coordinates":[[37.631827,55.76856793],[37.63191283,55.76855585]]}},{"type":"Feature","properties":{"class":"minor","oneway":1},"geometry":{"type":"LineString","coordinates":[[37.62446165,55.7686826],[37.62540579,55.76839592]]}},{"type":"Feature","properties":{"class":"minor","oneway":1},"geometry":{"type":"LineString","coordinates":[[37.62725651,55.76835367],[37.6299119,55.76849248]]}},{"type":"Feature","properties":{"class":"minor","oneway":1},"geometry":{"type":"LineString","coordinates":[[37.63227761,55.76987758],[37.63124228,55.76991982]]}},{"type":"Feature","properties":{"class":"minor","oneway":1},"geometry":{"type":"LineString","coordinates":[[37.63124228,55.76991982],[37.6309526,55.76992586]]}},{"type":"Feature","properties":{"class":"minor","oneway":1},"geometry":{"type":"LineString","coordinates":[[37.63113499,55.76944606],[37.63200939,55.76943701]]}},{"type":"Feature","properties":{"class":"minor","oneway":1},"geometry":{"type":"LineString","coordinates":[[37.63200939,55.76943701],[37.6321435,55.76942494]]}},{"type":"Feature","properties":{"class":"minor","oneway":1},"geometry":{"type":"LineString","coordinates":[[37.62559891,55.76894815],[37.62486398,55.76908696]]}},{"type":"Feature","properties":{"class":"minor","oneway":1},"geometry":{"type":"LineString","coordinates":[[37.63201475,55.76894212],[37.63195038,55.76897833]]}},{"type":"Feature","properties":{"class":"minor","oneway":1},"geometry":{"type":"LineString","coordinates":[[37.63195038,55.76897833],[37.63187528,55.76899643]]}},{"type":"Feature","properties":{"class":"minor","oneway":1},"geometry":{"type":"LineString","coordinates":[[37.63187528,55.76899643],[37.63151586,55.76899643]]}},{"type":"Feature","properties":{"class":"minor","oneway":1},"geometry":{"type":"LineString","coordinates":[[37.63151586,55.76899643],[37.63108134,55.76898738]]}},{"type":"Feature","properties":{"class":"minor","oneway":1},"geometry":{"type":"LineString","coordinates":[[37.63108134,55.76898738],[37.62985289,55.7689391]]}},{"type":"Feature","properties":{"class":"minor","oneway":1},"geometry":{"type":"LineString","coordinates":[[37.63245463,55.77180878],[37.6329267,55.77180878]]}},{"type":"Feature","properties":{"class":"minor","oneway":1},"geometry":{"type":"LineString","coordinates":[[37.63175726,55.76747249],[37.63242245,55.76738498]]}},{"type":"Feature","properties":{"class":"minor","oneway":1},"geometry":{"type":"LineString","coordinates":[[37.63192356,55.76803379],[37.63179481,55.76806699]]}},{"type":"Feature","properties":{"class":"minor","oneway":1},"geometry":{"type":"LineString","coordinates":[[37.63264775,55.77064404],[37.63285697,55.7706199]]}},{"type":"Feature","properties":{"class":"minor","oneway":1},"geometry":{"type":"LineString","coordinates":[[37.6326102,55.77000733],[37.6325351,55.77001035]]}},{"type":"Feature","properties":{"class":"minor","oneway":1},"geometry":{"type":"LineString","coordinates":[[37.63287306,55.76999225],[37.6326102,55.77000733]]}},{"type":"Feature","properties":{"class":"minor","oneway":1},"geometry":{"type":"LineString","coordinates":[[37.63234198,55.76938269],[37.63280332,55.76934346]]}},{"type":"Feature","properties":{"class":"minor","oneway":1},"geometry":{"type":"LineString","coordinates":[[37.63264775,55.76883952],[37.63222933,55.76887271]]}},{"type":"Feature","properties":{"class":"minor","oneway":1},"geometry":{"type":"LineString","coordinates":[[37.61852324,55.76407434],[37.61948347,55.76411659]]}},{"type":"Feature","properties":{"class":"minor","oneway":1},"geometry":{"type":"LineString","coordinates":[[37.61739135,55.76402907],[37.61852324,55.76407434]]}},{"type":"Feature","properties":{"class":"minor","oneway":1},"geometry":{"type":"LineString","coordinates":[[37.61775613,55.76729746],[37.61790633,55.76738799]]}},{"type":"Feature","properties":{"class":"minor","oneway":1},"geometry":{"type":"LineString","coordinates":[[37.61747718,55.76713148],[37.61775613,55.76729746]]}},{"type":"Feature","properties":{"class":"minor","oneway":1},"geometry":{"type":"LineString","coordinates":[[37.61684418,55.76673615],[37.61704266,55.76685988]]}},{"type":"Feature","properties":{"class":"minor","oneway":1},"geometry":{"type":"LineString","coordinates":[[37.62353897,55.76411659],[37.62353897,55.76402001]]}},{"type":"Feature","properties":{"class":"minor","oneway":1},"geometry":{"type":"LineString","coordinates":[[37.62357652,55.76500388],[37.62354434,55.76441537]]}},{"type":"Feature","properties":{"class":"minor","oneway":1},"geometry":{"type":"LineString","coordinates":[[37.62354434,55.76441537],[37.62353897,55.76411659]]}},{"type":"Feature","properties":{"class":"minor","oneway":1},"geometry":{"type":"LineString","coordinates":[[37.62359262,55.76580967],[37.62358725,55.76556823]]}},{"type":"Feature","properties":{"class":"minor","oneway":1},"geometry":{"type":"LineString","coordinates":[[37.62358725,55.76556823],[37.62357652,55.76500388]]}},{"type":"Feature","properties":{"class":"minor","oneway":1},"geometry":{"type":"LineString","coordinates":[[37.62370527,55.76635892],[37.62364626,55.7661537]]}},{"type":"Feature","properties":{"class":"minor","oneway":1},"geometry":{"type":"LineString","coordinates":[[37.62374282,55.7664736],[37.62370527,55.76635892]]}},{"type":"Feature","properties":{"class":"minor","oneway":1},"geometry":{"type":"LineString","coordinates":[[37.62880683,55.76457834],[37.62908041,55.76454213]]}},{"type":"Feature","properties":{"class":"minor","oneway":1},"geometry":{"type":"LineString","coordinates":[[37.62076557,55.76535396],[37.62056708,55.7653781]]}},{"type":"Feature","properties":{"class":"minor","oneway":1},"geometry":{"type":"LineString","coordinates":[[37.62056708,55.7653781],[37.6204437,55.76541734]]}},{"type":"Feature","properties":{"class":"minor","oneway":1},"geometry":{"type":"LineString","coordinates":[[37.62357652,55.76500388],[37.62251437,55.76513667]]}},{"type":"Feature","properties":{"class":"minor","oneway":1},"geometry":{"type":"LineString","coordinates":[[37.62908041,55.76454213],[37.6295954,55.7644697]]}},{"type":"Feature","properties":{"class":"minor","oneway":1},"geometry":{"type":"LineString","coordinates":[[37.6295954,55.7644697],[37.62972414,55.76444253]]}},{"type":"Feature","properties":{"class":"minor","oneway":1},"geometry":{"type":"LineString","coordinates":[[37.62220323,55.76456024],[37.62292743,55.76447875]]}},{"type":"Feature","properties":{"class":"minor","oneway":1},"geometry":{"type":"LineString","coordinates":[[37.62292743,55.76447875],[37.62354434,55.76441537]]}},{"type":"Feature","properties":{"class":"minor","oneway":1},"geometry":{"type":"LineString","coordinates":[[37.61851251,55.77553212],[37.61866808,55.77553212]]}},{"type":"Feature","properties":{"class":"minor","oneway":1},"geometry":{"type":"LineString","coordinates":[[37.61783123,55.77553212],[37.61819065,55.77553212]]}},{"type":"Feature","properties":{"class":"minor","oneway":1},"geometry":{"type":"LineString","coordinates":[[37.61743426,55.77553212],[37.61755764,55.77553212]]}},{"type":"Feature","properties":{"class":"minor","oneway":1},"geometry":{"type":"LineString","coordinates":[[37.61755764,55.77553212],[37.61783123,55.77553212]]}},{"type":"Feature","properties":{"class":"minor","oneway":1},"geometry":{"type":"LineString","coordinates":[[37.61684418,55.77553513],[37.61693537,55.77553212]]}},{"type":"Feature","properties":{"class":"minor","oneway":1},"geometry":{"type":"LineString","coordinates":[[37.61701047,55.77456662],[37.61684418,55.77457265]]}},{"type":"Feature","properties":{"class":"minor","oneway":1},"geometry":{"type":"LineString","coordinates":[[37.61770248,55.77456964],[37.61741817,55.77456058]]}},{"type":"Feature","properties":{"class":"minor","oneway":1},"geometry":{"type":"LineString","coordinates":[[37.61741817,55.77456058],[37.61720359,55.7745636]]}},{"type":"Feature","properties":{"class":"minor","oneway":1},"geometry":{"type":"LineString","coordinates":[[37.61866271,55.77463602],[37.61770248,55.77456964]]}},{"type":"Feature","properties":{"class":"minor","oneway":1},"geometry":{"type":"LineString","coordinates":[[37.61879683,55.77464205],[37.61866271,55.77463602]]}},{"type":"Feature","properties":{"class":"tertiary","oneway":1},"geometry":{"type":"LineString","coordinates":[[37.62132347,55.76701681],[37.62137711,55.76697154]]}},{"type":"Feature","properties":{"class":"tertiary","oneway":1},"geometry":{"type":"LineString","coordinates":[[37.62137711,55.76697154],[37.6213932,55.76694438]]}},{"type":"Feature","properties":{"class":"tertiary","oneway":1},"geometry":{"type":"LineString","coordinates":[[37.6213932,55.76694438],[37.62140393,55.76690213]]}},{"type":"Feature","properties":{"class":"tertiary","oneway":1},"geometry":{"type":"LineString","coordinates":[[37.62140393,55.76690213],[37.62138784,55.76687799]]}},{"type":"Feature","properties":{"class":"tertiary","oneway":1},"geometry":{"type":"LineString","coordinates":[[37.62138784,55.76687799],[37.61989653,55.7652604]]}},{"type":"Feature","properties":{"class":"tertiary","oneway":1},"geometry":{"type":"LineString","coordinates":[[37.619977,55.76480771],[37.61988044,55.76484694]]}},{"type":"Feature","properties":{"class":"tertiary","oneway":1},"geometry":{"type":"LineString","coordinates":[[37.61988044,55.76484694],[37.61982143,55.76486203]]}},{"type":"Feature","properties":{"class":"tertiary","oneway":1},"geometry":{"type":"LineString","coordinates":[[37.61982143,55.76486203],[37.61946738,55.76488014]]}},{"type":"Feature","properties":{"class":"tertiary","oneway":1},"geometry":{"type":"LineString","coordinates":[[37.6202023,55.76516081],[37.62154877,55.76660035]]}},{"type":"Feature","properties":{"class":"tertiary","oneway":1},"geometry":{"type":"LineString","coordinates":[[37.61989653,55.7652604],[37.6196444,55.76497973]]}},{"type":"Feature","properties":{"class":"tertiary","oneway":1},"geometry":{"type":"LineString","coordinates":[[37.6196444,55.76497973],[37.61952639,55.76489825]]}},{"type":"Feature","properties":{"class":"tertiary","oneway":1},"geometry":{"type":"LineString","coordinates":[[37.61952639,55.76489825],[37.61946738,55.76488014]]}},{"type":"Feature","properties":{"class":"tertiary","oneway":1},"geometry":{"type":"LineString","coordinates":[[37.61840522,55.7648892],[37.61802971,55.76489221]]}},{"type":"Feature","properties":{"class":"tertiary","oneway":1},"geometry":{"type":"LineString","coordinates":[[37.61802971,55.76489221],[37.61783123,55.76488316]]}},{"type":"Feature","properties":{"class":"tertiary","oneway":1},"geometry":{"type":"LineString","coordinates":[[37.61783123,55.76488316],[37.6174289,55.76484694]]}},{"type":"Feature","properties":{"class":"tertiary","oneway":1},"geometry":{"type":"LineString","coordinates":[[37.6174289,55.76484694],[37.61684418,55.76478055]]}},{"type":"Feature","properties":{"class":"tertiary","oneway":1},"geometry":{"type":"LineString","coordinates":[[37.61684418,55.7644697],[37.61712313,55.76402001]]}},{"type":"Feature","properties":{"class":"tertiary","oneway":1},"geometry":{"type":"LineString","coordinates":[[37.63027668,55.77313341],[37.63020158,55.77315454]]}},{"type":"Feature","properties":{"class":"tertiary","oneway":1},"geometry":{"type":"LineString","coordinates":[[37.63020158,55.77315454],[37.63012648,55.77318471]]}},{"type":"Feature","properties":{"class":"tertiary","oneway":1},"geometry":{"type":"LineString","coordinates":[[37.63012648,55.77318471],[37.62993336,55.77329937]]}},{"type":"Feature","properties":{"class":"tertiary","oneway":1},"geometry":{"type":"LineString","coordinates":[[37.62993336,55.77329937],[37.62985826,55.77332049]]}},{"type":"Feature","properties":{"class":"tertiary","oneway":1},"geometry":{"type":"LineString","coordinates":[[37.62538433,55.77073456],[37.62541652,55.77049014]]}},{"type":"Feature","properties":{"class":"tertiary","oneway":1},"geometry":{"type":"LineString","coordinates":[[37.6238662,55.7675419],[37.62359798,55.76701077]]}},{"type":"Feature","properties":{"class":"tertiary","oneway":1},"geometry":{"type":"LineString","coordinates":[[37.62410223,55.7680006],[37.6238662,55.7675419]]}},{"type":"Feature","properties":{"class":"tertiary","oneway":1},"geometry":{"type":"LineString","coordinates":[[37.62541652,55.77049014],[37.62541652,55.77042979]]}},{"type":"Feature","properties":{"class":"tertiary","oneway":1},"geometry":{"type":"LineString","coordinates":[[37.62541652,55.77042979],[37.62519121,55.76950943]]}},{"type":"Feature","properties":{"class":"tertiary","oneway":1},"geometry":{"type":"LineString","coordinates":[[37.62519121,55.76950943],[37.62516439,55.76942796]]}},{"type":"Feature","properties":{"class":"tertiary","oneway":1},"geometry":{"type":"LineString","coordinates":[[37.62516439,55.76942796],[37.62512147,55.76936459]]}},{"type":"Feature","properties":{"class":"tertiary","oneway":1},"geometry":{"type":"LineString","coordinates":[[37.62512147,55.76936459],[37.62486398,55.76908696]]}},{"type":"Feature","properties":{"class":"tertiary","oneway":1},"geometry":{"type":"LineString","coordinates":[[37.62461185,55.77348342],[37.62464941,55.77337782]]}},{"type":"Feature","properties":{"class":"tertiary","oneway":1},"geometry":{"type":"LineString","coordinates":[[37.62464941,55.77337782],[37.62494981,55.77231571]]}},{"type":"Feature","properties":{"class":"tertiary","oneway":1},"geometry":{"type":"LineString","coordinates":[[37.62494981,55.77231571],[37.6252234,55.77139841]]}},{"type":"Feature","properties":{"class":"tertiary","oneway":1},"geometry":{"type":"LineString","coordinates":[[37.6252234,55.77139841],[37.62538433,55.77073456]]}},{"type":"Feature","properties":{"class":"tertiary","oneway":1},"geometry":{"type":"LineString","coordinates":[[37.62446165,55.7686826],[37.62410223,55.7680006]]}},{"type":"Feature","properties":{"class":"tertiary","oneway":1},"geometry":{"type":"LineString","coordinates":[[37.62633383,55.77376403],[37.62566328,55.77378817]]}},{"type":"Feature","properties":{"class":"tertiary","oneway":1},"geometry":{"type":"LineString","coordinates":[[37.62566328,55.77378817],[37.62527168,55.77377912]]}},{"type":"Feature","properties":{"class":"tertiary","oneway":1},"geometry":{"type":"LineString","coordinates":[[37.62805045,55.77357092],[37.6277715,55.77362524]]}},{"type":"Feature","properties":{"class":"tertiary","oneway":1},"geometry":{"type":"LineString","coordinates":[[37.6277715,55.77362524],[37.62709558,55.77369765]]}},{"type":"Feature","properties":{"class":"tertiary","oneway":1},"geometry":{"type":"LineString","coordinates":[[37.62709558,55.77369765],[37.62684345,55.77371877]]}},{"type":"Feature","properties":{"class":"tertiary","oneway":1},"geometry":{"type":"LineString","coordinates":[[37.62486398,55.76908696],[37.62446165,55.7686826]]}},{"type":"Feature","properties":{"class":"tertiary","oneway":1},"geometry":{"type":"LineString","coordinates":[[37.6186198,55.76488618],[37.61840522,55.7648892]]}},{"type":"Feature","properties":{"class":"tertiary","oneway":1},"geometry":{"type":"LineString","coordinates":[[37.61946738,55.76488014],[37.6186198,55.76488618]]}},{"type":"Feature","properties":{"class":"tertiary","oneway":1},"geometry":{"type":"LineString","coordinates":[[37.61999846,55.76402001],[37.61999309,55.7641347]]}},{"type":"Feature","properties":{"class":"tertiary","oneway":1},"geometry":{"type":"LineString","coordinates":[[37.619977,55.76480771],[37.62002528,55.76491636]]}},{"type":"Feature","properties":{"class":"tertiary","oneway":1},"geometry":{"type":"LineString","coordinates":[[37.62002528,55.76491636],[37.6202023,55.76516081]]}},{"type":"Feature","properties":{"class":"tertiary","oneway":1},"geometry":{"type":"LineString","coordinates":[[37.61999309,55.7641347],[37.61996627,55.76466285]]}},{"type":"Feature","properties":{"class":"tertiary","oneway":1},"geometry":{"type":"LineString","coordinates":[[37.61996627,55.76466285],[37.61996627,55.7647564]]}},{"type":"Feature","properties":{"class":"tertiary","oneway":1},"geometry":{"type":"LineString","coordinates":[[37.61996627,55.7647564],[37.619977,55.76480771]]}},{"type":"Feature","properties":{"class":"tertiary","oneway":1},"geometry":{"type":"LineString","coordinates":[[37.62684345,55.77371877],[37.62633383,55.77376403]]}},{"type":"Feature","properties":{"class":"tertiary","oneway":1},"geometry":{"type":"LineString","coordinates":[[37.62866199,55.77349247],[37.62805045,55.77357092]]}},{"type":"Feature","properties":{"class":"tertiary","oneway":1},"geometry":{"type":"LineString","coordinates":[[37.62926817,55.77340799],[37.62883902,55.77346834]]}},{"type":"Feature","properties":{"class":"tertiary","oneway":1},"geometry":{"type":"LineString","coordinates":[[37.62883902,55.77346834],[37.62866199,55.77349247]]}},{"type":"Feature","properties":{"class":"tertiary","oneway":1},"geometry":{"type":"LineString","coordinates":[[37.62985826,55.77332049],[37.62926817,55.77340799]]}},{"type":"Feature","properties":{"class":"tertiary","oneway":1},"geometry":{"type":"LineString","coordinates":[[37.62884974,55.77359205],[37.62889802,55.77402352]]}},{"type":"Feature","properties":{"class":"tertiary","oneway":1},"geometry":{"type":"LineString","coordinates":[[37.62883902,55.77346834],[37.62884974,55.77359205]]}},{"type":"Feature","properties":{"class":"tertiary","oneway":1},"geometry":{"type":"LineString","coordinates":[[37.62882829,55.77530885],[37.62882829,55.77551401]]}},{"type":"Feature","properties":{"class":"tertiary","oneway":1},"geometry":{"type":"LineString","coordinates":[[37.6288873,55.77487437],[37.62882829,55.77530885]]}},{"type":"Feature","properties":{"class":"tertiary","oneway":1},"geometry":{"type":"LineString","coordinates":[[37.62890339,55.77475972],[37.6288873,55.77487437]]}},{"type":"Feature","properties":{"class":"tertiary","oneway":1},"geometry":{"type":"LineString","coordinates":[[37.62890339,55.77408688],[37.62893021,55.77454852]]}},{"type":"Feature","properties":{"class":"tertiary","oneway":1},"geometry":{"type":"LineString","coordinates":[[37.62893021,55.77454852],[37.62890339,55.77475972]]}},{"type":"Feature","properties":{"class":"tertiary","oneway":1},"geometry":{"type":"LineString","coordinates":[[37.62889802,55.77402352],[37.62890339,55.77408688]]}},{"type":"Feature","properties":{"class":"tertiary","oneway":1},"geometry":{"type":"LineString","coordinates":[[37.62154877,55.76660035],[37.62176335,55.76683272]]}},{"type":"Feature","properties":{"class":"tertiary","oneway":1},"geometry":{"type":"LineString","coordinates":[[37.62176335,55.76683272],[37.62182236,55.76692929]]}},{"type":"Feature","properties":{"class":"secondary","oneway":1},"geometry":{"type":"LineString","coordinates":[[37.62110889,55.76737592],[37.62115717,55.76716166]]}},{"type":"Feature","properties":{"class":"secondary","oneway":1},"geometry":{"type":"LineString","coordinates":[[37.62150586,55.77387265],[37.62122691,55.77411403]]}},{"type":"Feature","properties":{"class":"secondary","oneway":1},"geometry":{"type":"LineString","coordinates":[[37.62026131,55.77435843],[37.62042224,55.77400541]]}},{"type":"Feature","properties":{"class":"secondary","oneway":1},"geometry":{"type":"LineString","coordinates":[[37.62042224,55.77400541],[37.62044907,55.77396015]]}},{"type":"Feature","properties":{"class":"secondary","oneway":1},"geometry":{"type":"LineString","coordinates":[[37.62044907,55.77396015],[37.62052953,55.77385757]]}},{"type":"Feature","properties":{"class":"secondary","oneway":1},"geometry":{"type":"LineString","coordinates":[[37.61892021,55.77380627],[37.61812627,55.77378213]]}},{"type":"Feature","properties":{"class":"secondary","oneway":1},"geometry":{"type":"LineString","coordinates":[[37.62150586,55.77387265],[37.62052953,55.77385757]]}},{"type":"Feature","properties":{"class":"secondary","oneway":1},"geometry":{"type":"LineString","coordinates":[[37.62052953,55.77385757],[37.62059927,55.77377308]]}},{"type":"Feature","properties":{"class":"secondary","oneway":1},"geometry":{"type":"LineString","coordinates":[[37.62059927,55.77377308],[37.62069046,55.77368256]]}},{"type":"Feature","properties":{"class":"secondary","oneway":1},"geometry":{"type":"LineString","coordinates":[[37.62069046,55.77368256],[37.62087822,55.77353773]]}},{"type":"Feature","properties":{"class":"secondary","oneway":1},"geometry":{"type":"LineString","coordinates":[[37.61684418,55.77340799],[37.61812627,55.77345627]]}},{"type":"Feature","properties":{"class":"secondary","oneway":1},"geometry":{"type":"LineString","coordinates":[[37.62096941,55.77344721],[37.62099624,55.77339592]]}},{"type":"Feature","properties":{"class":"secondary","oneway":1},"geometry":{"type":"LineString","coordinates":[[37.62099624,55.77339592],[37.62101769,55.77332351]]}},{"type":"Feature","properties":{"class":"secondary","oneway":1},"geometry":{"type":"LineString","coordinates":[[37.62101769,55.77332351],[37.62102842,55.77318169]]}},{"type":"Feature","properties":{"class":"secondary","oneway":1},"geometry":{"type":"LineString","coordinates":[[37.62102842,55.77318169],[37.62106061,55.77191439]]}},{"type":"Feature","properties":{"class":"secondary","oneway":1},"geometry":{"type":"LineString","coordinates":[[37.62106061,55.77191439],[37.62106597,55.77031814]]}},{"type":"Feature","properties":{"class":"secondary","oneway":1},"geometry":{"type":"LineString","coordinates":[[37.62106597,55.77031814],[37.62109816,55.76771391]]}},{"type":"Feature","properties":{"class":"secondary","oneway":1},"geometry":{"type":"LineString","coordinates":[[37.62209594,55.76722503],[37.62216568,55.76730048]]}},{"type":"Feature","properties":{"class":"secondary","oneway":1},"geometry":{"type":"LineString","coordinates":[[37.62182236,55.76692929],[37.62197793,55.76710734]]}},{"type":"Feature","properties":{"class":"secondary","oneway":1},"geometry":{"type":"LineString","coordinates":[[37.62197793,55.76710734],[37.62209594,55.76722503]]}},{"type":"Feature","properties":{"class":"secondary","oneway":1},"geometry":{"type":"LineString","coordinates":[[37.63009965,55.76639211],[37.63112962,55.76639211]]}},{"type":"Feature","properties":{"class":"secondary","oneway":1},"geometry":{"type":"LineString","coordinates":[[37.63112962,55.76639211],[37.63134956,55.76638004]]}},{"type":"Feature","properties":{"class":"secondary","oneway":1},"geometry":{"type":"LineString","coordinates":[[37.63134956,55.76638004],[37.63154805,55.76636495]]}},{"type":"Feature","properties":{"class":"secondary","oneway":1},"geometry":{"type":"LineString","coordinates":[[37.63154805,55.76636495],[37.63256192,55.76631365]]}},{"type":"Feature","properties":{"class":"secondary","oneway":1},"geometry":{"type":"LineString","coordinates":[[37.63150513,55.76687195],[37.63150513,55.76701379]]}},{"type":"Feature","properties":{"class":"secondary","oneway":1},"geometry":{"type":"LineString","coordinates":[[37.63150513,55.76701379],[37.63163924,55.76751474]]}},{"type":"Feature","properties":{"class":"secondary","oneway":1},"geometry":{"type":"LineString","coordinates":[[37.63134956,55.76638004],[37.63147831,55.76652792]]}},{"type":"Feature","properties":{"class":"secondary","oneway":1},"geometry":{"type":"LineString","coordinates":[[37.63147831,55.76652792],[37.63154805,55.76674218]]}},{"type":"Feature","properties":{"class":"secondary","oneway":1},"geometry":{"type":"LineString","coordinates":[[37.63154805,55.76674218],[37.63150513,55.76687195]]}},{"type":"Feature","properties":{"class":"secondary","oneway":1},"geometry":{"type":"LineString","coordinates":[[37.63150513,55.76687195],[37.63137102,55.76684479]]}},{"type":"Feature","properties":{"class":"secondary","oneway":1},"geometry":{"type":"LineString","coordinates":[[37.63137102,55.76684479],[37.63088822,55.76678443]]}},{"type":"Feature","properties":{"class":"secondary","oneway":1},"geometry":{"type":"LineString","coordinates":[[37.63088822,55.76678443],[37.63026059,55.76672408]]}},{"type":"Feature","properties":{"class":"secondary","oneway":1},"geometry":{"type":"LineString","coordinates":[[37.63026059,55.76672408],[37.6300782,55.76671201]]}},{"type":"Feature","properties":{"class":"secondary","oneway":1},"geometry":{"type":"LineString","coordinates":[[37.62161851,55.77353773],[37.62281477,55.77353773]]}},{"type":"Feature","properties":{"class":"secondary","oneway":1},"geometry":{"type":"LineString","coordinates":[[37.62281477,55.77353773],[37.62378037,55.77351661]]}},{"type":"Feature","properties":{"class":"secondary","oneway":1},"geometry":{"type":"LineString","coordinates":[[37.62378037,55.77351661],[37.62431681,55.77349851]]}},{"type":"Feature","properties":{"class":"secondary","oneway":1},"geometry":{"type":"LineString","coordinates":[[37.62431681,55.77349851],[37.62507856,55.77345627]]}},{"type":"Feature","properties":{"class":"secondary","oneway":1},"geometry":{"type":"LineString","coordinates":[[37.62507856,55.77345627],[37.6258564,55.77340196]]}},{"type":"Feature","properties":{"class":"secondary","oneway":1},"geometry":{"type":"LineString","coordinates":[[37.6258564,55.77340196],[37.6271224,55.77335066]]}},{"type":"Feature","properties":{"class":"secondary","oneway":1},"geometry":{"type":"LineString","coordinates":[[37.6271224,55.77335066],[37.62819529,55.77326014]]}},{"type":"Feature","properties":{"class":"secondary","oneway":1},"geometry":{"type":"LineString","coordinates":[[37.62302399,55.76669993],[37.62348533,55.76661242]]}},{"type":"Feature","properties":{"class":"secondary","oneway":1},"geometry":{"type":"LineString","coordinates":[[37.62115717,55.76716166],[37.62118399,55.76711639]]}},{"type":"Feature","properties":{"class":"secondary","oneway":1},"geometry":{"type":"LineString","coordinates":[[37.62118399,55.76711639],[37.62121618,55.76708621]]}},{"type":"Feature","properties":{"class":"secondary","oneway":1},"geometry":{"type":"LineString","coordinates":[[37.62121618,55.76708621],[37.62132347,55.76701681]]}},{"type":"Feature","properties":{"class":"secondary","oneway":1},"geometry":{"type":"LineString","coordinates":[[37.62110889,55.76737592],[37.61684418,55.76800965]]}},{"type":"Feature","properties":{"class":"secondary","oneway":1},"geometry":{"type":"LineString","coordinates":[[37.61892021,55.77380627],[37.61894166,55.77357394]]}},{"type":"Feature","properties":{"class":"secondary","oneway":1},"geometry":{"type":"LineString","coordinates":[[37.61894166,55.77357394],[37.61895776,55.77354075]]}},{"type":"Feature","properties":{"class":"secondary","oneway":1},"geometry":{"type":"LineString","coordinates":[[37.61895776,55.77354075],[37.61898994,55.7735136]]}},{"type":"Feature","properties":{"class":"secondary","oneway":1},"geometry":{"type":"LineString","coordinates":[[37.61898994,55.7735136],[37.61901677,55.77350454]]}},{"type":"Feature","properties":{"class":"secondary","oneway":1},"geometry":{"type":"LineString","coordinates":[[37.61901677,55.77350454],[37.61911333,55.77349247]]}},{"type":"Feature","properties":{"class":"secondary","oneway":1},"geometry":{"type":"LineString","coordinates":[[37.63257802,55.77265064],[37.63256192,55.77272607]]}},{"type":"Feature","properties":{"class":"secondary","oneway":1},"geometry":{"type":"LineString","coordinates":[[37.63256192,55.77272607],[37.63250828,55.77282564]]}},{"type":"Feature","properties":{"class":"secondary","oneway":1},"geometry":{"type":"LineString","coordinates":[[37.62132347,55.76701681],[37.62182236,55.76692929]]}},{"type":"Feature","properties":{"class":"secondary","oneway":1},"geometry":{"type":"LineString","coordinates":[[37.62161851,55.77353773],[37.62158096,55.7737067]]}},{"type":"Feature","properties":{"class":"secondary","oneway":1},"geometry":{"type":"LineString","coordinates":[[37.62158096,55.7737067],[37.62154341,55.77381834]]}},{"type":"Feature","properties":{"class":"secondary","oneway":1},"geometry":{"type":"LineString","coordinates":[[37.62154341,55.77381834],[37.62150586,55.77387265]]}},{"type":"Feature","properties":{"class":"secondary","oneway":1},"geometry":{"type":"LineString","coordinates":[[37.61993945,55.77593641],[37.61995018,55.77566789]]}},{"type":"Feature","properties":{"class":"secondary","oneway":1},"geometry":{"type":"LineString","coordinates":[[37.61995018,55.77566789],[37.61997163,55.77549591]]}},{"type":"Feature","properties":{"class":"secondary","oneway":1},"geometry":{"type":"LineString","coordinates":[[37.61997163,55.77549591],[37.62007356,55.77496187]]}},{"type":"Feature","properties":{"class":"secondary","oneway":1},"geometry":{"type":"LineString","coordinates":[[37.62007356,55.77496187],[37.62015402,55.77466619]]}},{"type":"Feature","properties":{"class":"secondary","oneway":1},"geometry":{"type":"LineString","coordinates":[[37.62015402,55.77466619],[37.62023985,55.77443688]]}},{"type":"Feature","properties":{"class":"secondary","oneway":1},"geometry":{"type":"LineString","coordinates":[[37.62359798,55.76701077],[37.62332976,55.76704397]]}},{"type":"Feature","properties":{"class":"secondary","oneway":1},"geometry":{"type":"LineString","coordinates":[[37.61911333,55.77349247],[37.61976779,55.7735136]]}},{"type":"Feature","properties":{"class":"secondary","oneway":1},"geometry":{"type":"LineString","coordinates":[[37.62938619,55.76402001],[37.62972414,55.76444253]]}},{"type":"Feature","properties":{"class":"secondary","oneway":1},"geometry":{"type":"LineString","coordinates":[[37.6321435,55.76942494],[37.63217568,55.76953357]]}},{"type":"Feature","properties":{"class":"secondary","oneway":1},"geometry":{"type":"LineString","coordinates":[[37.62087822,55.77353773],[37.62161851,55.77353773]]}},{"type":"Feature","properties":{"class":"secondary","oneway":1},"geometry":{"type":"LineString","coordinates":[[37.61812627,55.77345627],[37.61911333,55.77349247]]}},{"type":"Feature","properties":{"class":"secondary","oneway":1},"geometry":{"type":"LineString","coordinates":[[37.61812627,55.77378213],[37.61684418,55.77373989]]}},{"type":"Feature","properties":{"class":"secondary","oneway":1},"geometry":{"type":"LineString","coordinates":[[37.62052953,55.77385757],[37.61892021,55.77380627]]}},{"type":"Feature","properties":{"class":"secondary","oneway":1},"geometry":{"type":"LineString","coordinates":[[37.62786806,55.7734623],[37.62736917,55.77354075]]}},{"type":"Feature","properties":{"class":"secondary","oneway":1},"geometry":{"type":"LineString","coordinates":[[37.62736917,55.77354075],[37.62605488,55.77371877]]}},{"type":"Feature","properties":{"class":"secondary","oneway":1},"geometry":{"type":"LineString","coordinates":[[37.62605488,55.77371877],[37.62527168,55.77377912]]}},{"type":"Feature","properties":{"class":"secondary","oneway":1},"geometry":{"type":"LineString","coordinates":[[37.62527168,55.77377912],[37.62492299,55.77380024]]}},{"type":"Feature","properties":{"class":"secondary","oneway":1},"geometry":{"type":"LineString","coordinates":[[37.62492299,55.77380024],[37.62461185,55.77381532]]}},{"type":"Feature","properties":{"class":"secondary","oneway":1},"geometry":{"type":"LineString","coordinates":[[37.62461185,55.77381532],[37.62371063,55.7738455]]}},{"type":"Feature","properties":{"class":"secondary","oneway":1},"geometry":{"type":"LineString","coordinates":[[37.62332976,55.76704397],[37.62244999,55.7671677]]}},{"type":"Feature","properties":{"class":"secondary","oneway":1},"geometry":{"type":"LineString","coordinates":[[37.62244999,55.7671677],[37.62209594,55.76722503]]}},{"type":"Feature","properties":{"class":"secondary","oneway":1},"geometry":{"type":"LineString","coordinates":[[37.62348533,55.76661242],[37.62377501,55.76657017]]}},{"type":"Feature","properties":{"class":"secondary","oneway":1},"geometry":{"type":"LineString","coordinates":[[37.62225688,55.77034832],[37.62212813,55.77094881]]}},{"type":"Feature","properties":{"class":"secondary","oneway":1},"geometry":{"type":"LineString","coordinates":[[37.62018621,55.77534807],[37.62014329,55.77552608]]}},{"type":"Feature","properties":{"class":"secondary","oneway":1},"geometry":{"type":"LineString","coordinates":[[37.62014329,55.77552608],[37.62013257,55.77566185]]}},{"type":"Feature","properties":{"class":"secondary","oneway":1},"geometry":{"type":"LineString","coordinates":[[37.62013257,55.77566185],[37.62013257,55.77592434]]}},{"type":"Feature","properties":{"class":"secondary","oneway":1},"geometry":{"type":"LineString","coordinates":[[37.6300782,55.76671201],[37.62943983,55.76667579]]}},{"type":"Feature","properties":{"class":"secondary","oneway":1},"geometry":{"type":"LineString","coordinates":[[37.62943983,55.76667579],[37.62858152,55.7666426]]}},{"type":"Feature","properties":{"class":"secondary","oneway":1},"geometry":{"type":"LineString","coordinates":[[37.62858152,55.7666426],[37.6276052,55.76662751]]}},{"type":"Feature","properties":{"class":"secondary","oneway":1},"geometry":{"type":"LineString","coordinates":[[37.6276052,55.76662751],[37.62694538,55.76663354]]}},{"type":"Feature","properties":{"class":"secondary","oneway":1},"geometry":{"type":"LineString","coordinates":[[37.62694538,55.76663354],[37.62668252,55.76665467]]}},{"type":"Feature","properties":{"class":"secondary","oneway":1},"geometry":{"type":"LineString","coordinates":[[37.62668252,55.76665467],[37.62596369,55.76673011]]}},{"type":"Feature","properties":{"class":"secondary","oneway":1},"geometry":{"type":"LineString","coordinates":[[37.62166679,55.77310022],[37.6216507,55.7731998]]}},{"type":"Feature","properties":{"class":"secondary","oneway":1},"geometry":{"type":"LineString","coordinates":[[37.6216507,55.7731998],[37.62162924,55.77345627]]}},{"type":"Feature","properties":{"class":"secondary","oneway":1},"geometry":{"type":"LineString","coordinates":[[37.61879683,55.77464205],[37.61891484,55.773933]]}},{"type":"Feature","properties":{"class":"secondary","oneway":1},"geometry":{"type":"LineString","coordinates":[[37.63022304,55.76496766],[37.63085604,55.76551995]]}},{"type":"Feature","properties":{"class":"secondary","oneway":1},"geometry":{"type":"LineString","coordinates":[[37.63085604,55.76551995],[37.63100624,55.76571007]]}},{"type":"Feature","properties":{"class":"secondary","oneway":1},"geometry":{"type":"LineString","coordinates":[[37.63100624,55.76571007],[37.6311028,55.76588209]]}},{"type":"Feature","properties":{"class":"secondary","oneway":1},"geometry":{"type":"LineString","coordinates":[[37.63227761,55.76987758],[37.63240635,55.77038151]]}},{"type":"Feature","properties":{"class":"secondary","oneway":1},"geometry":{"type":"LineString","coordinates":[[37.63240635,55.77038151],[37.63243318,55.77054446]]}},{"type":"Feature","properties":{"class":"secondary","oneway":1},"geometry":{"type":"LineString","coordinates":[[37.63201475,55.76894212],[37.6321435,55.76942494]]}},{"type":"Feature","properties":{"class":"secondary","oneway":1},"geometry":{"type":"LineString","coordinates":[[37.63163924,55.76751474],[37.63179481,55.76806699]]}},{"type":"Feature","properties":{"class":"secondary","oneway":1},"geometry":{"type":"LineString","coordinates":[[37.63179481,55.76806699],[37.63191283,55.76855585]]}},{"type":"Feature","properties":{"class":"secondary","oneway":1},"geometry":{"type":"LineString","coordinates":[[37.63245463,55.77073154],[37.63245463,55.7708613]]}},{"type":"Feature","properties":{"class":"secondary","oneway":1},"geometry":{"type":"LineString","coordinates":[[37.63191283,55.76855585],[37.63201475,55.76894212]]}},{"type":"Feature","properties":{"class":"secondary","oneway":1},"geometry":{"type":"LineString","coordinates":[[37.61942983,55.76731858],[37.62132347,55.76701681]]}},{"type":"Feature","properties":{"class":"secondary","oneway":1},"geometry":{"type":"LineString","coordinates":[[37.63049662,55.77414119],[37.63049662,55.77384248]]}},{"type":"Feature","properties":{"class":"secondary","oneway":1},"geometry":{"type":"LineString","coordinates":[[37.63043761,55.77582176],[37.63043761,55.7757222]]}},{"type":"Feature","properties":{"class":"secondary","oneway":1},"geometry":{"type":"LineString","coordinates":[[37.63227761,55.76685083],[37.63168752,55.76690816]]}},{"type":"Feature","properties":{"class":"secondary","oneway":1},"geometry":{"type":"LineString","coordinates":[[37.63168752,55.76690816],[37.63162851,55.76690213]]}},{"type":"Feature","properties":{"class":"secondary","oneway":1},"geometry":{"type":"LineString","coordinates":[[37.63162851,55.76690213],[37.63150513,55.76687195]]}},{"type":"Feature","properties":{"class":"secondary","oneway":1},"geometry":{"type":"LineString","coordinates":[[37.62945592,55.7663891],[37.63009965,55.76639211]]}},{"type":"Feature","properties":{"class":"secondary","oneway":1},"geometry":{"type":"LineString","coordinates":[[37.6268059,55.76637703],[37.62702048,55.76637099]]}},{"type":"Feature","properties":{"class":"secondary","oneway":1},"geometry":{"type":"LineString","coordinates":[[37.62702048,55.76637099],[37.62945592,55.7663891]]}},{"type":"Feature","properties":{"class":"secondary","oneway":1},"geometry":{"type":"LineString","coordinates":[[37.62512684,55.76647661],[37.6268059,55.76637703]]}},{"type":"Feature","properties":{"class":"secondary","oneway":1},"geometry":{"type":"LineString","coordinates":[[37.62377501,55.76657017],[37.62410223,55.76653697]]}},{"type":"Feature","properties":{"class":"secondary","oneway":1},"geometry":{"type":"LineString","coordinates":[[37.62410223,55.76653697],[37.62512684,55.76647661]]}},{"type":"Feature","properties":{"class":"secondary","oneway":1},"geometry":{"type":"LineString","coordinates":[[37.62182236,55.76692929],[37.62302399,55.76669993]]}},{"type":"Feature","properties":{"class":"secondary","oneway":1},"geometry":{"type":"LineString","coordinates":[[37.61976779,55.7735136],[37.62087822,55.77353773]]}},{"type":"Feature","properties":{"class":"secondary","oneway":1},"geometry":{"type":"LineString","coordinates":[[37.62371063,55.7738455],[37.62258947,55.7738636]]}},{"type":"Feature","properties":{"class":"secondary","oneway":1},"geometry":{"type":"LineString","coordinates":[[37.62258947,55.7738636],[37.62150586,55.77387265]]}},{"type":"Feature","properties":{"class":"secondary","oneway":1},"geometry":{"type":"LineString","coordinates":[[37.61874855,55.77503429],[37.61879683,55.77464205]]}},{"type":"Feature","properties":{"class":"secondary","oneway":1},"geometry":{"type":"LineString","coordinates":[[37.61891484,55.773933],[37.61892021,55.77380627]]}},{"type":"Feature","properties":{"class":"secondary","oneway":1},"geometry":{"type":"LineString","coordinates":[[37.62109816,55.76771391],[37.62110353,55.76755699]]}},{"type":"Feature","properties":{"class":"secondary","oneway":1},"geometry":{"type":"LineString","coordinates":[[37.63245463,55.77066214],[37.63245463,55.77073154]]}},{"type":"Feature","properties":{"class":"secondary","oneway":1},"geometry":{"type":"LineString","coordinates":[[37.62041152,55.77487739],[37.62030423,55.7750373]]}},{"type":"Feature","properties":{"class":"secondary","oneway":1},"geometry":{"type":"LineString","coordinates":[[37.62030423,55.7750373],[37.62024522,55.77517609]]}},{"type":"Feature","properties":{"class":"secondary","oneway":1},"geometry":{"type":"LineString","coordinates":[[37.62024522,55.77517609],[37.62018621,55.77534807]]}},{"type":"Feature","properties":{"class":"secondary","oneway":1},"geometry":{"type":"LineString","coordinates":[[37.62023985,55.77443688],[37.62026131,55.77435843]]}},{"type":"Feature","properties":{"class":"secondary","oneway":1},"geometry":{"type":"LineString","coordinates":[[37.63217568,55.76953357],[37.63227761,55.76987758]]}},{"type":"Feature","properties":{"class":"secondary","oneway":1},"geometry":{"type":"LineString","coordinates":[[37.62240171,55.7675419],[37.62256265,55.76771089]]}},{"type":"Feature","properties":{"class":"secondary","oneway":1},"geometry":{"type":"LineString","coordinates":[[37.62256265,55.76771089],[37.62266457,55.76786178]]}},{"type":"Feature","properties":{"class":"secondary","oneway":1},"geometry":{"type":"LineString","coordinates":[[37.62266457,55.76786178],[37.62269676,55.76793119]]}},{"type":"Feature","properties":{"class":"secondary","oneway":1},"geometry":{"type":"LineString","coordinates":[[37.62269676,55.76793119],[37.62272358,55.7680519]]}},{"type":"Feature","properties":{"class":"secondary","oneway":1},"geometry":{"type":"LineString","coordinates":[[37.62272358,55.7680519],[37.62271285,55.76818468]]}},{"type":"Feature","properties":{"class":"secondary","oneway":1},"geometry":{"type":"LineString","coordinates":[[37.62209594,55.76722503],[37.62110889,55.76737592]]}},{"type":"Feature","properties":{"class":"secondary","oneway":1},"geometry":{"type":"LineString","coordinates":[[37.62122691,55.77411403],[37.62069046,55.77455455]]}},{"type":"Feature","properties":{"class":"secondary","oneway":1},"geometry":{"type":"LineString","coordinates":[[37.62972414,55.76444253],[37.63012648,55.76487712]]}},{"type":"Feature","properties":{"class":"secondary","oneway":1},"geometry":{"type":"LineString","coordinates":[[37.63012648,55.76487712],[37.63022304,55.76496766]]}},{"type":"Feature","properties":{"class":"secondary","oneway":1},"geometry":{"type":"LineString","coordinates":[[37.6311028,55.76588209],[37.63134956,55.76638004]]}},{"type":"Feature","properties":{"class":"secondary","oneway":1},"geometry":{"type":"LineString","coordinates":[[37.63245463,55.77180878],[37.63246536,55.77186913]]}},{"type":"Feature","properties":{"class":"secondary","oneway":1},"geometry":{"type":"LineString","coordinates":[[37.63246536,55.77186913],[37.63255119,55.77209242]]}},{"type":"Feature","properties":{"class":"secondary","oneway":1},"geometry":{"type":"LineString","coordinates":[[37.63255119,55.77209242],[37.63257265,55.77228855]]}},{"type":"Feature","properties":{"class":"secondary","oneway":1},"geometry":{"type":"LineString","coordinates":[[37.63257265,55.77228855],[37.63257802,55.77265064]]}},{"type":"Feature","properties":{"class":"secondary","oneway":1},"geometry":{"type":"LineString","coordinates":[[37.63245463,55.7708613],[37.6324439,55.77173938]]}},{"type":"Feature","properties":{"class":"secondary","oneway":1},"geometry":{"type":"LineString","coordinates":[[37.6324439,55.77173938],[37.63245463,55.77180878]]}},{"type":"Feature","properties":{"class":"secondary","oneway":1},"geometry":{"type":"LineString","coordinates":[[37.63243318,55.77054446],[37.63245463,55.77066214]]}},{"type":"Feature","properties":{"class":"secondary","oneway":1},"geometry":{"type":"LineString","coordinates":[[37.61866271,55.77557134],[37.61867881,55.77545669]]}},{"type":"Feature","properties":{"class":"secondary","oneway":1},"geometry":{"type":"LineString","coordinates":[[37.62069046,55.77455455],[37.62041152,55.77487739]]}},{"type":"Feature","properties":{"class":"secondary","oneway":1},"geometry":{"type":"LineString","coordinates":[[37.62185454,55.77218596],[37.62166679,55.77310022]]}},{"type":"Feature","properties":{"class":"secondary","oneway":1},"geometry":{"type":"LineString","coordinates":[[37.62271285,55.76818468],[37.62247145,55.76928613]]}},{"type":"Feature","properties":{"class":"secondary","oneway":1},"geometry":{"type":"LineString","coordinates":[[37.624349,55.76690816],[37.62359798,55.76701077]]}},{"type":"Feature","properties":{"class":"secondary","oneway":1},"geometry":{"type":"LineString","coordinates":[[37.62596369,55.76673011],[37.62495518,55.76683272]]}},{"type":"Feature","properties":{"class":"secondary","oneway":1},"geometry":{"type":"LineString","coordinates":[[37.62495518,55.76683272],[37.624349,55.76690816]]}},{"type":"Feature","properties":{"class":"secondary","oneway":1},"geometry":{"type":"LineString","coordinates":[[37.62190282,55.77195965],[37.62185454,55.77218596]]}},{"type":"Feature","properties":{"class":"secondary","oneway":1},"geometry":{"type":"LineString","coordinates":[[37.62208521,55.77115399],[37.62190282,55.77195965]]}},{"type":"Feature","properties":{"class":"secondary","oneway":1},"geometry":{"type":"LineString","coordinates":[[37.6223588,55.76983835],[37.6222837,55.77021856]]}},{"type":"Feature","properties":{"class":"secondary","oneway":1},"geometry":{"type":"LineString","coordinates":[[37.63049662,55.77322997],[37.63048589,55.77310022]]}},{"type":"Feature","properties":{"class":"secondary","oneway":1},"geometry":{"type":"LineString","coordinates":[[37.63049662,55.77384248],[37.63049662,55.77380326]]}},{"type":"Feature","properties":{"class":"secondary","oneway":1},"geometry":{"type":"LineString","coordinates":[[37.63049662,55.77380326],[37.63049662,55.77322997]]}},{"type":"Feature","properties":{"class":"secondary","oneway":1},"geometry":{"type":"LineString","coordinates":[[37.63048589,55.77448817],[37.63049662,55.77414119]]}},{"type":"Feature","properties":{"class":"secondary","oneway":1},"geometry":{"type":"LineString","coordinates":[[37.63045371,55.77495282],[37.63048589,55.77448817]]}},{"type":"Feature","properties":{"class":"secondary","oneway":1},"geometry":{"type":"LineString","coordinates":[[37.63044298,55.77512782],[37.63045371,55.77495282]]}},{"type":"Feature","properties":{"class":"secondary","oneway":1},"geometry":{"type":"LineString","coordinates":[[37.63042688,55.77544462],[37.63044298,55.77512782]]}},{"type":"Feature","properties":{"class":"secondary","oneway":1},"geometry":{"type":"LineString","coordinates":[[37.63043761,55.77590926],[37.63043761,55.77582176]]}},{"type":"Feature","properties":{"class":"secondary","oneway":1},"geometry":{"type":"LineString","coordinates":[[37.63043761,55.7757222],[37.63042688,55.77544462]]}},{"type":"Feature","properties":{"class":"secondary","oneway":1},"geometry":{"type":"LineString","coordinates":[[37.63044298,55.77597865],[37.63043761,55.77590926]]}},{"type":"Feature","properties":{"class":"secondary","oneway":1},"geometry":{"type":"LineString","coordinates":[[37.61684418,55.76770788],[37.61881828,55.76741515]]}},{"type":"Feature","properties":{"class":"secondary","oneway":1},"geometry":{"type":"LineString","coordinates":[[37.61881828,55.76741515],[37.61942983,55.76731858]]}},{"type":"Feature","properties":{"class":"secondary","oneway":1},"geometry":{"type":"LineString","coordinates":[[37.61867881,55.77545669],[37.61874855,55.77503429]]}},{"type":"Feature","properties":{"class":"secondary","oneway":1},"geometry":{"type":"LineString","coordinates":[[37.62216568,55.76730048],[37.62240171,55.7675419]]}},{"type":"Feature","properties":{"class":"secondary","oneway":1},"geometry":{"type":"LineString","coordinates":[[37.6222837,55.77021856],[37.62227297,55.77028193]]}},{"type":"Feature","properties":{"class":"secondary","oneway":1},"geometry":{"type":"LineString","coordinates":[[37.62227297,55.77028193],[37.62225688,55.77034832]]}},{"type":"Feature","properties":{"class":"secondary","oneway":1},"geometry":{"type":"LineString","coordinates":[[37.62212813,55.77094881],[37.62208521,55.77115399]]}},{"type":"Feature","properties":{"class":"secondary","oneway":1},"geometry":{"type":"LineString","coordinates":[[37.62162924,55.77345627],[37.62161851,55.77353773]]}},{"type":"Feature","properties":{"class":"secondary","oneway":1},"geometry":{"type":"LineString","coordinates":[[37.62087822,55.77353773],[37.62096941,55.77344721]]}},{"type":"Feature","properties":{"class":"secondary","oneway":1},"geometry":{"type":"LineString","coordinates":[[37.62110353,55.76748456],[37.62110889,55.76737592]]}},{"type":"Feature","properties":{"class":"secondary","oneway":1},"geometry":{"type":"LineString","coordinates":[[37.62110353,55.76755699],[37.62110353,55.76748456]]}},{"type":"Feature","properties":{"class":"secondary","oneway":1},"geometry":{"type":"LineString","coordinates":[[37.62247145,55.76928613],[37.6223588,55.76983835]]}},{"type":"Feature","properties":{"class":"primary","oneway":1},"geometry":{"type":"LineString","coordinates":[[37.63250828,55.77282564],[37.6322937,55.7728528]]}},{"type":"Feature","properties":{"class":"primary","oneway":1},"geometry":{"type":"LineString","coordinates":[[37.62819529,55.77326014],[37.63228834,55.77268986]]}},{"type":"Feature","properties":{"class":"primary","oneway":1},"geometry":{"type":"LineString","coordinates":[[37.6322937,55.7728528],[37.63111353,55.7730097]]}},{"type":"Feature","properties":{"class":"primary","oneway":1},"geometry":{"type":"LineString","coordinates":[[37.63111353,55.7730097],[37.63048589,55.77310022]]}},{"type":"Feature","properties":{"class":"primary","oneway":1},"geometry":{"type":"LineString","coordinates":[[37.63247073,55.77309117],[37.63243318,55.77434334]]}},{"type":"Feature","properties":{"class":"primary","oneway":1},"geometry":{"type":"LineString","coordinates":[[37.63243318,55.77434334],[37.63241172,55.77469033]]}},{"type":"Feature","properties":{"class":"primary","oneway":1},"geometry":{"type":"LineString","coordinates":[[37.63220787,55.77590021],[37.63220251,55.77577952]]}},{"type":"Feature","properties":{"class":"primary","oneway":1},"geometry":{"type":"LineString","coordinates":[[37.63220251,55.77577952],[37.63222396,55.774633]]}},{"type":"Feature","properties":{"class":"primary","oneway":1},"geometry":{"type":"LineString","coordinates":[[37.6322937,55.7728528],[37.63228834,55.77268986]]}},{"type":"Feature","properties":{"class":"primary","oneway":1},"geometry":{"type":"LineString","coordinates":[[37.62588859,55.77350454],[37.62705803,55.77340497]]}},{"type":"Feature","properties":{"class":"primary","oneway":1},"geometry":{"type":"LineString","coordinates":[[37.62705803,55.77340497],[37.62764275,55.77333557]]}},{"type":"Feature","properties":{"class":"primary","oneway":1},"geometry":{"type":"LineString","coordinates":[[37.62764275,55.77333557],[37.62819529,55.77326014]]}},{"type":"Feature","properties":{"class":"primary","oneway":1},"geometry":{"type":"LineString","coordinates":[[37.62786806,55.7734623],[37.62712777,55.77352566]]}},{"type":"Feature","properties":{"class":"primary","oneway":1},"geometry":{"type":"LineString","coordinates":[[37.62712777,55.77352566],[37.62591541,55.77361618]]}},{"type":"Feature","properties":{"class":"primary","oneway":1},"geometry":{"type":"LineString","coordinates":[[37.63048589,55.77310022],[37.63027668,55.77313341]]}},{"type":"Feature","properties":{"class":"primary","oneway":1},"geometry":{"type":"LineString","coordinates":[[37.63227224,55.77392998],[37.63229907,55.77296444]]}},{"type":"Feature","properties":{"class":"primary","oneway":1},"geometry":{"type":"LineString","coordinates":[[37.63229907,55.77296444],[37.6322937,55.7728528]]}},{"type":"Feature","properties":{"class":"primary","oneway":1},"geometry":{"type":"LineString","coordinates":[[37.63027668,55.77313341],[37.62871563,55.7733567]]}},{"type":"Feature","properties":{"class":"primary","oneway":1},"geometry":{"type":"LineString","coordinates":[[37.62871563,55.7733567],[37.62786806,55.7734623]]}},{"type":"Feature","properties":{"class":"primary","oneway":1},"geometry":{"type":"LineString","coordinates":[[37.63250828,55.77282564],[37.63247073,55.77309117]]}},{"type":"Feature","properties":{"class":"primary","oneway":1},"geometry":{"type":"LineString","coordinates":[[37.63228834,55.77268986],[37.63257802,55.77265064]]}},{"type":"Feature","properties":{"class":"primary","oneway":1},"geometry":{"type":"LineString","coordinates":[[37.63222396,55.774633],[37.63227224,55.77392998]]}},{"type":"Feature","properties":{"class":"primary","oneway":1},"geometry":{"type":"LineString","coordinates":[[37.63241172,55.77469033],[37.63237953,55.77517911]]}},{"type":"Feature","properties":{"class":"primary","oneway":1},"geometry":{"type":"LineString","coordinates":[[37.63237953,55.77517911],[37.63239563,55.77577651]]}},{"type":"Feature","properties":{"class":"minor","oneway":1},"geometry":{"type":"LineString","coordinates":[[37.63134956,55.76034689],[37.63132811,55.76027445]]}},{"type":"Feature","properties":{"class":"minor","oneway":1},"geometry":{"type":"LineString","coordinates":[[37.63132811,55.76027445],[37.63133883,55.76020805]]}},{"type":"Feature","properties":{"class":"minor","oneway":1},"geometry":{"type":"LineString","coordinates":[[37.63133883,55.76020805],[37.63180554,55.75925122]]}},{"type":"Feature","properties":{"class":"minor","oneway":1},"geometry":{"type":"LineString","coordinates":[[37.63180554,55.75925122],[37.63231516,55.75877733]]}},{"type":"Feature","properties":{"class":"minor","oneway":0},"geometry":{"type":"LineString","coordinates":[[37.62785196,55.76178962],[37.62992799,55.76089924]]}},{"type":"Feature","properties":{"class":"minor","oneway":0},"geometry":{"type":"LineString","coordinates":[[37.62992799,55.76089924],[37.63005137,55.76082982]]}},{"type":"Feature","properties":{"class":"minor","oneway":0},"geometry":{"type":"LineString","coordinates":[[37.63005137,55.76082982],[37.63035178,55.7606125]]}},{"type":"Feature","properties":{"class":"minor","oneway":0},"geometry":{"type":"LineString","coordinates":[[37.63035178,55.7606125],[37.6307112,55.76027445]]}},{"type":"Feature","properties":{"class":"minor","oneway":0},"geometry":{"type":"LineString","coordinates":[[37.6307112,55.76027445],[37.63084531,55.76012957]]}},{"type":"Feature","properties":{"class":"minor","oneway":0},"geometry":{"type":"LineString","coordinates":[[37.62367308,55.760036],[37.62372673,55.75939007]]}},{"type":"Feature","properties":{"class":"minor","oneway":0},"geometry":{"type":"LineString","coordinates":[[37.62679517,55.75889505],[37.62540579,55.75825816]]}},{"type":"Feature","properties":{"class":"minor","oneway":0},"geometry":{"type":"LineString","coordinates":[[37.62540579,55.75825816],[37.62535214,55.75834267]]}},{"type":"Feature","properties":{"class":"minor","oneway":0},"geometry":{"type":"LineString","coordinates":[[37.62535214,55.75834267],[37.62494981,55.75878035]]}},{"type":"Feature","properties":{"class":"minor","oneway":0},"geometry":{"type":"LineString","coordinates":[[37.61705339,55.76021408],[37.61776686,55.76042536]]}},{"type":"Feature","properties":{"class":"minor","oneway":0},"geometry":{"type":"LineString","coordinates":[[37.62558818,55.75485014],[37.62570083,55.75478373]]}},{"type":"Feature","properties":{"class":"minor","oneway":0},"geometry":{"type":"LineString","coordinates":[[37.62570083,55.75478373],[37.62637138,55.75427356]]}},{"type":"Feature","properties":{"class":"minor","oneway":0},"geometry":{"type":"LineString","coordinates":[[37.62637138,55.75427356],[37.62685418,55.75442449]]}},{"type":"Feature","properties":{"class":"minor","oneway":0},"geometry":{"type":"LineString","coordinates":[[37.62685418,55.75442449],[37.62700975,55.75430374]]}},{"type":"Feature","properties":{"class":"minor","oneway":0},"geometry":{"type":"LineString","coordinates":[[37.62700975,55.75430374],[37.62844741,55.75462373]]}},{"type":"Feature","properties":{"class":"minor","oneway":0},"geometry":{"type":"LineString","coordinates":[[37.63086677,55.75785971],[37.63073802,55.75768464]]}},{"type":"Feature","properties":{"class":"minor","oneway":0},"geometry":{"type":"LineString","coordinates":[[37.63073802,55.75768464],[37.63066292,55.75761219]]}},{"type":"Feature","properties":{"class":"minor","oneway":0},"geometry":{"type":"LineString","coordinates":[[37.62880147,55.755958],[37.62890875,55.75580405]]}},{"type":"Feature","properties":{"class":"minor","oneway":0},"geometry":{"type":"LineString","coordinates":[[37.63085604,55.75299357],[37.63093114,55.75287885]]}},{"type":"Feature","properties":{"class":"minor","oneway":0},"geometry":{"type":"LineString","coordinates":[[37.63093114,55.75287885],[37.6309526,55.75278828]]}},{"type":"Feature","properties":{"class":"minor","oneway":0},"geometry":{"type":"LineString","coordinates":[[37.62962222,55.75283055],[37.62963295,55.75286979]]}},{"type":"Feature","properties":{"class":"minor","oneway":0},"geometry":{"type":"LineString","coordinates":[[37.62963295,55.75286979],[37.62961686,55.75293621]]}},{"type":"Feature","properties":{"class":"minor","oneway":0},"geometry":{"type":"LineString","coordinates":[[37.62961686,55.75293621],[37.62954175,55.75302678]]}},{"type":"Feature","properties":{"class":"minor","oneway":0},"geometry":{"type":"LineString","coordinates":[[37.62920916,55.75351583],[37.62906432,55.75364564]]}},{"type":"Feature","properties":{"class":"minor","oneway":0},"geometry":{"type":"LineString","coordinates":[[37.62906432,55.75364564],[37.62844741,55.75462373]]}},{"type":"Feature","properties":{"class":"minor","oneway":0},"geometry":{"type":"LineString","coordinates":[[37.62844741,55.75462373],[37.62810946,55.75523654]]}},{"type":"Feature","properties":{"class":"minor","oneway":0},"geometry":{"type":"LineString","coordinates":[[37.62810946,55.75523654],[37.62790561,55.75555652]]}},{"type":"Feature","properties":{"class":"minor","oneway":0},"geometry":{"type":"LineString","coordinates":[[37.62790561,55.75555652],[37.62781441,55.75560482]]}},{"type":"Feature","properties":{"class":"minor","oneway":0},"geometry":{"type":"LineString","coordinates":[[37.62781441,55.75560482],[37.62773931,55.75566217]]}},{"type":"Feature","properties":{"class":"minor","oneway":0},"geometry":{"type":"LineString","coordinates":[[37.62773931,55.75566217],[37.62749255,55.75589461]]}},{"type":"Feature","properties":{"class":"minor","oneway":0},"geometry":{"type":"LineString","coordinates":[[37.62749255,55.75589461],[37.62733161,55.75606366]]}},{"type":"Feature","properties":{"class":"minor","oneway":0},"geometry":{"type":"LineString","coordinates":[[37.62733161,55.75606366],[37.62729406,55.75614214]]}},{"type":"Feature","properties":{"class":"minor","oneway":1},"geometry":{"type":"LineString","coordinates":[[37.63297498,55.76061854],[37.63291061,55.76062155]]}},{"type":"Feature","properties":{"class":"minor","oneway":1},"geometry":{"type":"LineString","coordinates":[[37.63291061,55.76062155],[37.6328516,55.76063966]]}},{"type":"Feature","properties":{"class":"minor","oneway":1},"geometry":{"type":"LineString","coordinates":[[37.6328516,55.76063966],[37.63199329,55.7609596]]}},{"type":"Feature","properties":{"class":"minor","oneway":1},"geometry":{"type":"LineString","coordinates":[[37.62357652,55.76219707],[37.62361944,55.76218198]]}},{"type":"Feature","properties":{"class":"minor","oneway":1},"geometry":{"type":"LineString","coordinates":[[37.62361944,55.76218198],[37.62368917,55.76216991]]}},{"type":"Feature","properties":{"class":"minor","oneway":1},"geometry":{"type":"LineString","coordinates":[[37.62368917,55.76216991],[37.62422562,55.76213671]]}},{"type":"Feature","properties":{"class":"minor","oneway":1},"geometry":{"type":"LineString","coordinates":[[37.62422562,55.76213671],[37.62471914,55.76209144]]}},{"type":"Feature","properties":{"class":"minor","oneway":1},"geometry":{"type":"LineString","coordinates":[[37.62738526,55.76220311],[37.62730479,55.7622182]]}},{"type":"Feature","properties":{"class":"minor","oneway":1},"geometry":{"type":"LineString","coordinates":[[37.62730479,55.7622182],[37.62727261,55.76221518]]}},{"type":"Feature","properties":{"class":"minor","oneway":1},"geometry":{"type":"LineString","coordinates":[[37.62727261,55.76221518],[37.62724042,55.76220915]]}},{"type":"Feature","properties":{"class":"minor","oneway":1},"geometry":{"type":"LineString","coordinates":[[37.62724042,55.76220915],[37.62720287,55.762185]]}},{"type":"Feature","properties":{"class":"minor","oneway":1},"geometry":{"type":"LineString","coordinates":[[37.62623727,55.76329568],[37.62352824,55.76345865]]}},{"type":"Feature","properties":{"class":"minor","oneway":1},"geometry":{"type":"LineString","coordinates":[[37.62191892,55.76376951],[37.62001455,55.76376046]]}},{"type":"Feature","properties":{"class":"minor","oneway":1},"geometry":{"type":"LineString","coordinates":[[37.61724651,55.75868074],[37.61684418,55.75899466]]}},{"type":"Feature","properties":{"class":"minor","oneway":0},"geometry":{"type":"LineString","coordinates":[[37.62409151,55.75429771],[37.62420952,55.7541679]]}},{"type":"Feature","properties":{"class":"minor","oneway":1},"geometry":{"type":"LineString","coordinates":[[37.61712849,55.76258038],[37.61684418,55.76243249]]}},{"type":"Feature","properties":{"class":"minor","oneway":1},"geometry":{"type":"LineString","coordinates":[[37.63168752,55.76138216],[37.63169825,55.76120408]]}},{"type":"Feature","properties":{"class":"minor","oneway":1},"geometry":{"type":"LineString","coordinates":[[37.63169825,55.76120408],[37.63173044,55.76109542]]}},{"type":"Feature","properties":{"class":"minor","oneway":1},"geometry":{"type":"LineString","coordinates":[[37.63173044,55.76109542],[37.63175726,55.76105317]]}},{"type":"Feature","properties":{"class":"minor","oneway":1},"geometry":{"type":"LineString","coordinates":[[37.63175726,55.76105317],[37.63193429,55.76090226]]}},{"type":"Feature","properties":{"class":"minor","oneway":1},"geometry":{"type":"LineString","coordinates":[[37.62702584,55.75644099],[37.62607634,55.75622063]]}},{"type":"Feature","properties":{"class":"minor","oneway":1},"geometry":{"type":"LineString","coordinates":[[37.62607634,55.75622063],[37.62601733,55.7561995]]}},{"type":"Feature","properties":{"class":"minor","oneway":1},"geometry":{"type":"LineString","coordinates":[[37.62601733,55.7561995],[37.62595832,55.75617233]]}},{"type":"Feature","properties":{"class":"minor","oneway":1},"geometry":{"type":"LineString","coordinates":[[37.62595832,55.75617233],[37.62475669,55.75544785]]}},{"type":"Feature","properties":{"class":"minor","oneway":0},"geometry":{"type":"LineString","coordinates":[[37.62243927,55.75682737],[37.62475669,55.75544785]]}},{"type":"Feature","properties":{"class":"minor","oneway":0},"geometry":{"type":"LineString","coordinates":[[37.62475669,55.75544785],[37.62479961,55.7554086]]}},{"type":"Feature","properties":{"class":"minor","oneway":0},"geometry":{"type":"LineString","coordinates":[[37.62479961,55.7554086],[37.62486398,55.75531804]]}},{"type":"Feature","properties":{"class":"minor","oneway":0},"geometry":{"type":"LineString","coordinates":[[37.62486398,55.75531804],[37.62496591,55.75520031]]}},{"type":"Feature","properties":{"class":"minor","oneway":0},"geometry":{"type":"LineString","coordinates":[[37.62496591,55.75520031],[37.62516975,55.75507655]]}},{"type":"Feature","properties":{"class":"minor","oneway":0},"geometry":{"type":"LineString","coordinates":[[37.62516975,55.75507655],[37.62558818,55.75485014]]}},{"type":"Feature","properties":{"class":"minor","oneway":0},"geometry":{"type":"LineString","coordinates":[[37.62084603,55.75562897],[37.62350678,55.75432186]]}},{"type":"Feature","properties":{"class":"minor","oneway":0},"geometry":{"type":"LineString","coordinates":[[37.62372136,55.75421318],[37.6237911,55.75417695]]}},{"type":"Feature","properties":{"class":"minor","oneway":1},"geometry":{"type":"LineString","coordinates":[[37.62666106,55.75682737],[37.62594223,55.75763936]]}},{"type":"Feature","properties":{"class":"minor","oneway":1},"geometry":{"type":"LineString","coordinates":[[37.62594223,55.75763936],[37.62540579,55.75825816]]}},{"type":"Feature","properties":{"class":"minor","oneway":1},"geometry":{"type":"LineString","coordinates":[[37.6321435,55.76440632],[37.63210595,55.76422825]]}},{"type":"Feature","properties":{"class":"minor","oneway":1},"geometry":{"type":"LineString","coordinates":[[37.63210595,55.76422825],[37.63203084,55.76365785]]}},{"type":"Feature","properties":{"class":"minor","oneway":1},"geometry":{"type":"LineString","coordinates":[[37.63203084,55.76365785],[37.63177335,55.76235402]]}},{"type":"Feature","properties":{"class":"minor","oneway":1},"geometry":{"type":"LineString","coordinates":[[37.63177335,55.76235402],[37.63170362,55.76181376]]}},{"type":"Feature","properties":{"class":"minor","oneway":1},"geometry":{"type":"LineString","coordinates":[[37.63170362,55.76181376],[37.63168216,55.76158438]]}},{"type":"Feature","properties":{"class":"minor","oneway":1},"geometry":{"type":"LineString","coordinates":[[37.63168216,55.76158438],[37.63168752,55.76138216]]}},{"type":"Feature","properties":{"class":"minor","oneway":1},"geometry":{"type":"LineString","coordinates":[[37.62350142,55.76258038],[37.62349069,55.76225744]]}},{"type":"Feature","properties":{"class":"minor","oneway":1},"geometry":{"type":"LineString","coordinates":[[37.62349069,55.76225744],[37.62352288,55.76222424]]}},{"type":"Feature","properties":{"class":"minor","oneway":1},"geometry":{"type":"LineString","coordinates":[[37.62352288,55.76222424],[37.62357652,55.76219707]]}},{"type":"Feature","properties":{"class":"minor","oneway":1},"geometry":{"type":"LineString","coordinates":[[37.63185382,55.75920293],[37.63177872,55.75912143]]}},{"type":"Feature","properties":{"class":"minor","oneway":1},"geometry":{"type":"LineString","coordinates":[[37.63177872,55.75912143],[37.63086677,55.75785971]]}},{"type":"Feature","properties":{"class":"minor","oneway":1},"geometry":{"type":"LineString","coordinates":[[37.62098014,55.76440632],[37.62101233,55.76376348]]}},{"type":"Feature","properties":{"class":"minor","oneway":0},"geometry":{"type":"LineString","coordinates":[[37.62560427,55.75257394],[37.62570083,55.75244111]]}},{"type":"Feature","properties":{"class":"minor","oneway":1},"geometry":{"type":"LineString","coordinates":[[37.63060927,55.76341338],[37.63068438,55.76368501]]}},{"type":"Feature","properties":{"class":"minor","oneway":1},"geometry":{"type":"LineString","coordinates":[[37.63068438,55.76368501],[37.63093114,55.76440632]]}},{"type":"Feature","properties":{"class":"minor","oneway":1},"geometry":{"type":"LineString","coordinates":[[37.62951493,55.76107732],[37.62979925,55.76139725]]}},{"type":"Feature","properties":{"class":"minor","oneway":1},"geometry":{"type":"LineString","coordinates":[[37.62979925,55.76139725],[37.62989581,55.76153911]]}},{"type":"Feature","properties":{"class":"minor","oneway":1},"geometry":{"type":"LineString","coordinates":[[37.62989581,55.76153911],[37.63002992,55.76178056]]}},{"type":"Feature","properties":{"class":"minor","oneway":1},"geometry":{"type":"LineString","coordinates":[[37.63002992,55.76178056],[37.63014793,55.76203711]]}},{"type":"Feature","properties":{"class":"minor","oneway":1},"geometry":{"type":"LineString","coordinates":[[37.63014793,55.76203711],[37.63035715,55.76255925]]}},{"type":"Feature","properties":{"class":"minor","oneway":1},"geometry":{"type":"LineString","coordinates":[[37.63035715,55.76255925],[37.63045371,55.76285201]]}},{"type":"Feature","properties":{"class":"minor","oneway":1},"geometry":{"type":"LineString","coordinates":[[37.63045371,55.76285201],[37.63060927,55.76341338]]}},{"type":"Feature","properties":{"class":"minor","oneway":1},"geometry":{"type":"LineString","coordinates":[[37.62710094,55.76167191],[37.62762129,55.76153911]]}},{"type":"Feature","properties":{"class":"secondary","oneway":1},"geometry":{"type":"LineString","coordinates":[[37.63068438,55.75685152],[37.63087213,55.75697528]]}},{"type":"Feature","properties":{"class":"secondary","oneway":1},"geometry":{"type":"LineString","coordinates":[[37.63087213,55.75697528],[37.63114035,55.75708093]]}},{"type":"Feature","properties":{"class":"secondary","oneway":1},"geometry":{"type":"LineString","coordinates":[[37.63114035,55.75708093],[37.63118327,55.75712017]]}},{"type":"Feature","properties":{"class":"secondary","oneway":1},"geometry":{"type":"LineString","coordinates":[[37.63118327,55.75712017],[37.631194,55.7571413]]}},{"type":"Feature","properties":{"class":"secondary","oneway":1},"geometry":{"type":"LineString","coordinates":[[37.631194,55.7571413],[37.63120472,55.75720167]]}},{"type":"Feature","properties":{"class":"secondary","oneway":1},"geometry":{"type":"LineString","coordinates":[[37.63120472,55.75720167],[37.63117254,55.75727412]]}},{"type":"Feature","properties":{"class":"secondary","oneway":1},"geometry":{"type":"LineString","coordinates":[[37.63117254,55.75727412],[37.63109744,55.75736467]]}},{"type":"Feature","properties":{"class":"secondary","oneway":1},"geometry":{"type":"LineString","coordinates":[[37.63109744,55.75736467],[37.63094723,55.75747636]]}},{"type":"Feature","properties":{"class":"secondary","oneway":1},"geometry":{"type":"LineString","coordinates":[[37.63163388,55.75704773],[37.63159096,55.75706282]]}},{"type":"Feature","properties":{"class":"secondary","oneway":1},"geometry":{"type":"LineString","coordinates":[[37.63159096,55.75706282],[37.63154805,55.75706886]]}},{"type":"Feature","properties":{"class":"secondary","oneway":1},"geometry":{"type":"LineString","coordinates":[[37.63154805,55.75706886],[37.63150513,55.75706886]]}},{"type":"Feature","properties":{"class":"secondary","oneway":1},"geometry":{"type":"LineString","coordinates":[[37.63150513,55.75706886],[37.63143003,55.75705074]]}},{"type":"Feature","properties":{"class":"secondary","oneway":1},"geometry":{"type":"LineString","coordinates":[[37.63143003,55.75705074],[37.63049662,55.7566704]]}},{"type":"Feature","properties":{"class":"secondary","oneway":1},"geometry":{"type":"LineString","coordinates":[[37.63049662,55.7566704],[37.63041079,55.75660399]]}},{"type":"Feature","properties":{"class":"secondary","oneway":1},"geometry":{"type":"LineString","coordinates":[[37.63041079,55.75660399],[37.6303947,55.75656777]]}},{"type":"Feature","properties":{"class":"secondary","oneway":1},"geometry":{"type":"LineString","coordinates":[[37.6303947,55.75656777],[37.63040543,55.75654362]]}},{"type":"Feature","properties":{"class":"minor","oneway":1},"geometry":{"type":"LineString","coordinates":[[37.62710094,55.76167191],[37.62720287,55.7616206]]}},{"type":"Feature","properties":{"class":"minor","oneway":1},"geometry":{"type":"LineString","coordinates":[[37.62720287,55.7616206],[37.62725115,55.76158136]]}},{"type":"Feature","properties":{"class":"minor","oneway":1},"geometry":{"type":"LineString","coordinates":[[37.62725115,55.76158136],[37.62727261,55.76155118]]}},{"type":"Feature","properties":{"class":"minor","oneway":1},"geometry":{"type":"LineString","coordinates":[[37.62727261,55.76155118],[37.62727797,55.76150289]]}},{"type":"Feature","properties":{"class":"minor","oneway":1},"geometry":{"type":"LineString","coordinates":[[37.62727797,55.76150289],[37.62726188,55.76146063]]}},{"type":"Feature","properties":{"class":"minor","oneway":1},"geometry":{"type":"LineString","coordinates":[[37.62726188,55.76146063],[37.6265645,55.76060344]]}},{"type":"Feature","properties":{"class":"minor","oneway":1},"geometry":{"type":"LineString","coordinates":[[37.6265645,55.76060344],[37.62647867,55.76051893]]}},{"type":"Feature","properties":{"class":"minor","oneway":1},"geometry":{"type":"LineString","coordinates":[[37.62647867,55.76051893],[37.62644112,55.76050082]]}},{"type":"Feature","properties":{"class":"minor","oneway":1},"geometry":{"type":"LineString","coordinates":[[37.62644112,55.76050082],[37.62638748,55.76049479]]}},{"type":"Feature","properties":{"class":"minor","oneway":1},"geometry":{"type":"LineString","coordinates":[[37.62361407,55.76070607],[37.62363017,55.76065777]]}},{"type":"Feature","properties":{"class":"minor","oneway":1},"geometry":{"type":"LineString","coordinates":[[37.62363017,55.76065777],[37.62364626,55.76045857]]}},{"type":"Feature","properties":{"class":"minor","oneway":1},"geometry":{"type":"LineString","coordinates":[[37.62687027,55.76172624],[37.62710094,55.76167191]]}},{"type":"Feature","properties":{"class":"minor","oneway":1},"geometry":{"type":"LineString","coordinates":[[37.62614608,55.76187715],[37.62687027,55.76172624]]}},{"type":"Feature","properties":{"class":"minor","oneway":1},"geometry":{"type":"LineString","coordinates":[[37.62638748,55.76049479],[37.62054026,55.76094149]]}},{"type":"Feature","properties":{"class":"minor","oneway":1},"geometry":{"type":"LineString","coordinates":[[37.62702584,55.75644099],[37.62666106,55.75682737]]}},{"type":"Feature","properties":{"class":"minor","oneway":1},"geometry":{"type":"LineString","coordinates":[[37.62729406,55.75614214],[37.62727797,55.75617233]]}},{"type":"Feature","properties":{"class":"minor","oneway":1},"geometry":{"type":"LineString","coordinates":[[37.62727797,55.75617233],[37.62702584,55.75644099]]}},{"type":"Feature","properties":{"class":"minor","oneway":1},"geometry":{"type":"LineString","coordinates":[[37.62357652,55.7542645],[37.62367845,55.7542162]]}},{"type":"Feature","properties":{"class":"minor","oneway":1},"geometry":{"type":"LineString","coordinates":[[37.62367845,55.7542162],[37.62372136,55.75421318]]}},{"type":"Feature","properties":{"class":"minor","oneway":1},"geometry":{"type":"LineString","coordinates":[[37.61768639,55.76287314],[37.61740208,55.76272525]]}},{"type":"Feature","properties":{"class":"minor","oneway":1},"geometry":{"type":"LineString","coordinates":[[37.62784123,55.76210049],[37.62738526,55.76220311]]}},{"type":"Feature","properties":{"class":"minor","oneway":1},"geometry":{"type":"LineString","coordinates":[[37.62802899,55.76205522],[37.62784123,55.76210049]]}},{"type":"Feature","properties":{"class":"minor","oneway":1},"geometry":{"type":"LineString","coordinates":[[37.62720287,55.762185],[37.62702048,55.76193147]]}},{"type":"Feature","properties":{"class":"minor","oneway":1},"geometry":{"type":"LineString","coordinates":[[37.62693465,55.7618198],[37.62687027,55.76172624]]}},{"type":"Feature","properties":{"class":"minor","oneway":1},"geometry":{"type":"LineString","coordinates":[[37.62702048,55.76193147],[37.62693465,55.7618198]]}},{"type":"Feature","properties":{"class":"minor","oneway":1},"geometry":{"type":"LineString","coordinates":[[37.62507856,55.76204315],[37.62553453,55.76198278]]}},{"type":"Feature","properties":{"class":"minor","oneway":1},"geometry":{"type":"LineString","coordinates":[[37.62471914,55.76209144],[37.62507856,55.76204315]]}},{"type":"Feature","properties":{"class":"minor","oneway":1},"geometry":{"type":"LineString","coordinates":[[37.62553453,55.76198278],[37.62602806,55.76190129]]}},{"type":"Feature","properties":{"class":"minor","oneway":1},"geometry":{"type":"LineString","coordinates":[[37.62602806,55.76190129],[37.62614608,55.76187715]]}},{"type":"Feature","properties":{"class":"minor","oneway":1},"geometry":{"type":"LineString","coordinates":[[37.62350678,55.76275845],[37.62350142,55.76258038]]}},{"type":"Feature","properties":{"class":"minor","oneway":1},"geometry":{"type":"LineString","coordinates":[[37.62351751,55.76309648],[37.62350678,55.76275845]]}},{"type":"Feature","properties":{"class":"minor","oneway":1},"geometry":{"type":"LineString","coordinates":[[37.62352824,55.76345865],[37.62351751,55.76309648]]}},{"type":"Feature","properties":{"class":"minor","oneway":1},"geometry":{"type":"LineString","coordinates":[[37.62353361,55.76370915],[37.62352824,55.76345865]]}},{"type":"Feature","properties":{"class":"minor","oneway":1},"geometry":{"type":"LineString","coordinates":[[37.62353897,55.76411659],[37.62353361,55.76370915]]}},{"type":"Feature","properties":{"class":"minor","oneway":1},"geometry":{"type":"LineString","coordinates":[[37.62354434,55.76440632],[37.62353897,55.76411659]]}},{"type":"Feature","properties":{"class":"minor","oneway":1},"geometry":{"type":"LineString","coordinates":[[37.62697756,55.7632504],[37.62623727,55.76329568]]}},{"type":"Feature","properties":{"class":"minor","oneway":1},"geometry":{"type":"LineString","coordinates":[[37.62871027,55.76314477],[37.62697756,55.7632504]]}},{"type":"Feature","properties":{"class":"minor","oneway":1},"geometry":{"type":"LineString","coordinates":[[37.62366235,55.76018692],[37.62367308,55.760036]]}},{"type":"Feature","properties":{"class":"minor","oneway":1},"geometry":{"type":"LineString","coordinates":[[37.62364626,55.76045857],[37.62366235,55.76018692]]}},{"type":"Feature","properties":{"class":"minor","oneway":1},"geometry":{"type":"LineString","coordinates":[[37.6223588,55.76377253],[37.62191892,55.76376951]]}},{"type":"Feature","properties":{"class":"minor","oneway":1},"geometry":{"type":"LineString","coordinates":[[37.62278259,55.76377555],[37.6223588,55.76377253]]}},{"type":"Feature","properties":{"class":"minor","oneway":1},"geometry":{"type":"LineString","coordinates":[[37.62303472,55.76377857],[37.62278259,55.76377555]]}},{"type":"Feature","properties":{"class":"minor","oneway":1},"geometry":{"type":"LineString","coordinates":[[37.62323856,55.76377857],[37.62303472,55.76377857]]}},{"type":"Feature","properties":{"class":"minor","oneway":1},"geometry":{"type":"LineString","coordinates":[[37.62353361,55.76378159],[37.62323856,55.76377857]]}},{"type":"Feature","properties":{"class":"minor","oneway":1},"geometry":{"type":"LineString","coordinates":[[37.62350678,55.75432186],[37.62351215,55.75429771]]}},{"type":"Feature","properties":{"class":"minor","oneway":1},"geometry":{"type":"LineString","coordinates":[[37.62351215,55.75429771],[37.62357652,55.7542645]]}},{"type":"Feature","properties":{"class":"minor","oneway":1},"geometry":{"type":"LineString","coordinates":[[37.62372136,55.75421318],[37.62372136,55.75423733]]}},{"type":"Feature","properties":{"class":"minor","oneway":1},"geometry":{"type":"LineString","coordinates":[[37.62372136,55.75423733],[37.6235497,55.75432487]]}},{"type":"Feature","properties":{"class":"minor","oneway":1},"geometry":{"type":"LineString","coordinates":[[37.6235497,55.75432487],[37.62350678,55.75432186]]}},{"type":"Feature","properties":{"class":"tertiary","oneway":1},"geometry":{"type":"LineString","coordinates":[[37.62013793,55.76180169],[37.62011647,55.76192846]]}},{"type":"Feature","properties":{"class":"tertiary","oneway":1},"geometry":{"type":"LineString","coordinates":[[37.62011647,55.76192846],[37.62006283,55.76276751]]}},{"type":"Feature","properties":{"class":"tertiary","oneway":1},"geometry":{"type":"LineString","coordinates":[[37.62251973,55.75351885],[37.62263238,55.7534313]]}},{"type":"Feature","properties":{"class":"tertiary","oneway":1},"geometry":{"type":"LineString","coordinates":[[37.62263238,55.7534313],[37.62320101,55.75303281]]}},{"type":"Feature","properties":{"class":"tertiary","oneway":1},"geometry":{"type":"LineString","coordinates":[[37.62320101,55.75303281],[37.62357652,55.75276111]]}},{"type":"Feature","properties":{"class":"tertiary","oneway":1},"geometry":{"type":"LineString","coordinates":[[37.62357652,55.75276111],[37.62370527,55.75265847]]}},{"type":"Feature","properties":{"class":"tertiary","oneway":1},"geometry":{"type":"LineString","coordinates":[[37.62370527,55.75265847],[37.62387156,55.75249847]]}},{"type":"Feature","properties":{"class":"tertiary","oneway":1},"geometry":{"type":"LineString","coordinates":[[37.62387156,55.75249847],[37.6240164,55.75230827]]}},{"type":"Feature","properties":{"class":"tertiary","oneway":1},"geometry":{"type":"LineString","coordinates":[[37.63280332,55.75316564],[37.63208985,55.7529513]]}},{"type":"Feature","properties":{"class":"tertiary","oneway":1},"geometry":{"type":"LineString","coordinates":[[37.63208985,55.7529513],[37.63188064,55.75290904]]}},{"type":"Feature","properties":{"class":"tertiary","oneway":1},"geometry":{"type":"LineString","coordinates":[[37.63188064,55.75290904],[37.63150513,55.75284262]]}},{"type":"Feature","properties":{"class":"tertiary","oneway":1},"geometry":{"type":"LineString","coordinates":[[37.63150513,55.75284262],[37.63115108,55.75279734]]}},{"type":"Feature","properties":{"class":"tertiary","oneway":1},"geometry":{"type":"LineString","coordinates":[[37.63115108,55.75279734],[37.6309526,55.75278828]]}},{"type":"Feature","properties":{"class":"tertiary","oneway":0},"geometry":{"type":"LineString","coordinates":[[37.63007283,55.75657682],[37.62967587,55.75634741]]}},{"type":"Feature","properties":{"class":"tertiary","oneway":0},"geometry":{"type":"LineString","coordinates":[[37.62967587,55.75634741],[37.62880147,55.755958]]}},{"type":"Feature","properties":{"class":"tertiary","oneway":0},"geometry":{"type":"LineString","coordinates":[[37.62880147,55.755958],[37.62834013,55.755795]]}},{"type":"Feature","properties":{"class":"tertiary","oneway":0},"geometry":{"type":"LineString","coordinates":[[37.62834013,55.755795],[37.62797534,55.75565312]]}},{"type":"Feature","properties":{"class":"tertiary","oneway":0},"geometry":{"type":"LineString","coordinates":[[37.62797534,55.75565312],[37.62710631,55.75538445]]}},{"type":"Feature","properties":{"class":"tertiary","oneway":0},"geometry":{"type":"LineString","coordinates":[[37.62710631,55.75538445],[37.62607098,55.75504334]]}},{"type":"Feature","properties":{"class":"tertiary","oneway":0},"geometry":{"type":"LineString","coordinates":[[37.62607098,55.75504334],[37.62574375,55.75491655]]}},{"type":"Feature","properties":{"class":"tertiary","oneway":0},"geometry":{"type":"LineString","coordinates":[[37.62574375,55.75491655],[37.62558818,55.75485014]]}},{"type":"Feature","properties":{"class":"tertiary","oneway":0},"geometry":{"type":"LineString","coordinates":[[37.62558818,55.75485014],[37.62543797,55.75477769]]}},{"type":"Feature","properties":{"class":"tertiary","oneway":0},"geometry":{"type":"LineString","coordinates":[[37.62543797,55.75477769],[37.62510002,55.75463883]]}},{"type":"Feature","properties":{"class":"tertiary","oneway":0},"geometry":{"type":"LineString","coordinates":[[37.62510002,55.75463883],[37.62495518,55.75458449]]}},{"type":"Feature","properties":{"class":"tertiary","oneway":0},"geometry":{"type":"LineString","coordinates":[[37.62495518,55.75458449],[37.62420416,55.75434299]]}},{"type":"Feature","properties":{"class":"tertiary","oneway":0},"geometry":{"type":"LineString","coordinates":[[37.62420416,55.75434299],[37.62359262,55.75410148]]}},{"type":"Feature","properties":{"class":"tertiary","oneway":0},"geometry":{"type":"LineString","coordinates":[[37.62359262,55.75410148],[37.62258947,55.75367583]]}},{"type":"Feature","properties":{"class":"tertiary","oneway":0},"geometry":{"type":"LineString","coordinates":[[37.62258947,55.75367583],[37.62253582,55.75364262]]}},{"type":"Feature","properties":{"class":"tertiary","oneway":1},"geometry":{"type":"LineString","coordinates":[[37.6309526,55.75278828],[37.63059855,55.75278828]]}},{"type":"Feature","properties":{"class":"tertiary","oneway":1},"geometry":{"type":"LineString","coordinates":[[37.63059855,55.75278828],[37.62994409,55.7528064]]}},{"type":"Feature","properties":{"class":"tertiary","oneway":1},"geometry":{"type":"LineString","coordinates":[[37.62994409,55.7528064],[37.6298207,55.75281243]]}},{"type":"Feature","properties":{"class":"tertiary","oneway":1},"geometry":{"type":"LineString","coordinates":[[37.6298207,55.75281243],[37.62962222,55.75283055]]}},{"type":"Feature","properties":{"class":"tertiary","oneway":1},"geometry":{"type":"LineString","coordinates":[[37.62962222,55.75283055],[37.62917697,55.75285168]]}},{"type":"Feature","properties":{"class":"tertiary","oneway":1},"geometry":{"type":"LineString","coordinates":[[37.62917697,55.75285168],[37.62898386,55.75285168]]}},{"type":"Feature","properties":{"class":"tertiary","oneway":1},"geometry":{"type":"LineString","coordinates":[[37.62898386,55.75285168],[37.6286298,55.75284262]]}},{"type":"Feature","properties":{"class":"tertiary","oneway":1},"geometry":{"type":"LineString","coordinates":[[37.6286298,55.75284262],[37.62814701,55.75279734]]}},{"type":"Feature","properties":{"class":"tertiary","oneway":1},"geometry":{"type":"LineString","coordinates":[[37.62814701,55.75279734],[37.62791634,55.75276413]]}},{"type":"Feature","properties":{"class":"tertiary","oneway":1},"geometry":{"type":"LineString","coordinates":[[37.61932254,55.76011146],[37.61977851,55.75937498]]}},{"type":"Feature","properties":{"class":"tertiary","oneway":1},"geometry":{"type":"LineString","coordinates":[[37.61977851,55.75937498],[37.61995554,55.75905503]]}},{"type":"Feature","properties":{"class":"tertiary","oneway":1},"geometry":{"type":"LineString","coordinates":[[37.62791634,55.75276413],[37.62570083,55.75244111]]}},{"type":"Feature","properties":{"class":"tertiary","oneway":1},"geometry":{"type":"LineString","coordinates":[[37.61851788,55.76147572],[37.61874855,55.76112863]]}},{"type":"Feature","properties":{"class":"tertiary","oneway":1},"geometry":{"type":"LineString","coordinates":[[37.61799753,55.76224235],[37.61817992,55.76191638]]}},{"type":"Feature","properties":{"class":"tertiary","oneway":1},"geometry":{"type":"LineString","coordinates":[[37.61817992,55.76191638],[37.61832476,55.76171718]]}},{"type":"Feature","properties":{"class":"tertiary","oneway":1},"geometry":{"type":"LineString","coordinates":[[37.6240164,55.75230827],[37.62412369,55.75214827]]}},{"type":"Feature","properties":{"class":"tertiary","oneway":1},"geometry":{"type":"LineString","coordinates":[[37.62412369,55.75214827],[37.62415588,55.75205468]]}},{"type":"Feature","properties":{"class":"tertiary","oneway":1},"geometry":{"type":"LineString","coordinates":[[37.61758447,55.76308743],[37.61768639,55.76287314]]}},{"type":"Feature","properties":{"class":"tertiary","oneway":1},"geometry":{"type":"LineString","coordinates":[[37.61832476,55.76171718],[37.61851788,55.76147572]]}},{"type":"Feature","properties":{"class":"tertiary","oneway":1},"geometry":{"type":"LineString","coordinates":[[37.61768639,55.76287314],[37.61787951,55.76246267]]}},{"type":"Feature","properties":{"class":"tertiary","oneway":1},"geometry":{"type":"LineString","coordinates":[[37.62416661,55.75186147],[37.62414515,55.75165618]]}},{"type":"Feature","properties":{"class":"tertiary","oneway":1},"geometry":{"type":"LineString","coordinates":[[37.62570083,55.75244111],[37.62442946,55.75226903]]}},{"type":"Feature","properties":{"class":"tertiary","oneway":1},"geometry":{"type":"LineString","coordinates":[[37.62442946,55.75226903],[37.62432218,55.75224789]]}},{"type":"Feature","properties":{"class":"tertiary","oneway":1},"geometry":{"type":"LineString","coordinates":[[37.62432218,55.75224789],[37.62424171,55.75221167]]}},{"type":"Feature","properties":{"class":"tertiary","oneway":1},"geometry":{"type":"LineString","coordinates":[[37.62424171,55.75221167],[37.62419343,55.75217242]]}},{"type":"Feature","properties":{"class":"tertiary","oneway":1},"geometry":{"type":"LineString","coordinates":[[37.62419343,55.75217242],[37.62416124,55.75211506]]}},{"type":"Feature","properties":{"class":"tertiary","oneway":1},"geometry":{"type":"LineString","coordinates":[[37.62416124,55.75211506],[37.62415588,55.75205468]]}},{"type":"Feature","properties":{"class":"tertiary","oneway":1},"geometry":{"type":"LineString","coordinates":[[37.62253582,55.75364262],[37.622509,55.75361545]]}},{"type":"Feature","properties":{"class":"tertiary","oneway":1},"geometry":{"type":"LineString","coordinates":[[37.622509,55.75361545],[37.62249827,55.75358527]]}},{"type":"Feature","properties":{"class":"tertiary","oneway":1},"geometry":{"type":"LineString","coordinates":[[37.62249827,55.75358527],[37.62251973,55.75351885]]}},{"type":"Feature","properties":{"class":"tertiary","oneway":1},"geometry":{"type":"LineString","coordinates":[[37.62091041,55.75899164],[37.62132347,55.75912445]]}},{"type":"Feature","properties":{"class":"tertiary","oneway":1},"geometry":{"type":"LineString","coordinates":[[37.62132347,55.75912445],[37.62140393,55.7591818]]}},{"type":"Feature","properties":{"class":"tertiary","oneway":1},"geometry":{"type":"LineString","coordinates":[[37.62415588,55.75205468],[37.62416661,55.75186147]]}},{"type":"Feature","properties":{"class":"tertiary","oneway":1},"geometry":{"type":"LineString","coordinates":[[37.61995554,55.75905503],[37.62006819,55.75885279]]}},{"type":"Feature","properties":{"class":"tertiary","oneway":1},"geometry":{"type":"LineString","coordinates":[[37.62140393,55.7591818],[37.62143612,55.75923915]]}},{"type":"Feature","properties":{"class":"tertiary","oneway":1},"geometry":{"type":"LineString","coordinates":[[37.62143612,55.75923915],[37.62142539,55.75928141]]}},{"type":"Feature","properties":{"class":"tertiary","oneway":1},"geometry":{"type":"LineString","coordinates":[[37.61925817,55.76022917],[37.61932254,55.76011146]]}},{"type":"Feature","properties":{"class":"tertiary","oneway":1},"geometry":{"type":"LineString","coordinates":[[37.61911333,55.7604978],[37.61925817,55.76022917]]}},{"type":"Feature","properties":{"class":"tertiary","oneway":1},"geometry":{"type":"LineString","coordinates":[[37.61874855,55.76112863],[37.61888802,55.76091131]]}},{"type":"Feature","properties":{"class":"tertiary","oneway":1},"geometry":{"type":"LineString","coordinates":[[37.61888802,55.76091131],[37.61911333,55.7604978]]}},{"type":"Feature","properties":{"class":"tertiary","oneway":1},"geometry":{"type":"LineString","coordinates":[[37.61787951,55.76246267],[37.61799753,55.76224235]]}},{"type":"Feature","properties":{"class":"tertiary","oneway":1},"geometry":{"type":"LineString","coordinates":[[37.61734307,55.76359748],[37.61747718,55.76330171]]}},{"type":"Feature","properties":{"class":"tertiary","oneway":1},"geometry":{"type":"LineString","coordinates":[[37.61747718,55.76330171],[37.61758447,55.76308743]]}},{"type":"Feature","properties":{"class":"tertiary","oneway":1},"geometry":{"type":"LineString","coordinates":[[37.62003601,55.76334397],[37.62001455,55.76376046]]}},{"type":"Feature","properties":{"class":"tertiary","oneway":1},"geometry":{"type":"LineString","coordinates":[[37.62004673,55.76318401],[37.62003601,55.76334397]]}},{"type":"Feature","properties":{"class":"tertiary","oneway":1},"geometry":{"type":"LineString","coordinates":[[37.62001455,55.76376046],[37.61999309,55.7641347]]}},{"type":"Feature","properties":{"class":"tertiary","oneway":1},"geometry":{"type":"LineString","coordinates":[[37.62019157,55.76159947],[37.62015402,55.76171718]]}},{"type":"Feature","properties":{"class":"tertiary","oneway":1},"geometry":{"type":"LineString","coordinates":[[37.62015402,55.76171718],[37.62013793,55.76180169]]}},{"type":"Feature","properties":{"class":"tertiary","oneway":1},"geometry":{"type":"LineString","coordinates":[[37.62027204,55.76144856],[37.62019157,55.76159947]]}},{"type":"Feature","properties":{"class":"tertiary","oneway":1},"geometry":{"type":"LineString","coordinates":[[37.6204437,55.76112561],[37.62027204,55.76144856]]}},{"type":"Feature","properties":{"class":"tertiary","oneway":1},"geometry":{"type":"LineString","coordinates":[[37.62054026,55.76094149],[37.6204437,55.76112561]]}},{"type":"Feature","properties":{"class":"tertiary","oneway":1},"geometry":{"type":"LineString","coordinates":[[37.62093723,55.76022917],[37.62054026,55.76094149]]}},{"type":"Feature","properties":{"class":"tertiary","oneway":1},"geometry":{"type":"LineString","coordinates":[[37.62104452,55.76002695],[37.62093723,55.76022917]]}},{"type":"Feature","properties":{"class":"tertiary","oneway":1},"geometry":{"type":"LineString","coordinates":[[37.62114108,55.75984283],[37.62104452,55.76002695]]}},{"type":"Feature","properties":{"class":"tertiary","oneway":1},"geometry":{"type":"LineString","coordinates":[[37.62142539,55.75928141],[37.62114108,55.75984283]]}},{"type":"Feature","properties":{"class":"tertiary","oneway":1},"geometry":{"type":"LineString","coordinates":[[37.61999309,55.7641347],[37.619977,55.76440632]]}},{"type":"Feature","properties":{"class":"tertiary","oneway":1},"geometry":{"type":"LineString","coordinates":[[37.62006283,55.76276751],[37.62004673,55.76318401]]}},{"type":"Feature","properties":{"class":"secondary","oneway":1},"geometry":{"type":"LineString","coordinates":[[37.63148904,55.75716243],[37.63174117,55.75724393]]}},{"type":"Feature","properties":{"class":"secondary","oneway":1},"geometry":{"type":"LineString","coordinates":[[37.63174117,55.75724393],[37.63232589,55.7573526]]}},{"type":"Feature","properties":{"class":"secondary","oneway":1},"geometry":{"type":"LineString","coordinates":[[37.62525558,55.75964663],[37.62571156,55.75971002]]}},{"type":"Feature","properties":{"class":"secondary","oneway":1},"geometry":{"type":"LineString","coordinates":[[37.62571156,55.75971002],[37.62581885,55.75972813]]}},{"type":"Feature","properties":{"class":"secondary","oneway":1},"geometry":{"type":"LineString","coordinates":[[37.62581885,55.75972813],[37.62594759,55.75976133]]}},{"type":"Feature","properties":{"class":"secondary","oneway":1},"geometry":{"type":"LineString","coordinates":[[37.62802899,55.76205522],[37.62849033,55.76280372]]}},{"type":"Feature","properties":{"class":"secondary","oneway":1},"geometry":{"type":"LineString","coordinates":[[37.63293207,55.76153005],[37.6321274,55.76105921]]}},{"type":"Feature","properties":{"class":"secondary","oneway":1},"geometry":{"type":"LineString","coordinates":[[37.6321274,55.76105921],[37.63199329,55.7609596]]}},{"type":"Feature","properties":{"class":"secondary","oneway":1},"geometry":{"type":"LineString","coordinates":[[37.62866199,55.76308743],[37.62867808,55.76310855]]}},{"type":"Feature","properties":{"class":"secondary","oneway":1},"geometry":{"type":"LineString","coordinates":[[37.62883365,55.75982773],[37.62865663,55.75979151]]}},{"type":"Feature","properties":{"class":"secondary","oneway":1},"geometry":{"type":"LineString","coordinates":[[37.62865663,55.75979151],[37.62849033,55.75974926]]}},{"type":"Feature","properties":{"class":"secondary","oneway":1},"geometry":{"type":"LineString","coordinates":[[37.62849033,55.75974926],[37.62827575,55.75968889]]}},{"type":"Feature","properties":{"class":"secondary","oneway":1},"geometry":{"type":"LineString","coordinates":[[37.62827575,55.75968889],[37.62803435,55.75960437]]}},{"type":"Feature","properties":{"class":"secondary","oneway":1},"geometry":{"type":"LineString","coordinates":[[37.62871027,55.76314477],[37.62912333,55.76368803]]}},{"type":"Feature","properties":{"class":"secondary","oneway":1},"geometry":{"type":"LineString","coordinates":[[37.62912333,55.76368803],[37.62969732,55.76440632]]}},{"type":"Feature","properties":{"class":"secondary","oneway":1},"geometry":{"type":"LineString","coordinates":[[37.62851715,55.75907012],[37.62786806,55.75952288]]}},{"type":"Feature","properties":{"class":"secondary","oneway":1},"geometry":{"type":"LineString","coordinates":[[37.62594759,55.75976133],[37.62601733,55.7597885]]}},{"type":"Feature","properties":{"class":"secondary","oneway":1},"geometry":{"type":"LineString","coordinates":[[37.62601733,55.7597885],[37.62616754,55.75987603]]}},{"type":"Feature","properties":{"class":"secondary","oneway":1},"geometry":{"type":"LineString","coordinates":[[37.62616754,55.75987603],[37.62668788,55.76045253]]}},{"type":"Feature","properties":{"class":"secondary","oneway":1},"geometry":{"type":"LineString","coordinates":[[37.63097405,55.76016881],[37.63084531,55.76012957]]}},{"type":"Feature","properties":{"class":"secondary","oneway":1},"geometry":{"type":"LineString","coordinates":[[37.63084531,55.76012957],[37.63067901,55.76009637]]}},{"type":"Feature","properties":{"class":"secondary","oneway":1},"geometry":{"type":"LineString","coordinates":[[37.63067901,55.76009637],[37.62995481,55.75997865]]}},{"type":"Feature","properties":{"class":"secondary","oneway":1},"geometry":{"type":"LineString","coordinates":[[37.62995481,55.75997865],[37.62883365,55.75982773]]}},{"type":"Feature","properties":{"class":"secondary","oneway":1},"geometry":{"type":"LineString","coordinates":[[37.63199329,55.7609596],[37.63171434,55.76067588]]}},{"type":"Feature","properties":{"class":"secondary","oneway":1},"geometry":{"type":"LineString","coordinates":[[37.63148904,55.75716243],[37.63135493,55.75726506]]}},{"type":"Feature","properties":{"class":"secondary","oneway":1},"geometry":{"type":"LineString","coordinates":[[37.63135493,55.75726506],[37.63094723,55.75747636]]}},{"type":"Feature","properties":{"class":"secondary","oneway":1},"geometry":{"type":"LineString","coordinates":[[37.63283014,55.75609384],[37.6324439,55.75637458]]}},{"type":"Feature","properties":{"class":"secondary","oneway":1},"geometry":{"type":"LineString","coordinates":[[37.6324439,55.75637458],[37.63232589,55.75647419]]}},{"type":"Feature","properties":{"class":"secondary","oneway":1},"geometry":{"type":"LineString","coordinates":[[37.63007283,55.75657682],[37.63019621,55.75665229]]}},{"type":"Feature","properties":{"class":"secondary","oneway":1},"geometry":{"type":"LineString","coordinates":[[37.63068438,55.75685152],[37.63089895,55.75693]]}},{"type":"Feature","properties":{"class":"secondary","oneway":1},"geometry":{"type":"LineString","coordinates":[[37.63089895,55.75693],[37.63148904,55.75716243]]}},{"type":"Feature","properties":{"class":"secondary","oneway":1},"geometry":{"type":"LineString","coordinates":[[37.63171434,55.76067588],[37.63159633,55.76056119]]}},{"type":"Feature","properties":{"class":"secondary","oneway":1},"geometry":{"type":"LineString","coordinates":[[37.63159633,55.76056119],[37.63134956,55.76034689]]}},{"type":"Feature","properties":{"class":"secondary","oneway":1},"geometry":{"type":"LineString","coordinates":[[37.62705266,55.76007222],[37.62689173,55.76011146]]}},{"type":"Feature","properties":{"class":"secondary","oneway":1},"geometry":{"type":"LineString","coordinates":[[37.62689173,55.76011146],[37.62678981,55.76012051]]}},{"type":"Feature","properties":{"class":"secondary","oneway":1},"geometry":{"type":"LineString","coordinates":[[37.62678981,55.76012051],[37.62670398,55.76011448]]}},{"type":"Feature","properties":{"class":"secondary","oneway":1},"geometry":{"type":"LineString","coordinates":[[37.62670398,55.76011448],[37.62663424,55.76009637]]}},{"type":"Feature","properties":{"class":"secondary","oneway":1},"geometry":{"type":"LineString","coordinates":[[37.62663424,55.76009637],[37.62655914,55.76006317]]}},{"type":"Feature","properties":{"class":"secondary","oneway":1},"geometry":{"type":"LineString","coordinates":[[37.62655914,55.76006317],[37.62649477,55.76000582]]}},{"type":"Feature","properties":{"class":"secondary","oneway":1},"geometry":{"type":"LineString","coordinates":[[37.62649477,55.76000582],[37.62622654,55.75968889]]}},{"type":"Feature","properties":{"class":"secondary","oneway":1},"geometry":{"type":"LineString","coordinates":[[37.62611926,55.75958325],[37.62610853,55.75952892]]}},{"type":"Feature","properties":{"class":"secondary","oneway":1},"geometry":{"type":"LineString","coordinates":[[37.62610853,55.75952892],[37.62612462,55.75949269]]}},{"type":"Feature","properties":{"class":"secondary","oneway":1},"geometry":{"type":"LineString","coordinates":[[37.62612462,55.75949269],[37.6263392,55.75921802]]}},{"type":"Feature","properties":{"class":"secondary","oneway":1},"geometry":{"type":"LineString","coordinates":[[37.63019621,55.75665229],[37.63068438,55.75685152]]}},{"type":"Feature","properties":{"class":"secondary","oneway":1},"geometry":{"type":"LineString","coordinates":[[37.62786806,55.75952288],[37.62705266,55.76007222]]}},{"type":"Feature","properties":{"class":"secondary","oneway":1},"geometry":{"type":"LineString","coordinates":[[37.62622654,55.75968889],[37.62616217,55.7596406]]}},{"type":"Feature","properties":{"class":"secondary","oneway":1},"geometry":{"type":"LineString","coordinates":[[37.62616217,55.7596406],[37.62611926,55.75958325]]}},{"type":"Feature","properties":{"class":"secondary","oneway":1},"geometry":{"type":"LineString","coordinates":[[37.62705266,55.76007222],[37.62661278,55.76036802]]}},{"type":"Feature","properties":{"class":"secondary","oneway":1},"geometry":{"type":"LineString","coordinates":[[37.62668788,55.76045253],[37.62749255,55.7614063]]}},{"type":"Feature","properties":{"class":"secondary","oneway":1},"geometry":{"type":"LineString","coordinates":[[37.62749255,55.7614063],[37.62762129,55.76153911]]}},{"type":"Feature","properties":{"class":"secondary","oneway":1},"geometry":{"type":"LineString","coordinates":[[37.63163388,55.75704773],[37.63148904,55.75716243]]}},{"type":"Feature","properties":{"class":"secondary","oneway":1},"geometry":{"type":"LineString","coordinates":[[37.63094723,55.75747636],[37.63066292,55.75761219]]}},{"type":"Feature","properties":{"class":"secondary","oneway":1},"geometry":{"type":"LineString","coordinates":[[37.63066292,55.75761219],[37.63011575,55.75793518]]}},{"type":"Feature","properties":{"class":"secondary","oneway":1},"geometry":{"type":"LineString","coordinates":[[37.63011575,55.75793518],[37.62980461,55.75814949]]}},{"type":"Feature","properties":{"class":"secondary","oneway":1},"geometry":{"type":"LineString","coordinates":[[37.62980461,55.75814949],[37.62893021,55.75879242]]}},{"type":"Feature","properties":{"class":"secondary","oneway":1},"geometry":{"type":"LineString","coordinates":[[37.62893021,55.75879242],[37.62851715,55.75907012]]}},{"type":"Feature","properties":{"class":"secondary","oneway":1},"geometry":{"type":"LineString","coordinates":[[37.62478352,55.75953495],[37.62525558,55.75964663]]}},{"type":"Feature","properties":{"class":"secondary","oneway":1},"geometry":{"type":"LineString","coordinates":[[37.63232589,55.75647419],[37.63206303,55.75670361]]}},{"type":"Feature","properties":{"class":"secondary","oneway":1},"geometry":{"type":"LineString","coordinates":[[37.63206303,55.75670361],[37.63163388,55.75704773]]}},{"type":"Feature","properties":{"class":"secondary","oneway":1},"geometry":{"type":"LineString","coordinates":[[37.62797534,55.76197675],[37.62802899,55.76205522]]}},{"type":"Feature","properties":{"class":"secondary","oneway":1},"geometry":{"type":"LineString","coordinates":[[37.62762129,55.76153911],[37.62785196,55.76178962]]}},{"type":"Feature","properties":{"class":"secondary","oneway":1},"geometry":{"type":"LineString","coordinates":[[37.62785196,55.76178962],[37.62797534,55.76197675]]}},{"type":"Feature","properties":{"class":"secondary","oneway":1},"geometry":{"type":"LineString","coordinates":[[37.62867808,55.76310855],[37.62871027,55.76314477]]}},{"type":"Feature","properties":{"class":"secondary","oneway":1},"geometry":{"type":"LineString","coordinates":[[37.62849033,55.76280372],[37.62866199,55.76308743]]}},{"type":"Feature","properties":{"class":"secondary","oneway":1},"geometry":{"type":"LineString","coordinates":[[37.62803435,55.75960437],[37.62786806,55.75952288]]}},{"type":"Feature","properties":{"class":"secondary","oneway":1},"geometry":{"type":"LineString","coordinates":[[37.63134956,55.76034689],[37.63121545,55.76025634]]}},{"type":"Feature","properties":{"class":"secondary","oneway":1},"geometry":{"type":"LineString","coordinates":[[37.63121545,55.76025634],[37.63111889,55.76021408]]}},{"type":"Feature","properties":{"class":"secondary","oneway":1},"geometry":{"type":"LineString","coordinates":[[37.63111889,55.76021408],[37.63097405,55.76016881]]}},{"type":"Feature","properties":{"class":"primary","oneway":1},"geometry":{"type":"LineString","coordinates":[[37.63040543,55.75654362],[37.63074338,55.75632326]]}},{"type":"Feature","properties":{"class":"primary","oneway":1},"geometry":{"type":"LineString","coordinates":[[37.63074338,55.75632326],[37.63168752,55.75565614]]}},{"type":"Feature","properties":{"class":"primary","oneway":1},"geometry":{"type":"LineString","coordinates":[[37.63168752,55.75565614],[37.63291597,55.75476562]]}},{"type":"Feature","properties":{"class":"primary","oneway":1},"geometry":{"type":"LineString","coordinates":[[37.61771321,55.75836682],[37.6178956,55.75844832]]}},{"type":"Feature","properties":{"class":"primary","oneway":1},"geometry":{"type":"LineString","coordinates":[[37.6178956,55.75844832],[37.61800826,55.75848152]]}},{"type":"Feature","properties":{"class":"primary","oneway":1},"geometry":{"type":"LineString","coordinates":[[37.61800826,55.75848152],[37.61870027,55.7586083]]}},{"type":"Feature","properties":{"class":"primary","oneway":1},"geometry":{"type":"LineString","coordinates":[[37.6221925,55.75919085],[37.62372673,55.75939007]]}},{"type":"Feature","properties":{"class":"primary","oneway":1},"geometry":{"type":"LineString","coordinates":[[37.62679517,55.75889505],[37.62888193,55.75737675]]}},{"type":"Feature","properties":{"class":"primary","oneway":1},"geometry":{"type":"LineString","coordinates":[[37.62478352,55.75953495],[37.62523413,55.75954401]]}},{"type":"Feature","properties":{"class":"primary","oneway":1},"geometry":{"type":"LineString","coordinates":[[37.62523413,55.75954401],[37.62547016,55.75953193]]}},{"type":"Feature","properties":{"class":"primary","oneway":1},"geometry":{"type":"LineString","coordinates":[[37.62547016,55.75953193],[37.62565255,55.75951382]]}},{"type":"Feature","properties":{"class":"primary","oneway":1},"geometry":{"type":"LineString","coordinates":[[37.62372673,55.75939007],[37.62478352,55.75953495]]}},{"type":"Feature","properties":{"class":"primary","oneway":1},"geometry":{"type":"LineString","coordinates":[[37.62565255,55.75951382],[37.62581885,55.75947458]]}},{"type":"Feature","properties":{"class":"primary","oneway":1},"geometry":{"type":"LineString","coordinates":[[37.62581885,55.75947458],[37.62593687,55.75943233]]}},{"type":"Feature","properties":{"class":"primary","oneway":1},"geometry":{"type":"LineString","coordinates":[[37.62593687,55.75943233],[37.6263392,55.75921802]]}},{"type":"Feature","properties":{"class":"primary","oneway":1},"geometry":{"type":"LineString","coordinates":[[37.6263392,55.75921802],[37.62679517,55.75889505]]}},{"type":"Feature","properties":{"class":"primary","oneway":1},"geometry":{"type":"LineString","coordinates":[[37.62006819,55.75885279],[37.62091041,55.75899164]]}},{"type":"Feature","properties":{"class":"primary","oneway":1},"geometry":{"type":"LineString","coordinates":[[37.61684418,55.7578416],[37.61690319,55.75788084]]}},{"type":"Feature","properties":{"class":"primary","oneway":1},"geometry":{"type":"LineString","coordinates":[[37.63007283,55.75657682],[37.63018012,55.75655871]]}},{"type":"Feature","properties":{"class":"primary","oneway":1},"geometry":{"type":"LineString","coordinates":[[37.63018012,55.75655871],[37.63040543,55.75654362]]}},{"type":"Feature","properties":{"class":"primary","oneway":1},"geometry":{"type":"LineString","coordinates":[[37.62953103,55.75690887],[37.62987435,55.75666436]]}},{"type":"Feature","properties":{"class":"primary","oneway":1},"geometry":{"type":"LineString","coordinates":[[37.62987435,55.75666436],[37.63007283,55.75657682]]}},{"type":"Feature","properties":{"class":"primary","oneway":1},"geometry":{"type":"LineString","coordinates":[[37.62091041,55.75899164],[37.62159169,55.75910332]]}},{"type":"Feature","properties":{"class":"primary","oneway":1},"geometry":{"type":"LineString","coordinates":[[37.62159169,55.75910332],[37.6221925,55.75919085]]}},{"type":"Feature","properties":{"class":"primary","oneway":1},"geometry":{"type":"LineString","coordinates":[[37.61738062,55.75818269],[37.61771321,55.75836682]]}},{"type":"Feature","properties":{"class":"primary","oneway":1},"geometry":{"type":"LineString","coordinates":[[37.61870027,55.7586083],[37.62006819,55.75885279]]}},{"type":"Feature","properties":{"class":"primary","oneway":1},"geometry":{"type":"LineString","coordinates":[[37.62888193,55.75737675],[37.62953103,55.75690887]]}},{"type":"Feature","properties":{"class":"tertiary","oneway":1},"geometry":{"type":"LineString","coordinates":[[37.62490153,55.74840761],[37.62501955,55.74838647]]}},{"type":"Feature","properties":{"class":"tertiary","oneway":1},"geometry":{"type":"LineString","coordinates":[[37.62501955,55.74838647],[37.62515366,55.74834722]]}},{"type":"Feature","properties":{"class":"tertiary","oneway":1},"geometry":{"type":"LineString","coordinates":[[37.62515366,55.74834722],[37.62521803,55.74831099]]}},{"type":"Feature","properties":{"class":"tertiary","oneway":1},"geometry":{"type":"LineString","coordinates":[[37.62521803,55.74831099],[37.62535751,55.74818116]]}},{"type":"Feature","properties":{"class":"minor","oneway":1},"geometry":{"type":"LineString","coordinates":[[37.6193279,55.74811172],[37.61935472,55.74804831]]}},{"type":"Feature","properties":{"class":"tertiary","oneway":1},"geometry":{"type":"LineString","coordinates":[[37.62467623,55.74841968],[37.62490153,55.74840761]]}},{"type":"Feature","properties":{"class":"tertiary","oneway":0},"geometry":{"type":"LineString","coordinates":[[37.62547016,55.74803624],[37.6253897,55.74812078]]}},{"type":"Feature","properties":{"class":"tertiary","oneway":0},"geometry":{"type":"LineString","coordinates":[[37.6253897,55.74812078],[37.62535751,55.74818116]]}},{"type":"Feature","properties":{"class":"tertiary","oneway":0},"geometry":{"type":"LineString","coordinates":[[37.62535751,55.74818116],[37.62526095,55.7484378]]}},{"type":"Feature","properties":{"class":"tertiary","oneway":0},"geometry":{"type":"LineString","coordinates":[[37.62526095,55.7484378],[37.62519121,55.74855253]]}},{"type":"Feature","properties":{"class":"tertiary","oneway":1},"geometry":{"type":"LineString","coordinates":[[37.6252073,55.75136937],[37.62521803,55.7504395]]}},{"type":"Feature","properties":{"class":"tertiary","oneway":1},"geometry":{"type":"LineString","coordinates":[[37.62521803,55.7504395],[37.62523413,55.74982964]]}},{"type":"Feature","properties":{"class":"tertiary","oneway":1},"geometry":{"type":"LineString","coordinates":[[37.62455285,55.74996248],[37.62448311,55.75074141]]}},{"type":"Feature","properties":{"class":"tertiary","oneway":1},"geometry":{"type":"LineString","coordinates":[[37.62416661,55.75186147],[37.62412906,55.75152032]]}},{"type":"Feature","properties":{"class":"tertiary","oneway":1},"geometry":{"type":"LineString","coordinates":[[37.62523413,55.74982964],[37.62526095,55.74979945]]}},{"type":"Feature","properties":{"class":"tertiary","oneway":1},"geometry":{"type":"LineString","coordinates":[[37.62415588,55.75204261],[37.62416661,55.75186147]]}},{"type":"Feature","properties":{"class":"tertiary","oneway":1},"geometry":{"type":"LineString","coordinates":[[37.62448311,55.75074141],[37.62444019,55.75123955]]}},{"type":"Feature","properties":{"class":"tertiary","oneway":1},"geometry":{"type":"LineString","coordinates":[[37.62444019,55.75123955],[37.62444019,55.7513573]]}},{"type":"Feature","properties":{"class":"tertiary","oneway":1},"geometry":{"type":"LineString","coordinates":[[37.62444019,55.7513573],[37.62445629,55.75145088]]}},{"type":"Feature","properties":{"class":"tertiary","oneway":1},"geometry":{"type":"LineString","coordinates":[[37.62445629,55.75145088],[37.6244992,55.75150825]]}},{"type":"Feature","properties":{"class":"tertiary","oneway":1},"geometry":{"type":"LineString","coordinates":[[37.6244992,55.75150825],[37.62459576,55.75155655]]}},{"type":"Feature","properties":{"class":"tertiary","oneway":1},"geometry":{"type":"LineString","coordinates":[[37.62459576,55.75155655],[37.62466013,55.75156863]]}},{"type":"Feature","properties":{"class":"tertiary","oneway":1},"geometry":{"type":"LineString","coordinates":[[37.62466013,55.75156863],[37.62472987,55.75157466]]}},{"type":"Feature","properties":{"class":"tertiary","oneway":1},"geometry":{"type":"LineString","coordinates":[[37.62472987,55.75157466],[37.62479424,55.75157164]]}},{"type":"Feature","properties":{"class":"tertiary","oneway":1},"geometry":{"type":"LineString","coordinates":[[37.62479424,55.75157164],[37.62499273,55.7515324]]}},{"type":"Feature","properties":{"class":"tertiary","oneway":1},"geometry":{"type":"LineString","coordinates":[[37.62499273,55.7515324],[37.62510002,55.75149617]]}},{"type":"Feature","properties":{"class":"tertiary","oneway":1},"geometry":{"type":"LineString","coordinates":[[37.62510002,55.75149617],[37.62514293,55.75147202]]}},{"type":"Feature","properties":{"class":"tertiary","oneway":1},"geometry":{"type":"LineString","coordinates":[[37.62514293,55.75147202],[37.62518585,55.75143277]]}},{"type":"Feature","properties":{"class":"tertiary","oneway":1},"geometry":{"type":"LineString","coordinates":[[37.62518585,55.75143277],[37.6252073,55.75136937]]}},{"type":"Feature","properties":{"class":"secondary","oneway":1},"geometry":{"type":"LineString","coordinates":[[37.6242578,55.74848309],[37.62385011,55.74849516]]}},{"type":"Feature","properties":{"class":"secondary","oneway":1},"geometry":{"type":"LineString","coordinates":[[37.62385011,55.74849516],[37.62361407,55.74849214]]}},{"type":"Feature","properties":{"class":"secondary","oneway":1},"geometry":{"type":"LineString","coordinates":[[37.62361407,55.74849214],[37.62161851,55.7483593]]}},{"type":"Feature","properties":{"class":"secondary","oneway":1},"geometry":{"type":"LineString","coordinates":[[37.62161851,55.7483593],[37.62110889,55.74832005]]}},{"type":"Feature","properties":{"class":"secondary","oneway":1},"geometry":{"type":"LineString","coordinates":[[37.62110889,55.74832005],[37.62060463,55.7482657]]}},{"type":"Feature","properties":{"class":"secondary","oneway":1},"geometry":{"type":"LineString","coordinates":[[37.61684418,55.74867934],[37.61710167,55.74872462]]}},{"type":"Feature","properties":{"class":"secondary","oneway":1},"geometry":{"type":"LineString","coordinates":[[37.61710167,55.74872462],[37.62050271,55.74923487]]}},{"type":"Feature","properties":{"class":"secondary","oneway":1},"geometry":{"type":"LineString","coordinates":[[37.62050271,55.74923487],[37.62119472,55.7493345]]}},{"type":"Feature","properties":{"class":"secondary","oneway":1},"geometry":{"type":"LineString","coordinates":[[37.62119472,55.7493345],[37.62175798,55.7493979]]}},{"type":"Feature","properties":{"class":"secondary","oneway":1},"geometry":{"type":"LineString","coordinates":[[37.62175798,55.7493979],[37.62298644,55.74950961]]}},{"type":"Feature","properties":{"class":"secondary","oneway":1},"geometry":{"type":"LineString","coordinates":[[37.62298644,55.74950961],[37.62412906,55.74963944]]}},{"type":"Feature","properties":{"class":"secondary","oneway":1},"geometry":{"type":"LineString","coordinates":[[37.6250571,55.74972397],[37.62534678,55.74975115]]}},{"type":"Feature","properties":{"class":"secondary","oneway":1},"geometry":{"type":"LineString","coordinates":[[37.6250571,55.74972397],[37.62523949,55.74978134]]}},{"type":"Feature","properties":{"class":"secondary","oneway":1},"geometry":{"type":"LineString","coordinates":[[37.62523949,55.74978134],[37.62526095,55.74979945]]}},{"type":"Feature","properties":{"class":"secondary","oneway":1},"geometry":{"type":"LineString","coordinates":[[37.6320684,55.74830495],[37.63169825,55.74837439]]}},{"type":"Feature","properties":{"class":"secondary","oneway":1},"geometry":{"type":"LineString","coordinates":[[37.63169825,55.74837439],[37.63129592,55.74843176]]}},{"type":"Feature","properties":{"class":"secondary","oneway":1},"geometry":{"type":"LineString","coordinates":[[37.63129592,55.74843176],[37.62980461,55.74861593]]}},{"type":"Feature","properties":{"class":"secondary","oneway":1},"geometry":{"type":"LineString","coordinates":[[37.62980461,55.74861593],[37.62907505,55.74868537]]}},{"type":"Feature","properties":{"class":"secondary","oneway":1},"geometry":{"type":"LineString","coordinates":[[37.62907505,55.74868537],[37.6283133,55.74873368]]}},{"type":"Feature","properties":{"class":"secondary","oneway":1},"geometry":{"type":"LineString","coordinates":[[37.6283133,55.74873368],[37.62798607,55.74874878]]}},{"type":"Feature","properties":{"class":"secondary","oneway":1},"geometry":{"type":"LineString","coordinates":[[37.62798607,55.74874878],[37.62732089,55.7487367]]}},{"type":"Feature","properties":{"class":"secondary","oneway":1},"geometry":{"type":"LineString","coordinates":[[37.62732089,55.7487367],[37.62670934,55.74870651]]}},{"type":"Feature","properties":{"class":"secondary","oneway":1},"geometry":{"type":"LineString","coordinates":[[37.62669325,55.74864311],[37.6272887,55.7486733]]}},{"type":"Feature","properties":{"class":"secondary","oneway":1},"geometry":{"type":"LineString","coordinates":[[37.6272887,55.7486733],[37.62799144,55.74868236]]}},{"type":"Feature","properties":{"class":"secondary","oneway":1},"geometry":{"type":"LineString","coordinates":[[37.62799144,55.74868236],[37.62905359,55.74861895]]}},{"type":"Feature","properties":{"class":"secondary","oneway":1},"geometry":{"type":"LineString","coordinates":[[37.62905359,55.74861895],[37.62978852,55.74855555]]}},{"type":"Feature","properties":{"class":"secondary","oneway":1},"geometry":{"type":"LineString","coordinates":[[37.62978852,55.74855555],[37.63127446,55.74838345]]}},{"type":"Feature","properties":{"class":"secondary","oneway":1},"geometry":{"type":"LineString","coordinates":[[37.63127446,55.74838345],[37.63166606,55.74832609]]}},{"type":"Feature","properties":{"class":"secondary","oneway":1},"geometry":{"type":"LineString","coordinates":[[37.63166606,55.74832609],[37.63203621,55.74825362]]}},{"type":"Feature","properties":{"class":"secondary","oneway":1},"geometry":{"type":"LineString","coordinates":[[37.63203621,55.74825362],[37.63285697,55.74806643]]}},{"type":"Feature","properties":{"class":"secondary","oneway":1},"geometry":{"type":"LineString","coordinates":[[37.62414515,55.7513422],[37.62431145,55.74995343]]}},{"type":"Feature","properties":{"class":"secondary","oneway":1},"geometry":{"type":"LineString","coordinates":[[37.62411833,55.74975115],[37.62408614,55.74975416]]}},{"type":"Feature","properties":{"class":"secondary","oneway":1},"geometry":{"type":"LineString","coordinates":[[37.62408614,55.74975416],[37.62404323,55.74976624]]}},{"type":"Feature","properties":{"class":"secondary","oneway":1},"geometry":{"type":"LineString","coordinates":[[37.62404323,55.74976624],[37.6239574,55.74981455]]}},{"type":"Feature","properties":{"class":"secondary","oneway":1},"geometry":{"type":"LineString","coordinates":[[37.6239574,55.74981455],[37.62388766,55.74992626]]}},{"type":"Feature","properties":{"class":"secondary","oneway":1},"geometry":{"type":"LineString","coordinates":[[37.62388766,55.74992626],[37.62352288,55.75107653]]}},{"type":"Feature","properties":{"class":"secondary","oneway":1},"geometry":{"type":"LineString","coordinates":[[37.62352288,55.75107653],[37.62345314,55.75126069]]}},{"type":"Feature","properties":{"class":"secondary","oneway":1},"geometry":{"type":"LineString","coordinates":[[37.62345314,55.75126069],[37.6234585,55.75133616]]}},{"type":"Feature","properties":{"class":"secondary","oneway":1},"geometry":{"type":"LineString","coordinates":[[37.61935472,55.74804831],[37.61973023,55.74809964]]}},{"type":"Feature","properties":{"class":"secondary","oneway":1},"geometry":{"type":"LineString","coordinates":[[37.61973023,55.74809964],[37.62063682,55.7482023]]}},{"type":"Feature","properties":{"class":"secondary","oneway":1},"geometry":{"type":"LineString","coordinates":[[37.62063682,55.7482023],[37.62163997,55.74829891]]}},{"type":"Feature","properties":{"class":"secondary","oneway":1},"geometry":{"type":"LineString","coordinates":[[37.62163997,55.74829891],[37.62355506,55.74842572]]}},{"type":"Feature","properties":{"class":"secondary","oneway":1},"geometry":{"type":"LineString","coordinates":[[37.62355506,55.74842572],[37.62376428,55.74843176]]}},{"type":"Feature","properties":{"class":"secondary","oneway":1},"geometry":{"type":"LineString","coordinates":[[37.62376428,55.74843176],[37.62401104,55.74842572]]}},{"type":"Feature","properties":{"class":"secondary","oneway":1},"geometry":{"type":"LineString","coordinates":[[37.62530923,55.74983568],[37.62528241,55.75051196]]}},{"type":"Feature","properties":{"class":"secondary","oneway":1},"geometry":{"type":"LineString","coordinates":[[37.62477815,55.74969982],[37.6250571,55.74972397]]}},{"type":"Feature","properties":{"class":"secondary","oneway":1},"geometry":{"type":"LineString","coordinates":[[37.62527168,55.75111275],[37.62526631,55.75136937]]}},{"type":"Feature","properties":{"class":"secondary","oneway":1},"geometry":{"type":"LineString","coordinates":[[37.62526631,55.75136937],[37.62525022,55.75143277]]}},{"type":"Feature","properties":{"class":"secondary","oneway":1},"geometry":{"type":"LineString","coordinates":[[37.62525022,55.75143277],[37.62523413,55.75145692]]}},{"type":"Feature","properties":{"class":"secondary","oneway":1},"geometry":{"type":"LineString","coordinates":[[37.62523413,55.75145692],[37.62518585,55.75149919]]}},{"type":"Feature","properties":{"class":"secondary","oneway":1},"geometry":{"type":"LineString","coordinates":[[37.62518585,55.75149919],[37.62513757,55.75152636]]}},{"type":"Feature","properties":{"class":"secondary","oneway":1},"geometry":{"type":"LineString","coordinates":[[37.62513757,55.75152636],[37.62505174,55.75155353]]}},{"type":"Feature","properties":{"class":"secondary","oneway":1},"geometry":{"type":"LineString","coordinates":[[37.62505174,55.75155353],[37.6248157,55.75159882]]}},{"type":"Feature","properties":{"class":"secondary","oneway":1},"geometry":{"type":"LineString","coordinates":[[37.62526095,55.74979945],[37.62529314,55.74976926]]}},{"type":"Feature","properties":{"class":"secondary","oneway":1},"geometry":{"type":"LineString","coordinates":[[37.62529314,55.74976926],[37.62534678,55.74975115]]}},{"type":"Feature","properties":{"class":"secondary","oneway":1},"geometry":{"type":"LineString","coordinates":[[37.62526095,55.74979945],[37.62530923,55.74983568]]}},{"type":"Feature","properties":{"class":"secondary","oneway":1},"geometry":{"type":"LineString","coordinates":[[37.62412906,55.75152032],[37.62414515,55.7513422]]}},{"type":"Feature","properties":{"class":"secondary","oneway":1},"geometry":{"type":"LineString","coordinates":[[37.62412906,55.74963944],[37.62444019,55.74966661]]}},{"type":"Feature","properties":{"class":"secondary","oneway":1},"geometry":{"type":"LineString","coordinates":[[37.62444019,55.74966661],[37.62477815,55.74969982]]}},{"type":"Feature","properties":{"class":"secondary","oneway":1},"geometry":{"type":"LineString","coordinates":[[37.6248157,55.75159882],[37.62450993,55.75165316]]}},{"type":"Feature","properties":{"class":"secondary","oneway":1},"geometry":{"type":"LineString","coordinates":[[37.62450993,55.75165316],[37.62437046,55.75164712]]}},{"type":"Feature","properties":{"class":"secondary","oneway":1},"geometry":{"type":"LineString","coordinates":[[37.62437046,55.75164712],[37.62430608,55.75163202]]}},{"type":"Feature","properties":{"class":"secondary","oneway":1},"geometry":{"type":"LineString","coordinates":[[37.62430608,55.75163202],[37.62424707,55.75160787]]}},{"type":"Feature","properties":{"class":"secondary","oneway":1},"geometry":{"type":"LineString","coordinates":[[37.62424707,55.75160787],[37.62412906,55.75152032]]}},{"type":"Feature","properties":{"class":"secondary","oneway":1},"geometry":{"type":"LineString","coordinates":[[37.62528241,55.75051196],[37.62527168,55.75111275]]}},{"type":"Feature","properties":{"class":"secondary","oneway":1},"geometry":{"type":"LineString","coordinates":[[37.62401104,55.74842572],[37.62426853,55.74841666]]}},{"type":"Feature","properties":{"class":"secondary","oneway":1},"geometry":{"type":"LineString","coordinates":[[37.62467623,55.74841968],[37.62490153,55.74844082]]}},{"type":"Feature","properties":{"class":"secondary","oneway":1},"geometry":{"type":"LineString","coordinates":[[37.62670934,55.74870651],[37.62559354,55.74862801]]}},{"type":"Feature","properties":{"class":"secondary","oneway":1},"geometry":{"type":"LineString","coordinates":[[37.62559354,55.74862801],[37.62540042,55.74860084]]}},{"type":"Feature","properties":{"class":"secondary","oneway":1},"geometry":{"type":"LineString","coordinates":[[37.62540042,55.74860084],[37.62519121,55.74855253]]}},{"type":"Feature","properties":{"class":"secondary","oneway":1},"geometry":{"type":"LineString","coordinates":[[37.62060463,55.7482657],[37.6193279,55.74811172]]}},{"type":"Feature","properties":{"class":"secondary","oneway":1},"geometry":{"type":"LineString","coordinates":[[37.6193279,55.74811172],[37.61893094,55.74805133]]}},{"type":"Feature","properties":{"class":"secondary","oneway":1},"geometry":{"type":"LineString","coordinates":[[37.62534678,55.74975115],[37.62579203,55.74977832]]}},{"type":"Feature","properties":{"class":"secondary","oneway":1},"geometry":{"type":"LineString","coordinates":[[37.62579203,55.74977832],[37.62654841,55.74981153]]}},{"type":"Feature","properties":{"class":"secondary","oneway":1},"geometry":{"type":"LineString","coordinates":[[37.62654841,55.74981153],[37.62719214,55.74982059]]}},{"type":"Feature","properties":{"class":"secondary","oneway":1},"geometry":{"type":"LineString","coordinates":[[37.62719214,55.74982059],[37.62785196,55.74981153]]}},{"type":"Feature","properties":{"class":"secondary","oneway":1},"geometry":{"type":"LineString","coordinates":[[37.62785196,55.74981153],[37.62829721,55.74979643]]}},{"type":"Feature","properties":{"class":"secondary","oneway":1},"geometry":{"type":"LineString","coordinates":[[37.62829721,55.74979643],[37.62916625,55.74973907]]}},{"type":"Feature","properties":{"class":"secondary","oneway":1},"geometry":{"type":"LineString","coordinates":[[37.6234585,55.75133616],[37.62349606,55.7514056]]}},{"type":"Feature","properties":{"class":"secondary","oneway":1},"geometry":{"type":"LineString","coordinates":[[37.62349606,55.7514056],[37.62356579,55.75146296]]}},{"type":"Feature","properties":{"class":"secondary","oneway":1},"geometry":{"type":"LineString","coordinates":[[37.62356579,55.75146296],[37.62365699,55.75150523]]}},{"type":"Feature","properties":{"class":"secondary","oneway":1},"geometry":{"type":"LineString","coordinates":[[37.62365699,55.75150523],[37.62374282,55.7515324]]}},{"type":"Feature","properties":{"class":"secondary","oneway":1},"geometry":{"type":"LineString","coordinates":[[37.62374282,55.7515324],[37.62385011,55.75154145]]}},{"type":"Feature","properties":{"class":"secondary","oneway":1},"geometry":{"type":"LineString","coordinates":[[37.62385011,55.75154145],[37.62391984,55.75153844]]}},{"type":"Feature","properties":{"class":"secondary","oneway":1},"geometry":{"type":"LineString","coordinates":[[37.62391984,55.75153844],[37.62398958,55.75152334]]}},{"type":"Feature","properties":{"class":"secondary","oneway":1},"geometry":{"type":"LineString","coordinates":[[37.62398958,55.75152334],[37.62402177,55.75151428]]}},{"type":"Feature","properties":{"class":"secondary","oneway":1},"geometry":{"type":"LineString","coordinates":[[37.62402177,55.75151428],[37.62405396,55.75149315]]}},{"type":"Feature","properties":{"class":"secondary","oneway":1},"geometry":{"type":"LineString","coordinates":[[37.62405396,55.75149315],[37.62414515,55.7513422]]}},{"type":"Feature","properties":{"class":"secondary","oneway":1},"geometry":{"type":"LineString","coordinates":[[37.62522876,55.74849818],[37.62543261,55.74854951]]}},{"type":"Feature","properties":{"class":"secondary","oneway":1},"geometry":{"type":"LineString","coordinates":[[37.62543261,55.74854951],[37.62552381,55.74856461]]}},{"type":"Feature","properties":{"class":"secondary","oneway":1},"geometry":{"type":"LineString","coordinates":[[37.62552381,55.74856461],[37.62669325,55.74864311]]}},{"type":"Feature","properties":{"class":"secondary","oneway":1},"geometry":{"type":"LineString","coordinates":[[37.62958467,55.7497119],[37.62968123,55.74970586]]}},{"type":"Feature","properties":{"class":"secondary","oneway":1},"geometry":{"type":"LineString","coordinates":[[37.62968123,55.74970586],[37.63133883,55.74959113]]}},{"type":"Feature","properties":{"class":"secondary","oneway":1},"geometry":{"type":"LineString","coordinates":[[37.63133883,55.74959113],[37.63192356,55.74954282]]}},{"type":"Feature","properties":{"class":"secondary","oneway":1},"geometry":{"type":"LineString","coordinates":[[37.63192356,55.74954282],[37.63257265,55.74946735]]}},{"type":"Feature","properties":{"class":"secondary","oneway":1},"geometry":{"type":"LineString","coordinates":[[37.62926817,55.74973303],[37.62958467,55.7497119]]}},{"type":"Feature","properties":{"class":"secondary","oneway":1},"geometry":{"type":"LineString","coordinates":[[37.62916625,55.74973907],[37.62926817,55.74973303]]}},{"type":"Feature","properties":{"class":"secondary","oneway":1},"geometry":{"type":"LineString","coordinates":[[37.62436509,55.74974813],[37.62416661,55.74974511]]}},{"type":"Feature","properties":{"class":"secondary","oneway":1},"geometry":{"type":"LineString","coordinates":[[37.62416661,55.74974511],[37.62411833,55.74975115]]}},{"type":"Feature","properties":{"class":"secondary","oneway":1},"geometry":{"type":"LineString","coordinates":[[37.62426853,55.74841666],[37.62441874,55.74841364]]}},{"type":"Feature","properties":{"class":"secondary","oneway":1},"geometry":{"type":"LineString","coordinates":[[37.62441874,55.74841364],[37.62467623,55.74841968]]}},{"type":"Feature","properties":{"class":"secondary","oneway":1},"geometry":{"type":"LineString","coordinates":[[37.62490153,55.74844082],[37.62506247,55.74846195]]}},{"type":"Feature","properties":{"class":"secondary","oneway":1},"geometry":{"type":"LineString","coordinates":[[37.62506247,55.74846195],[37.62522876,55.74849818]]}},{"type":"Feature","properties":{"class":"secondary","oneway":1},"geometry":{"type":"LineString","coordinates":[[37.6248908,55.74850724],[37.62477279,55.74849516]]}},{"type":"Feature","properties":{"class":"secondary","oneway":1},"geometry":{"type":"LineString","coordinates":[[37.62477279,55.74849516],[37.62443483,55.74848309]]}},{"type":"Feature","properties":{"class":"secondary","oneway":1},"geometry":{"type":"LineString","coordinates":[[37.62443483,55.74848309],[37.6242578,55.74848309]]}},{"type":"Feature","properties":{"class":"secondary","oneway":1},"geometry":{"type":"LineString","coordinates":[[37.62519121,55.74855253],[37.62501955,55.74851932]]}},{"type":"Feature","properties":{"class":"secondary","oneway":1},"geometry":{"type":"LineString","coordinates":[[37.62501955,55.74851932],[37.6248908,55.74850724]]}},{"type":"Feature","properties":{"class":"primary","oneway":1},"geometry":{"type":"LineString","coordinates":[[37.62412369,55.74972397],[37.62380719,55.74968171]]}},{"type":"Feature","properties":{"class":"primary","oneway":1},"geometry":{"type":"LineString","coordinates":[[37.62380719,55.74968171],[37.62310445,55.74960019]]}},{"type":"Feature","properties":{"class":"primary","oneway":1},"geometry":{"type":"LineString","coordinates":[[37.62310445,55.74960019],[37.62173653,55.74947338]]}},{"type":"Feature","properties":{"class":"primary","oneway":1},"geometry":{"type":"LineString","coordinates":[[37.62173653,55.74947338],[37.62116253,55.74940696]]}},{"type":"Feature","properties":{"class":"primary","oneway":1},"geometry":{"type":"LineString","coordinates":[[37.62116253,55.74940696],[37.61706412,55.74880011]]}},{"type":"Feature","properties":{"class":"primary","oneway":1},"geometry":{"type":"LineString","coordinates":[[37.61706412,55.74880011],[37.61684418,55.74876086]]}},{"type":"Feature","properties":{"class":"primary","oneway":1},"geometry":{"type":"LineString","coordinates":[[37.63250291,55.74956698],[37.63234198,55.74958509]]}},{"type":"Feature","properties":{"class":"primary","oneway":1},"geometry":{"type":"LineString","coordinates":[[37.63234198,55.74958509],[37.63199329,55.74963038]]}},{"type":"Feature","properties":{"class":"primary","oneway":1},"geometry":{"type":"LineString","coordinates":[[37.63199329,55.74963038],[37.62975097,55.74978738]]}},{"type":"Feature","properties":{"class":"primary","oneway":1},"geometry":{"type":"LineString","coordinates":[[37.62523413,55.74982964],[37.62476742,55.74978738]]}},{"type":"Feature","properties":{"class":"primary","oneway":1},"geometry":{"type":"LineString","coordinates":[[37.62718678,55.74991116],[37.62654305,55.7499021]]}},{"type":"Feature","properties":{"class":"primary","oneway":1},"geometry":{"type":"LineString","coordinates":[[37.62654305,55.7499021],[37.62586176,55.74987795]]}},{"type":"Feature","properties":{"class":"primary","oneway":1},"geometry":{"type":"LineString","coordinates":[[37.62586176,55.74987795],[37.62530923,55.74983568]]}},{"type":"Feature","properties":{"class":"primary","oneway":1},"geometry":{"type":"LineString","coordinates":[[37.6326102,55.75057234],[37.63256729,55.75044554]]}},{"type":"Feature","properties":{"class":"primary","oneway":1},"geometry":{"type":"LineString","coordinates":[[37.63256729,55.75044554],[37.63247073,55.75032478]]}},{"type":"Feature","properties":{"class":"primary","oneway":1},"geometry":{"type":"LineString","coordinates":[[37.63247073,55.75032478],[37.63241708,55.75022213]]}},{"type":"Feature","properties":{"class":"primary","oneway":1},"geometry":{"type":"LineString","coordinates":[[37.63241708,55.75022213],[37.63221323,55.74969982]]}},{"type":"Feature","properties":{"class":"primary","oneway":1},"geometry":{"type":"LineString","coordinates":[[37.63221323,55.74969982],[37.63218105,55.74966963]]}},{"type":"Feature","properties":{"class":"primary","oneway":1},"geometry":{"type":"LineString","coordinates":[[37.63218105,55.74966963],[37.63211131,55.74963944]]}},{"type":"Feature","properties":{"class":"primary","oneway":1},"geometry":{"type":"LineString","coordinates":[[37.63211131,55.74963944],[37.63199329,55.74963038]]}},{"type":"Feature","properties":{"class":"primary","oneway":1},"geometry":{"type":"LineString","coordinates":[[37.63256729,55.75044554],[37.63258338,55.75030364]]}},{"type":"Feature","properties":{"class":"primary","oneway":1},"geometry":{"type":"LineString","coordinates":[[37.63258338,55.75030364],[37.63257265,55.75025232]]}},{"type":"Feature","properties":{"class":"primary","oneway":1},"geometry":{"type":"LineString","coordinates":[[37.63257265,55.75025232],[37.6323688,55.74968171]]}},{"type":"Feature","properties":{"class":"primary","oneway":1},"geometry":{"type":"LineString","coordinates":[[37.6323688,55.74968171],[37.63234198,55.74958509]]}},{"type":"Feature","properties":{"class":"primary","oneway":1},"geometry":{"type":"LineString","coordinates":[[37.63234198,55.74958509],[37.63234735,55.7495549]]}},{"type":"Feature","properties":{"class":"primary","oneway":1},"geometry":{"type":"LineString","coordinates":[[37.63234735,55.7495549],[37.63237417,55.74951867]]}},{"type":"Feature","properties":{"class":"primary","oneway":1},"geometry":{"type":"LineString","coordinates":[[37.63237417,55.74951867],[37.63257265,55.74946735]]}},{"type":"Feature","properties":{"class":"primary","oneway":1},"geometry":{"type":"LineString","coordinates":[[37.63273895,55.75094067],[37.6326102,55.75057234]]}},{"type":"Feature","properties":{"class":"primary","oneway":1},"geometry":{"type":"LineString","coordinates":[[37.62530923,55.74983568],[37.62523413,55.74982964]]}},{"type":"Feature","properties":{"class":"primary","oneway":1},"geometry":{"type":"LineString","coordinates":[[37.62436509,55.74974813],[37.62412369,55.74972397]]}},{"type":"Feature","properties":{"class":"primary","oneway":1},"geometry":{"type":"LineString","coordinates":[[37.62476742,55.74978738],[37.62436509,55.74974813]]}},{"type":"Feature","properties":{"class":"primary","oneway":1},"geometry":{"type":"LineString","coordinates":[[37.63294816,55.75158674],[37.63273895,55.75094067]]}},{"type":"Feature","properties":{"class":"primary","oneway":1},"geometry":{"type":"LineString","coordinates":[[37.62912869,55.74982964],[37.62830257,55.74988399]]}},{"type":"Feature","properties":{"class":"primary","oneway":1},"geometry":{"type":"LineString","coordinates":[[37.62830257,55.74988399],[37.62786269,55.74989908]]}},{"type":"Feature","properties":{"class":"primary","oneway":1},"geometry":{"type":"LineString","coordinates":[[37.62786269,55.74989908],[37.62718678,55.74991116]]}},{"type":"Feature","properties":{"class":"primary","oneway":1},"geometry":{"type":"LineString","coordinates":[[37.62923062,55.74982361],[37.62912869,55.74982964]]}},{"type":"Feature","properties":{"class":"primary","oneway":1},"geometry":{"type":"LineString","coordinates":[[37.62964904,55.74979341],[37.62923062,55.74982361]]}},{"type":"Feature","properties":{"class":"primary","oneway":1},"geometry":{"type":"LineString","coordinates":[[37.62975097,55.74978738],[37.62964904,55.74979341]]}}]}